Age,Sex,Education,Income,BMI,GenHlth,Diabetes_012,count,noisy_count,noise_added,percent_error
Adult,0,1,4,Overweight-Range,Poor,0,4,4,0,0.0
Adult,0,1,4,Overweight-Range,Poor,2,1,0,-1,100.0
Adult,0,2,1,Normal,Fair,0,3,3,0,0.0
Adult,0,2,1,Normal,Fair,2,2,2,0,0.0
Adult,0,2,1,Normal,Poor,0,16,13,-3,18.75
Adult,0,2,1,Normal,Poor,1,1,1,0,0.0
Adult,0,2,1,Normal,Poor,2,3,3,0,0.0
Adult,0,2,1,Obese,Fair,0,10,11,1,10.0
Adult,0,2,1,Obese,Fair,1,1,0,-1,100.0
Adult,0,2,1,Obese,Fair,2,3,3,0,0.0
Adult,0,2,1,Obese,Good,0,4,6,2,50.0
Adult,0,2,1,Obese,Good,2,3,3,0,0.0
Adult,0,2,1,Obese,Poor,0,20,19,-1,5.0
Adult,0,2,1,Obese,Poor,1,2,3,1,50.0
Adult,0,2,1,Obese,Poor,2,15,15,0,0.0
Adult,0,2,1,Overweight,Fair,0,9,8,-1,11.11
Adult,0,2,1,Overweight,Fair,1,1,1,0,0.0
Adult,0,2,1,Overweight,Fair,2,1,1,0,0.0
Adult,0,2,1,Overweight,Poor,0,12,11,-1,8.33
Adult,0,2,1,Overweight,Poor,1,3,3,0,0.0
Adult,0,2,1,Overweight,Poor,2,7,7,0,0.0
Adult,0,2,2,Normal,Poor,0,8,8,0,0.0
Adult,0,2,2,Normal,Poor,2,1,1,0,0.0
Adult,0,2,2,Obese,Fair,0,10,10,0,0.0
Adult,0,2,2,Obese,Fair,2,1,1,0,0.0
Adult,0,2,2,Obese,Poor,0,16,14,-2,12.5
Adult,0,2,2,Obese,Poor,1,3,3,0,0.0
Adult,0,2,2,Obese,Poor,2,11,11,0,0.0
Adult,0,2,2,Overweight,Fair,0,12,15,3,25.0
Adult,0,2,2,Overweight,Fair,2,1,2,1,100.0
Adult,0,2,2,Overweight,Poor,0,12,13,1,8.33
Adult,0,2,2,Overweight,Poor,2,3,0,-3,100.0
Adult,0,2,2,Overweight-Range,Good,0,6,7,1,16.67
Adult,0,2,2,Overweight-Range,Good,2,1,2,1,100.0
Adult,0,2,3,Normal,Fair,0,5,4,-1,20.0
Adult,0,2,3,Normal,Fair,2,1,1,0,0.0
Adult,0,2,3,Normal,Poor,0,6,6,0,0.0
Adult,0,2,3,Normal,Poor,1,1,1,0,0.0
Adult,0,2,3,Normal,Poor,2,1,2,1,100.0
Adult,0,2,3,Obese,Fair,0,14,13,-1,7.14
Adult,0,2,3,Obese,Fair,2,5,3,-2,40.0
Adult,0,2,3,Obese,Good,0,8,8,0,0.0
Adult,0,2,3,Obese,Good,1,1,1,0,0.0
Adult,0,2,3,Obese,Poor,0,22,20,-2,9.09
Adult,0,2,3,Obese,Poor,1,2,4,2,100.0
Adult,0,2,3,Obese,Poor,2,12,13,1,8.33
Adult,0,2,3,Overweight,Fair,0,13,13,0,0.0
Adult,0,2,3,Overweight,Fair,1,1,1,0,0.0
Adult,0,2,3,Overweight,Good,0,8,7,-1,12.5
Adult,0,2,3,Overweight,Poor,0,9,8,-1,11.11
Adult,0,2,3,Overweight,Poor,1,1,3,2,200.0
Adult,0,2,3,Overweight,Poor,2,4,4,0,0.0
Adult,0,2,4,Normal,Fair,0,6,9,3,50.0
Adult,0,2,4,Normal,Good,0,5,5,0,0.0
Adult,0,2,4,Normal,Poor,0,3,3,0,0.0
Adult,0,2,4,Normal,Poor,1,2,3,1,50.0
Adult,0,2,4,Obese,Fair,0,13,12,-1,7.69
Adult,0,2,4,Obese,Fair,2,1,1,0,0.0
Adult,0,2,4,Obese,Good,0,6,4,-2,33.33
Adult,0,2,4,Obese,Good,1,1,1,0,0.0
Adult,0,2,4,Obese,Good,2,1,3,2,200.0
Adult,0,2,4,Obese,Poor,0,14,13,-1,7.14
Adult,0,2,4,Obese,Poor,1,2,2,0,0.0
Adult,0,2,4,Obese,Poor,2,4,4,0,0.0
Adult,0,2,4,Overweight,Fair,0,6,6,0,0.0
Adult,0,2,4,Overweight,Fair,2,1,0,-1,100.0
Adult,0,2,4,Overweight,Good,0,6,8,2,33.33
Adult,0,2,4,Overweight,Poor,0,7,11,4,57.14
Adult,0,2,4,Overweight,Poor,1,1,1,0,0.0
Adult,0,2,5,Any,Good,0,4,3,-1,25.0
Adult,0,2,5,Any,Good,1,1,1,0,0.0
Adult,0,2,5,Normal,Fair,0,5,3,-2,40.0
Adult,0,2,5,Obese,Fair,0,10,10,0,0.0
Adult,0,2,5,Obese,Fair,1,1,2,1,100.0
Adult,0,2,5,Obese,Good,0,4,4,0,0.0
Adult,0,2,5,Obese,Good,2,1,1,0,0.0
Adult,0,2,5,Obese,Poor,0,6,6,0,0.0
Adult,0,2,5,Obese,Poor,1,2,0,-2,100.0
Adult,0,2,5,Obese,Poor,2,7,7,0,0.0
Adult,0,2,5,Overweight,Fair,0,12,11,-1,8.33
Adult,0,2,5,Overweight,Poor,0,5,5,0,0.0
Adult,0,2,5,Overweight,Poor,1,1,2,1,100.0
Adult,0,2,5,Overweight,Poor,2,4,8,4,100.0
Adult,0,2,6,Any,Poor,0,6,5,-1,16.67
Adult,0,2,6,Normal,Fair,0,7,8,1,14.29
Adult,0,2,6,Obese,Fair,0,7,7,0,0.0
Adult,0,2,6,Obese,Fair,2,1,1,0,0.0
Adult,0,2,6,Obese,Poor,0,3,3,0,0.0
Adult,0,2,6,Obese,Poor,1,2,2,0,0.0
Adult,0,2,6,Obese,Poor,2,2,2,0,0.0
Adult,0,2,6,Overweight,Fair,0,9,9,0,0.0
Adult,0,2,6,Overweight-Range,Good,0,5,4,-1,20.0
Adult,0,2,7,Any,Fair,0,6,6,0,0.0
Adult,0,2,7,Overweight,Good,0,4,6,2,50.0
Adult,0,2,7,Overweight,Good,2,1,0,-1,100.0
Adult,0,2,8,Overweight-Range,Good,0,5,5,0,0.0
Adult,0,3,1,Normal,Fair,0,11,11,0,0.0
Adult,0,3,1,Normal,Fair,2,1,1,0,0.0
Adult,0,3,1,Normal,Good,0,9,9,0,0.0
Adult,0,3,1,Normal,Good,1,1,2,1,100.0
Adult,0,3,1,Normal,Good,2,2,2,0,0.0
Adult,0,3,1,Normal,Poor,0,24,24,0,0.0
Adult,0,3,1,Normal,Poor,1,2,2,0,0.0
Adult,0,3,1,Normal,Poor,2,2,3,1,50.0
Adult,0,3,1,Obese,Fair,0,23,23,0,0.0
Adult,0,3,1,Obese,Fair,1,1,0,-1,100.0
Adult,0,3,1,Obese,Fair,2,5,5,0,0.0
Adult,0,3,1,Obese,Good,0,12,10,-2,16.67
Adult,0,3,1,Obese,Good,1,1,1,0,0.0
Adult,0,3,1,Obese,Good,2,2,1,-1,50.0
Adult,0,3,1,Obese,Poor,0,57,57,0,0.0
Adult,0,3,1,Obese,Poor,1,5,5,0,0.0
Adult,0,3,1,Obese,Poor,2,51,51,0,0.0
Adult,0,3,1,Overweight,Fair,0,28,26,-2,7.14
Adult,0,3,1,Overweight,Fair,2,3,2,-1,33.33
Adult,0,3,1,Overweight,Good,0,6,7,1,16.67
Adult,0,3,1,Overweight,Good,2,1,2,1,100.0
Adult,0,3,1,Overweight,Poor,0,36,36,0,0.0
Adult,0,3,1,Overweight,Poor,1,4,7,3,75.0
Adult,0,3,1,Overweight,Poor,2,9,9,0,0.0
Adult,0,3,1,Underweight,Poor,0,6,6,0,0.0
Adult,0,3,2,Normal,Fair,0,10,9,-1,10.0
Adult,0,3,2,Normal,Good,0,7,6,-1,14.29
Adult,0,3,2,Normal,Poor,0,8,9,1,12.5
Adult,0,3,2,Normal,Poor,1,1,0,-1,100.0
Adult,0,3,2,Obese,Fair,0,32,33,1,3.12
Adult,0,3,2,Obese,Fair,2,7,7,0,0.0
Adult,0,3,2,Obese,Good,0,11,11,0,0.0
Adult,0,3,2,Obese,Good,2,2,3,1,50.0
Adult,0,3,2,Obese,Poor,0,32,32,0,0.0
Adult,0,3,2,Obese,Poor,1,5,5,0,0.0
Adult,0,3,2,Obese,Poor,2,24,25,1,4.17
Adult,0,3,2,Overweight,Fair,0,16,17,1,6.25
Adult,0,3,2,Overweight,Fair,2,3,8,5,166.67
Adult,0,3,2,Overweight,Good,0,7,7,0,0.0
Adult,0,3,2,Overweight,Good,2,1,1,0,0.0
Adult,0,3,2,Overweight,Poor,0,21,22,1,4.76
Adult,0,3,2,Overweight,Poor,1,1,0,-1,100.0
Adult,0,3,2,Overweight,Poor,2,3,1,-2,66.67
Adult,0,3,3,Normal,Fair,0,11,10,-1,9.09
Adult,0,3,3,Normal,Fair,2,1,1,0,0.0
Adult,0,3,3,Normal,Good,0,8,8,0,0.0
Adult,0,3,3,Normal,Poor,0,15,15,0,0.0
Adult,0,3,3,Normal,Poor,1,1,3,2,200.0
Adult,0,3,3,Normal,Poor,2,1,0,-1,100.0
Adult,0,3,3,Obese,Fair,0,38,40,2,5.26
Adult,0,3,3,Obese,Fair,1,2,2,0,0.0
Adult,0,3,3,Obese,Fair,2,8,9,1,12.5
Adult,0,3,3,Obese,Good,0,11,12,1,9.09
Adult,0,3,3,Obese,Good,1,1,1,0,0.0
Adult,0,3,3,Obese,Good,2,1,1,0,0.0
Adult,0,3,3,Obese,Poor,0,31,31,0,0.0
Adult,0,3,3,Obese,Poor,1,2,3,1,50.0
Adult,0,3,3,Obese,Poor,2,25,23,-2,8.0
Adult,0,3,3,Overweight,Fair,0,27,30,3,11.11
Adult,0,3,3,Overweight,Fair,1,1,1,0,0.0
Adult,0,3,3,Overweight,Fair,2,2,1,-1,50.0
Adult,0,3,3,Overweight,Good,0,18,18,0,0.0
Adult,0,3,3,Overweight,Poor,0,18,21,3,16.67
Adult,0,3,3,Overweight,Poor,1,2,1,-1,50.0
Adult,0,3,3,Overweight,Poor,2,8,8,0,0.0
Adult,0,3,4,Normal,Fair,0,15,16,1,6.67
Adult,0,3,4,Normal,Fair,2,1,0,-1,100.0
Adult,0,3,4,Normal,Good,0,10,10,0,0.0
Adult,0,3,4,Normal,Poor,0,10,9,-1,10.0
Adult,0,3,4,Normal,Poor,1,1,1,0,0.0
Adult,0,3,4,Normal,Poor,2,1,2,1,100.0
Adult,0,3,4,Obese,Fair,0,27,27,0,0.0
Adult,0,3,4,Obese,Fair,1,2,1,-1,50.0
Adult,0,3,4,Obese,Fair,2,12,11,-1,8.33
Adult,0,3,4,Obese,Good,0,17,17,0,0.0
Adult,0,3,4,Obese,Good,2,3,3,0,0.0
Adult,0,3,4,Obese,Poor,0,24,24,0,0.0
Adult,0,3,4,Obese,Poor,1,2,2,0,0.0
Adult,0,3,4,Obese,Poor,2,16,16,0,0.0
Adult,0,3,4,Overweight,Fair,0,16,16,0,0.0
Adult,0,3,4,Overweight,Good,0,11,11,0,0.0
Adult,0,3,4,Overweight,Poor,0,23,23,0,0.0
Adult,0,3,4,Overweight,Poor,1,1,1,0,0.0
Adult,0,3,4,Overweight,Poor,2,4,3,-1,25.0
Adult,0,3,5,Normal,Fair,0,16,16,0,0.0
Adult,0,3,5,Normal,Fair,1,1,2,1,100.0
Adult,0,3,5,Normal,Fair,2,1,1,0,0.0
Adult,0,3,5,Normal,Good,0,9,11,2,22.22
Adult,0,3,5,Normal,Poor,0,8,7,-1,12.5
Adult,0,3,5,Normal,Poor,2,2,1,-1,50.0
Adult,0,3,5,Obese,Fair,0,27,27,0,0.0
Adult,0,3,5,Obese,Fair,1,3,2,-1,33.33
Adult,0,3,5,Obese,Fair,2,7,4,-3,42.86
Adult,0,3,5,Obese,Good,0,16,15,-1,6.25
Adult,0,3,5,Obese,Poor,0,14,16,2,14.29
Adult,0,3,5,Obese,Poor,1,5,4,-1,20.0
Adult,0,3,5,Obese,Poor,2,10,10,0,0.0
Adult,0,3,5,Overweight,Fair,0,12,11,-1,8.33
Adult,0,3,5,Overweight,Fair,1,1,0,-1,100.0
Adult,0,3,5,Overweight,Fair,2,3,0,-3,100.0
Adult,0,3,5,Overweight,Good,0,17,19,2,11.76
Adult,0,3,5,Overweight,Poor,0,11,10,-1,9.09
Adult,0,3,5,Overweight,Poor,1,1,1,0,0.0
Adult,0,3,5,Overweight,Poor,2,5,6,1,20.0
Adult,0,3,6,Normal,Fair,0,10,10,0,0.0
Adult,0,3,6,Normal,Good,0,8,8,0,0.0
Adult,0,3,6,Normal,Poor,0,5,6,1,20.0
Adult,0,3,6,Normal,Poor,2,1,0,-1,100.0
Adult,0,3,6,Obese,Fair,0,13,12,-1,7.69
Adult,0,3,6,Obese,Fair,1,1,0,-1,100.0
Adult,0,3,6,Obese,Fair,2,3,2,-1,33.33
Adult,0,3,6,Obese,Good,0,11,11,0,0.0
Adult,0,3,6,Obese,Poor,0,10,13,3,30.0
Adult,0,3,6,Obese,Poor,1,2,0,-2,100.0
Adult,0,3,6,Obese,Poor,2,9,9,0,0.0
Adult,0,3,6,Overweight,Fair,0,12,12,0,0.0
Adult,0,3,6,Overweight,Fair,1,1,0,-1,100.0
Adult,0,3,6,Overweight,Good,0,13,11,-2,15.38
Adult,0,3,6,Overweight,Poor,0,3,2,-1,33.33
Adult,0,3,6,Overweight,Poor,2,2,3,1,50.0
Adult,0,3,7,Normal,Fair,0,7,7,0,0.0
Adult,0,3,7,Normal,Good,0,5,5,0,0.0
Adult,0,3,7,Normal,Poor,0,5,4,-1,20.0
Adult,0,3,7,Normal,Poor,2,1,1,0,0.0
Adult,0,3,7,Obese,Fair,0,12,11,-1,8.33
Adult,0,3,7,Obese,Fair,2,1,2,1,100.0
Adult,0,3,7,Obese,Good,0,8,8,0,0.0
Adult,0,3,7,Obese,Poor,0,9,9,0,0.0
Adult,0,3,7,Obese,Poor,1,2,1,-1,50.0
Adult,0,3,7,Obese,Poor,2,3,3,0,0.0
Adult,0,3,7,Overweight,Fair,0,11,11,0,0.0
Adult,0,3,7,Overweight,Fair,2,1,1,0,0.0
Adult,0,3,7,Overweight,Good,0,9,10,1,11.11
Adult,0,3,7,Overweight,Good,2,1,1,0,0.0
Adult,0,3,7,Overweight,Poor,0,9,10,1,11.11
Adult,0,3,8,Normal,Fair,0,7,5,-2,28.57
Adult,0,3,8,Normal,Good,0,10,10,0,0.0
Adult,0,3,8,Obese,Fair,0,9,9,0,0.0
Adult,0,3,8,Obese,Good,0,8,8,0,0.0
Adult,0,3,8,Obese,Good,1,1,0,-1,100.0
Adult,0,3,8,Obese,Good,2,1,1,0,0.0
Adult,0,3,8,Overweight,Fair,0,6,9,3,50.0
Adult,0,3,8,Overweight,Fair,2,1,0,-1,100.0
Adult,0,3,8,Overweight,Good,0,11,10,-1,9.09
Adult,0,3,8,Overweight,Good,2,1,0,-1,100.0
Adult,0,3,8,Overweight-Range,Poor,0,7,6,-1,14.29
Adult,0,4,1,Normal,Fair,0,35,35,0,0.0
Adult,0,4,1,Normal,Fair,1,1,0,-1,100.0
Adult,0,4,1,Normal,Fair,2,5,4,-1,20.0
Adult,0,4,1,Normal,Good,0,28,29,1,3.57
Adult,0,4,1,Normal,Good,1,1,1,0,0.0
Adult,0,4,1,Normal,Good,2,1,0,-1,100.0
Adult,0,4,1,Normal,Poor,0,49,49,0,0.0
Adult,0,4,1,Normal,Poor,1,4,4,0,0.0
Adult,0,4,1,Normal,Poor,2,12,12,0,0.0
Adult,0,4,1,Obese,Fair,0,72,71,-1,1.39
Adult,0,4,1,Obese,Fair,1,5,6,1,20.0
Adult,0,4,1,Obese,Fair,2,23,25,2,8.7
Adult,0,4,1,Obese,Good,0,39,37,-2,5.13
Adult,0,4,1,Obese,Good,2,6,6,0,0.0
Adult,0,4,1,Obese,Poor,0,140,140,0,0.0
Adult,0,4,1,Obese,Poor,1,11,12,1,9.09
Adult,0,4,1,Obese,Poor,2,77,77,0,0.0
Adult,0,4,1,Overweight,Fair,0,51,51,0,0.0
Adult,0,4,1,Overweight,Fair,1,2,6,4,200.0
Adult,0,4,1,Overweight,Fair,2,5,7,2,40.0
Adult,0,4,1,Overweight,Good,0,40,39,-1,2.5
Adult,0,4,1,Overweight,Good,1,1,2,1,100.0
Adult,0,4,1,Overweight,Good,2,4,6,2,50.0
Adult,0,4,1,Overweight,Poor,0,76,74,-2,2.63
Adult,0,4,1,Overweight,Poor,1,2,0,-2,100.0
Adult,0,4,1,Overweight,Poor,2,20,21,1,5.0
Adult,0,4,1,Underweight,Fair,0,5,6,1,20.0
Adult,0,4,1,Underweight,Good,0,4,7,3,75.0
Adult,0,4,1,Underweight,Good,2,1,1,0,0.0
Adult,0,4,2,Normal,Fair,0,21,23,2,9.52
Adult,0,4,2,Normal,Fair,1,1,0,-1,100.0
Adult,0,4,2,Normal,Fair,2,1,3,2,200.0
Adult,0,4,2,Normal,Good,0,31,32,1,3.23
Adult,0,4,2,Normal,Good,2,2,2,0,0.0
Adult,0,4,2,Normal,Poor,0,23,24,1,4.35
Adult,0,4,2,Normal,Poor,1,2,2,0,0.0
Adult,0,4,2,Normal,Poor,2,7,8,1,14.29
Adult,0,4,2,Obese,Fair,0,91,91,0,0.0
Adult,0,4,2,Obese,Fair,1,4,4,0,0.0
Adult,0,4,2,Obese,Fair,2,23,24,1,4.35
Adult,0,4,2,Obese,Good,0,41,44,3,7.32
Adult,0,4,2,Obese,Good,2,6,5,-1,16.67
Adult,0,4,2,Obese,Poor,0,109,109,0,0.0
Adult,0,4,2,Obese,Poor,1,5,7,2,40.0
Adult,0,4,2,Obese,Poor,2,80,79,-1,1.25
Adult,0,4,2,Overweight,Fair,0,46,45,-1,2.17
Adult,0,4,2,Overweight,Fair,2,7,7,0,0.0
Adult,0,4,2,Overweight,Good,0,31,30,-1,3.23
Adult,0,4,2,Overweight,Good,1,1,2,1,100.0
Adult,0,4,2,Overweight,Good,2,2,1,-1,50.0
Adult,0,4,2,Overweight,Poor,0,45,47,2,4.44
Adult,0,4,2,Overweight,Poor,1,2,3,1,50.0
Adult,0,4,2,Overweight,Poor,2,17,19,2,11.76
Adult,0,4,2,Underweight,Poor,0,5,7,2,40.0
Adult,0,4,3,Normal,Fair,0,38,40,2,5.26
Adult,0,4,3,Normal,Fair,1,3,4,1,33.33
Adult,0,4,3,Normal,Fair,2,2,4,2,100.0
Adult,0,4,3,Normal,Good,0,41,39,-2,4.88
Adult,0,4,3,Normal,Good,2,2,1,-1,50.0
Adult,0,4,3,Normal,Poor,0,44,47,3,6.82
Adult,0,4,3,Normal,Poor,1,1,1,0,0.0
Adult,0,4,3,Normal,Poor,2,6,7,1,16.67
Adult,0,4,3,Obese,Fair,0,116,118,2,1.72
Adult,0,4,3,Obese,Fair,1,6,6,0,0.0
Adult,0,4,3,Obese,Fair,2,33,34,1,3.03
Adult,0,4,3,Obese,Good,0,84,83,-1,1.19
Adult,0,4,3,Obese,Good,1,2,2,0,0.0
Adult,0,4,3,Obese,Good,2,5,4,-1,20.0
Adult,0,4,3,Obese,Poor,0,109,108,-1,0.92
Adult,0,4,3,Obese,Poor,1,5,5,0,0.0
Adult,0,4,3,Obese,Poor,2,61,62,1,1.64
Adult,0,4,3,Overweight,Fair,0,65,65,0,0.0
Adult,0,4,3,Overweight,Fair,1,2,0,-2,100.0
Adult,0,4,3,Overweight,Fair,2,9,10,1,11.11
Adult,0,4,3,Overweight,Good,0,72,75,3,4.17
Adult,0,4,3,Overweight,Good,1,2,4,2,100.0
Adult,0,4,3,Overweight,Good,2,1,0,-1,100.0
Adult,0,4,3,Overweight,Poor,0,52,53,1,1.92
Adult,0,4,3,Overweight,Poor,2,18,18,0,0.0
Adult,0,4,3,Underweight,Good,0,5,5,0,0.0
Adult,0,4,3,Underweight,Poor,0,5,5,0,0.0
Adult,0,4,4,Normal,Fair,0,59,57,-2,3.39
Adult,0,4,4,Normal,Fair,2,4,5,1,25.0
Adult,0,4,4,Normal,Good,0,76,76,0,0.0
Adult,0,4,4,Normal,Poor,0,27,28,1,3.7
Adult,0,4,4,Normal,Poor,2,3,3,0,0.0
Adult,0,4,4,Obese,Fair,0,119,120,1,0.84
Adult,0,4,4,Obese,Fair,1,4,4,0,0.0
Adult,0,4,4,Obese,Fair,2,34,35,1,2.94
Adult,0,4,4,Obese,Good,0,97,98,1,1.03
Adult,0,4,4,Obese,Good,1,2,0,-2,100.0
Adult,0,4,4,Obese,Good,2,11,12,1,9.09
Adult,0,4,4,Obese,Poor,0,80,79,-1,1.25
Adult,0,4,4,Obese,Poor,1,6,6,0,0.0
Adult,0,4,4,Obese,Poor,2,59,60,1,1.69
Adult,0,4,4,Overweight,Fair,0,88,88,0,0.0
Adult,0,4,4,Overweight,Fair,1,5,5,0,0.0
Adult,0,4,4,Overweight,Fair,2,9,9,0,0.0
Adult,0,4,4,Overweight,Good,0,107,108,1,0.93
Adult,0,4,4,Overweight,Good,2,1,2,1,100.0
Adult,0,4,4,Overweight,Poor,0,51,48,-3,5.88
Adult,0,4,4,Overweight,Poor,1,2,4,2,100.0
Adult,0,4,4,Overweight,Poor,2,26,26,0,0.0
Adult,0,4,4,Underweight,Good,0,5,6,1,20.0
Adult,0,4,4,Underweight,Poor,0,8,10,2,25.0
Adult,0,4,4,Underweight,Poor,2,1,1,0,0.0
Adult,0,4,5,Normal,Fair,0,69,68,-1,1.45
Adult,0,4,5,Normal,Fair,1,1,1,0,0.0
Adult,0,4,5,Normal,Fair,2,1,1,0,0.0
Adult,0,4,5,Normal,Good,0,108,108,0,0.0
Adult,0,4,5,Normal,Good,2,1,2,1,100.0
Adult,0,4,5,Normal,Poor,0,21,19,-2,9.52
Adult,0,4,5,Normal,Poor,1,1,0,-1,100.0
Adult,0,4,5,Normal,Poor,2,5,5,0,0.0
Adult,0,4,5,Obese,Fair,0,151,148,-3,1.99
Adult,0,4,5,Obese,Fair,1,6,10,4,66.67
Adult,0,4,5,Obese,Fair,2,42,41,-1,2.38
Adult,0,4,5,Obese,Good,0,127,130,3,2.36
Adult,0,4,5,Obese,Good,1,2,3,1,50.0
Adult,0,4,5,Obese,Good,2,13,13,0,0.0
Adult,0,4,5,Obese,Poor,0,68,67,-1,1.47
Adult,0,4,5,Obese,Poor,1,4,5,1,25.0
Adult,0,4,5,Obese,Poor,2,39,40,1,2.56
Adult,0,4,5,Overweight,Fair,0,70,70,0,0.0
Adult,0,4,5,Overweight,Fair,1,2,5,3,150.0
Adult,0,4,5,Overweight,Fair,2,8,8,0,0.0
Adult,0,4,5,Overweight,Good,0,130,129,-1,0.77
Adult,0,4,5,Overweight,Good,1,1,1,0,0.0
Adult,0,4,5,Overweight,Good,2,3,4,1,33.33
Adult,0,4,5,Overweight,Poor,0,31,31,0,0.0
Adult,0,4,5,Overweight,Poor,1,2,2,0,0.0
Adult,0,4,5,Overweight,Poor,2,7,7,0,0.0
Adult,0,4,6,Normal,Fair,0,77,78,1,1.3
Adult,0,4,6,Normal,Good,0,150,148,-2,1.33
Adult,0,4,6,Normal,Good,1,2,4,2,100.0
Adult,0,4,6,Normal,Good,2,2,2,0,0.0
Adult,0,4,6,Normal,Poor,0,28,29,1,3.57
Adult,0,4,6,Normal,Poor,1,2,0,-2,100.0
Adult,0,4,6,Normal,Poor,2,6,6,0,0.0
Adult,0,4,6,Obese,Fair,0,174,168,-6,3.45
Adult,0,4,6,Obese,Fair,1,3,5,2,66.67
Adult,0,4,6,Obese,Fair,2,28,28,0,0.0
Adult,0,4,6,Obese,Good,0,174,174,0,0.0
Adult,0,4,6,Obese,Good,1,5,4,-1,20.0
Adult,0,4,6,Obese,Good,2,15,17,2,13.33
Adult,0,4,6,Obese,Poor,0,84,86,2,2.38
Adult,0,4,6,Obese,Poor,1,5,5,0,0.0
Adult,0,4,6,Obese,Poor,2,35,36,1,2.86
Adult,0,4,6,Overweight,Fair,0,111,110,-1,0.9
Adult,0,4,6,Overweight,Fair,1,2,2,0,0.0
Adult,0,4,6,Overweight,Fair,2,16,16,0,0.0
Adult,0,4,6,Overweight,Good,0,181,179,-2,1.1
Adult,0,4,6,Overweight,Good,1,1,0,-1,100.0
Adult,0,4,6,Overweight,Good,2,5,6,1,20.0
Adult,0,4,6,Overweight,Poor,0,35,36,1,2.86
Adult,0,4,6,Overweight,Poor,1,1,1,0,0.0
Adult,0,4,6,Overweight,Poor,2,7,8,1,14.29
Adult,0,4,6,Underweight,Fair,0,6,7,1,16.67
Adult,0,4,6,Underweight,Good,0,12,12,0,0.0
Adult,0,4,7,Normal,Fair,0,73,73,0,0.0
Adult,0,4,7,Normal,Fair,2,1,1,0,0.0
Adult,0,4,7,Normal,Good,0,193,191,-2,1.04
Adult,0,4,7,Normal,Good,1,1,1,0,0.0
Adult,0,4,7,Normal,Poor,0,27,26,-1,3.7
Adult,0,4,7,Normal,Poor,1,1,1,0,0.0
Adult,0,4,7,Normal,Poor,2,2,2,0,0.0
Adult,0,4,7,Obese,Fair,0,169,169,0,0.0
Adult,0,4,7,Obese,Fair,1,4,5,1,25.0
Adult,0,4,7,Obese,Fair,2,32,32,0,0.0
Adult,0,4,7,Obese,Good,0,185,185,0,0.0
Adult,0,4,7,Obese,Good,1,4,6,2,50.0
Adult,0,4,7,Obese,Good,2,14,14,0,0.0
Adult,0,4,7,Obese,Poor,0,63,64,1,1.59
Adult,0,4,7,Obese,Poor,1,3,2,-1,33.33
Adult,0,4,7,Obese,Poor,2,44,45,1,2.27
Adult,0,4,7,Overweight,Fair,0,106,106,0,0.0
Adult,0,4,7,Overweight,Fair,1,3,2,-1,33.33
Adult,0,4,7,Overweight,Fair,2,10,10,0,0.0
Adult,0,4,7,Overweight,Good,0,210,211,1,0.48
Adult,0,4,7,Overweight,Good,1,1,1,0,0.0
Adult,0,4,7,Overweight,Good,2,6,6,0,0.0
Adult,0,4,7,Overweight,Poor,0,31,33,2,6.45
Adult,0,4,7,Overweight,Poor,2,8,3,-5,62.5
Adult,0,4,7,Underweight,Fair,0,4,3,-1,25.0
Adult,0,4,7,Underweight,Fair,1,1,1,0,0.0
Adult,0,4,7,Underweight,Good,0,8,6,-2,25.0
Adult,0,4,8,Normal,Fair,0,97,98,1,1.03
Adult,0,4,8,Normal,Fair,1,1,0,-1,100.0
Adult,0,4,8,Normal,Fair,2,4,4,0,0.0
Adult,0,4,8,Normal,Good,0,354,355,1,0.28
Adult,0,4,8,Normal,Good,1,2,2,0,0.0
Adult,0,4,8,Normal,Good,2,1,1,0,0.0
Adult,0,4,8,Normal,Poor,0,23,23,0,0.0
Adult,0,4,8,Normal,Poor,1,1,0,-1,100.0
Adult,0,4,8,Normal,Poor,2,3,2,-1,33.33
Adult,0,4,8,Obese,Fair,0,184,184,0,0.0
Adult,0,4,8,Obese,Fair,1,4,5,1,25.0
Adult,0,4,8,Obese,Fair,2,31,30,-1,3.23
Adult,0,4,8,Obese,Good,0,235,234,-1,0.43
Adult,0,4,8,Obese,Good,1,4,4,0,0.0
Adult,0,4,8,Obese,Good,2,8,9,1,12.5
Adult,0,4,8,Obese,Poor,0,46,46,0,0.0
Adult,0,4,8,Obese,Poor,1,2,6,4,200.0
Adult,0,4,8,Obese,Poor,2,19,18,-1,5.26
Adult,0,4,8,Overweight,Fair,0,128,129,1,0.78
Adult,0,4,8,Overweight,Fair,2,14,13,-1,7.14
Adult,0,4,8,Overweight,Good,0,343,340,-3,0.87
Adult,0,4,8,Overweight,Good,1,1,1,0,0.0
Adult,0,4,8,Overweight,Good,2,14,14,0,0.0
Adult,0,4,8,Overweight,Poor,0,37,36,-1,2.7
Adult,0,4,8,Overweight,Poor,1,2,1,-1,50.0
Adult,0,4,8,Overweight,Poor,2,8,10,2,25.0
Adult,0,4,8,Underweight,Good,0,15,14,-1,6.67
Adult,0,4,8,Underweight,Poor,0,5,4,-1,20.0
Adult,0,4,8,Underweight,Poor,2,1,4,3,300.0
Adult,0,5,1,Normal,Fair,0,33,33,0,0.0
Adult,0,5,1,Normal,Fair,1,1,1,0,0.0
Adult,0,5,1,Normal,Fair,2,3,2,-1,33.33
Adult,0,5,1,Normal,Good,0,33,34,1,3.03
Adult,0,5,1,Normal,Poor,0,45,45,0,0.0
Adult,0,5,1,Normal,Poor,2,5,5,0,0.0
Adult,0,5,1,Obese,Fair,0,56,57,1,1.79
Adult,0,5,1,Obese,Fair,1,4,3,-1,25.0
Adult,0,5,1,Obese,Fair,2,24,23,-1,4.17
Adult,0,5,1,Obese,Good,0,43,47,4,9.3
Adult,0,5,1,Obese,Good,1,1,7,6,600.0
Adult,0,5,1,Obese,Good,2,5,3,-2,40.0
Adult,0,5,1,Obese,Poor,0,116,120,4,3.45
Adult,0,5,1,Obese,Poor,1,5,4,-1,20.0
Adult,0,5,1,Obese,Poor,2,59,60,1,1.69
Adult,0,5,1,Overweight,Fair,0,47,49,2,4.26
Adult,0,5,1,Overweight,Fair,2,5,5,0,0.0
Adult,0,5,1,Overweight,Good,0,33,34,1,3.03
Adult,0,5,1,Overweight,Good,1,1,0,-1,100.0
Adult,0,5,1,Overweight,Good,2,1,1,0,0.0
Adult,0,5,1,Overweight,Poor,0,42,43,1,2.38
Adult,0,5,1,Overweight,Poor,1,3,2,-1,33.33
Adult,0,5,1,Overweight,Poor,2,21,23,2,9.52
Adult,0,5,1,Underweight,Poor,0,5,4,-1,20.0
Adult,0,5,2,Normal,Fair,0,35,34,-1,2.86
Adult,0,5,2,Normal,Fair,1,1,4,3,300.0
Adult,0,5,2,Normal,Good,0,29,30,1,3.45
Adult,0,5,2,Normal,Poor,0,37,35,-2,5.41
Adult,0,5,2,Normal,Poor,1,2,0,-2,100.0
Adult,0,5,2,Normal,Poor,2,7,6,-1,14.29
Adult,0,5,2,Obese,Fair,0,62,62,0,0.0
Adult,0,5,2,Obese,Fair,1,1,1,0,0.0
Adult,0,5,2,Obese,Fair,2,19,19,0,0.0
Adult,0,5,2,Obese,Good,0,36,36,0,0.0
Adult,0,5,2,Obese,Good,2,4,4,0,0.0
Adult,0,5,2,Obese,Poor,0,98,98,0,0.0
Adult,0,5,2,Obese,Poor,1,2,3,1,50.0
Adult,0,5,2,Obese,Poor,2,66,67,1,1.52
Adult,0,5,2,Overweight,Fair,0,36,39,3,8.33
Adult,0,5,2,Overweight,Fair,2,6,8,2,33.33
Adult,0,5,2,Overweight,Good,0,25,26,1,4.0
Adult,0,5,2,Overweight,Good,2,2,1,-1,50.0
Adult,0,5,2,Overweight,Poor,0,51,51,0,0.0
Adult,0,5,2,Overweight,Poor,1,1,2,1,100.0
Adult,0,5,2,Overweight,Poor,2,12,10,-2,16.67
Adult,0,5,2,Underweight,Fair,0,5,4,-1,20.0
Adult,0,5,3,Normal,Fair,0,41,44,3,7.32
Adult,0,5,3,Normal,Fair,1,1,4,3,300.0
Adult,0,5,3,Normal,Good,0,64,63,-1,1.56
Adult,0,5,3,Normal,Good,1,1,1,0,0.0
Adult,0,5,3,Normal,Good,2,2,2,0,0.0
Adult,0,5,3,Normal,Poor,0,31,30,-1,3.23
Adult,0,5,3,Obese,Fair,0,97,97,0,0.0
Adult,0,5,3,Obese,Fair,1,6,5,-1,16.67
Adult,0,5,3,Obese,Fair,2,33,34,1,3.03
Adult,0,5,3,Obese,Good,0,68,68,0,0.0
Adult,0,5,3,Obese,Good,1,2,3,1,50.0
Adult,0,5,3,Obese,Good,2,7,8,1,14.29
Adult,0,5,3,Obese,Poor,0,99,103,4,4.04
Adult,0,5,3,Obese,Poor,1,4,3,-1,25.0
Adult,0,5,3,Obese,Poor,2,56,56,0,0.0
Adult,0,5,3,Overweight,Fair,0,59,59,0,0.0
Adult,0,5,3,Overweight,Fair,1,1,1,0,0.0
Adult,0,5,3,Overweight,Fair,2,6,6,0,0.0
Adult,0,5,3,Overweight,Good,0,68,70,2,2.94
Adult,0,5,3,Overweight,Good,2,3,3,0,0.0
Adult,0,5,3,Overweight,Poor,0,53,53,0,0.0
Adult,0,5,3,Overweight,Poor,1,2,1,-1,50.0
Adult,0,5,3,Overweight,Poor,2,9,10,1,11.11
Adult,0,5,3,Underweight,Poor,0,6,5,-1,16.67
Adult,0,5,3,Underweight,Poor,2,1,1,0,0.0
Adult,0,5,4,Normal,Fair,0,64,65,1,1.56
Adult,0,5,4,Normal,Fair,1,1,0,-1,100.0
Adult,0,5,4,Normal,Fair,2,3,3,0,0.0
Adult,0,5,4,Normal,Good,0,84,85,1,1.19
Adult,0,5,4,Normal,Good,2,3,2,-1,33.33
Adult,0,5,4,Normal,Poor,0,34,34,0,0.0
Adult,0,5,4,Normal,Poor,1,4,4,0,0.0
Adult,0,5,4,Normal,Poor,2,3,3,0,0.0
Adult,0,5,4,Obese,Fair,0,147,148,1,0.68
Adult,0,5,4,Obese,Fair,1,5,4,-1,20.0
Adult,0,5,4,Obese,Fair,2,21,20,-1,4.76
Adult,0,5,4,Obese,Good,0,99,97,-2,2.02
Adult,0,5,4,Obese,Good,2,10,10,0,0.0
Adult,0,5,4,Obese,Poor,0,101,102,1,0.99
Adult,0,5,4,Obese,Poor,1,5,5,0,0.0
Adult,0,5,4,Obese,Poor,2,65,64,-1,1.54
Adult,0,5,4,Overweight,Fair,0,70,70,0,0.0
Adult,0,5,4,Overweight,Fair,2,10,10,0,0.0
Adult,0,5,4,Overweight,Good,0,99,99,0,0.0
Adult,0,5,4,Overweight,Good,1,1,0,-1,100.0
Adult,0,5,4,Overweight,Good,2,2,0,-2,100.0
Adult,0,5,4,Overweight,Poor,0,40,40,0,0.0
Adult,0,5,4,Overweight,Poor,1,6,10,4,66.67
Adult,0,5,4,Overweight,Poor,2,5,7,2,40.0
Adult,0,5,4,Underweight,Fair,0,6,5,-1,16.67
Adult,0,5,4,Underweight,Good,0,5,6,1,20.0
Adult,0,5,4,Underweight,Good,2,1,1,0,0.0
Adult,0,5,5,Normal,Fair,0,64,65,1,1.56
Adult,0,5,5,Normal,Fair,1,1,0,-1,100.0
Adult,0,5,5,Normal,Fair,2,3,2,-1,33.33
Adult,0,5,5,Normal,Good,0,129,129,0,0.0
Adult,0,5,5,Normal,Good,2,2,4,2,100.0
Adult,0,5,5,Normal,Poor,0,34,34,0,0.0
Adult,0,5,5,Normal,Poor,1,1,4,3,300.0
Adult,0,5,5,Normal,Poor,2,4,5,1,25.0
Adult,0,5,5,Obese,Fair,0,180,180,0,0.0
Adult,0,5,5,Obese,Fair,1,5,5,0,0.0
Adult,0,5,5,Obese,Fair,2,35,34,-1,2.86
Adult,0,5,5,Obese,Good,0,164,165,1,0.61
Adult,0,5,5,Obese,Good,1,3,3,0,0.0
Adult,0,5,5,Obese,Good,2,12,12,0,0.0
Adult,0,5,5,Obese,Poor,0,90,90,0,0.0
Adult,0,5,5,Obese,Poor,1,6,5,-1,16.67
Adult,0,5,5,Obese,Poor,2,55,55,0,0.0
Adult,0,5,5,Overweight,Fair,0,107,107,0,0.0
Adult,0,5,5,Overweight,Fair,1,1,1,0,0.0
Adult,0,5,5,Overweight,Fair,2,5,7,2,40.0
Adult,0,5,5,Overweight,Good,0,158,158,0,0.0
Adult,0,5,5,Overweight,Good,2,5,2,-3,60.0
Adult,0,5,5,Overweight,Poor,0,54,54,0,0.0
Adult,0,5,5,Overweight,Poor,1,1,0,-1,100.0
Adult,0,5,5,Overweight,Poor,2,9,8,-1,11.11
Adult,0,5,5,Underweight,Good,0,5,7,2,40.0
Adult,0,5,5,Underweight,Poor,0,8,10,2,25.0
Adult,0,5,6,Normal,Fair,0,85,85,0,0.0
Adult,0,5,6,Normal,Fair,2,5,3,-2,40.0
Adult,0,5,6,Normal,Good,0,247,247,0,0.0
Adult,0,5,6,Normal,Poor,0,26,25,-1,3.85
Adult,0,5,6,Normal,Poor,1,2,0,-2,100.0
Adult,0,5,6,Normal,Poor,2,3,2,-1,33.33
Adult,0,5,6,Obese,Fair,0,283,286,3,1.06
Adult,0,5,6,Obese,Fair,1,7,9,2,28.57
Adult,0,5,6,Obese,Fair,2,50,51,1,2.0
Adult,0,5,6,Obese,Good,0,265,266,1,0.38
Adult,0,5,6,Obese,Good,1,3,3,0,0.0
Adult,0,5,6,Obese,Good,2,19,15,-4,21.05
Adult,0,5,6,Obese,Poor,0,86,86,0,0.0
Adult,0,5,6,Obese,Poor,1,2,1,-1,50.0
Adult,0,5,6,Obese,Poor,2,53,55,2,3.77
Adult,0,5,6,Overweight,Fair,0,137,136,-1,0.73
Adult,0,5,6,Overweight,Fair,1,3,2,-1,33.33
Adult,0,5,6,Overweight,Fair,2,8,8,0,0.0
Adult,0,5,6,Overweight,Good,0,264,266,2,0.76
Adult,0,5,6,Overweight,Good,1,3,4,1,33.33
Adult,0,5,6,Overweight,Good,2,8,8,0,0.0
Adult,0,5,6,Overweight,Poor,0,61,61,0,0.0
Adult,0,5,6,Overweight,Poor,1,1,2,1,100.0
Adult,0,5,6,Overweight,Poor,2,11,12,1,9.09
Adult,0,5,6,Underweight,Fair,0,5,6,1,20.0
Adult,0,5,6,Underweight,Good,0,8,8,0,0.0
Adult,0,5,7,Normal,Fair,0,89,89,0,0.0
Adult,0,5,7,Normal,Fair,1,1,2,1,100.0
Adult,0,5,7,Normal,Fair,2,7,7,0,0.0
Adult,0,5,7,Normal,Good,0,371,372,1,0.27
Adult,0,5,7,Normal,Good,1,3,3,0,0.0
Adult,0,5,7,Normal,Good,2,3,0,-3,100.0
Adult,0,5,7,Normal,Poor,0,26,29,3,11.54
Adult,0,5,7,Normal,Poor,1,1,0,-1,100.0
Adult,0,5,7,Normal,Poor,2,5,6,1,20.0
Adult,0,5,7,Obese,Fair,0,293,293,0,0.0
Adult,0,5,7,Obese,Fair,1,7,5,-2,28.57
Adult,0,5,7,Obese,Fair,2,61,61,0,0.0
Adult,0,5,7,Obese,Good,0,386,388,2,0.52
Adult,0,5,7,Obese,Good,1,4,1,-3,75.0
Adult,0,5,7,Obese,Good,2,22,22,0,0.0
Adult,0,5,7,Obese,Poor,0,106,108,2,1.89
Adult,0,5,7,Obese,Poor,1,3,2,-1,33.33
Adult,0,5,7,Obese,Poor,2,40,41,1,2.5
Adult,0,5,7,Overweight,Fair,0,184,185,1,0.54
Adult,0,5,7,Overweight,Fair,1,1,0,-1,100.0
Adult,0,5,7,Overweight,Fair,2,15,16,1,6.67
Adult,0,5,7,Overweight,Good,0,427,428,1,0.23
Adult,0,5,7,Overweight,Good,1,1,1,0,0.0
Adult,0,5,7,Overweight,Good,2,9,9,0,0.0
Adult,0,5,7,Overweight,Poor,0,46,45,-1,2.17
Adult,0,5,7,Overweight,Poor,1,4,3,-1,25.0
Adult,0,5,7,Overweight,Poor,2,11,11,0,0.0
Adult,0,5,7,Underweight,Fair,0,7,6,-1,14.29
Adult,0,5,7,Underweight,Good,0,9,8,-1,11.11
Adult,0,5,8,Normal,Fair,0,175,175,0,0.0
Adult,0,5,8,Normal,Fair,1,3,4,1,33.33
Adult,0,5,8,Normal,Fair,2,13,12,-1,7.69
Adult,0,5,8,Normal,Good,0,836,834,-2,0.24
Adult,0,5,8,Normal,Good,1,3,3,0,0.0
Adult,0,5,8,Normal,Good,2,12,14,2,16.67
Adult,0,5,8,Normal,Poor,0,45,45,0,0.0
Adult,0,5,8,Normal,Poor,2,3,3,0,0.0
Adult,0,5,8,Obese,Fair,0,364,364,0,0.0
Adult,0,5,8,Obese,Fair,1,15,14,-1,6.67
Adult,0,5,8,Obese,Fair,2,66,66,0,0.0
Adult,0,5,8,Obese,Good,0,571,575,4,0.7
Adult,0,5,8,Obese,Good,1,3,3,0,0.0
Adult,0,5,8,Obese,Good,2,33,29,-4,12.12
Adult,0,5,8,Obese,Poor,0,93,94,1,1.08
Adult,0,5,8,Obese,Poor,1,4,6,2,50.0
Adult,0,5,8,Obese,Poor,2,32,31,-1,3.12
Adult,0,5,8,Overweight,Fair,0,305,306,1,0.33
Adult,0,5,8,Overweight,Fair,1,5,4,-1,20.0
Adult,0,5,8,Overweight,Fair,2,21,22,1,4.76
Adult,0,5,8,Overweight,Good,0,774,772,-2,0.26
Adult,0,5,8,Overweight,Good,1,6,8,2,33.33
Adult,0,5,8,Overweight,Good,2,20,21,1,5.0
Adult,0,5,8,Overweight,Poor,0,62,61,-1,1.61
Adult,0,5,8,Overweight,Poor,1,1,0,-1,100.0
Adult,0,5,8,Overweight,Poor,2,12,13,1,8.33
Adult,0,5,8,Underweight,Fair,0,6,7,1,16.67
Adult,0,5,8,Underweight,Fair,2,1,1,0,0.0
Adult,0,5,8,Underweight,Good,0,27,27,0,0.0
Adult,0,6,1,Normal,Fair,0,16,17,1,6.25
Adult,0,6,1,Normal,Fair,2,1,1,0,0.0
Adult,0,6,1,Normal,Good,0,32,32,0,0.0
Adult,0,6,1,Normal,Good,2,1,0,-1,100.0
Adult,0,6,1,Normal,Poor,0,14,14,0,0.0
Adult,0,6,1,Normal,Poor,2,3,5,2,66.67
Adult,0,6,1,Obese,Fair,0,27,27,0,0.0
Adult,0,6,1,Obese,Fair,1,3,1,-2,66.67
Adult,0,6,1,Obese,Fair,2,8,8,0,0.0
Adult,0,6,1,Obese,Good,0,20,19,-1,5.0
Adult,0,6,1,Obese,Good,2,1,1,0,0.0
Adult,0,6,1,Obese,Poor,0,30,30,0,0.0
Adult,0,6,1,Obese,Poor,1,4,4,0,0.0
Adult,0,6,1,Obese,Poor,2,21,22,1,4.76
Adult,0,6,1,Overweight,Fair,0,19,19,0,0.0
Adult,0,6,1,Overweight,Good,0,22,21,-1,4.55
Adult,0,6,1,Overweight,Good,1,1,0,-1,100.0
Adult,0,6,1,Overweight,Poor,0,19,17,-2,10.53
Adult,0,6,1,Overweight,Poor,2,6,6,0,0.0
Adult,0,6,2,Normal,Fair,0,16,16,0,0.0
Adult,0,6,2,Normal,Good,0,24,27,3,12.5
Adult,0,6,2,Normal,Good,2,3,3,0,0.0
Adult,0,6,2,Normal,Poor,0,14,14,0,0.0
Adult,0,6,2,Normal,Poor,2,1,2,1,100.0
Adult,0,6,2,Obese,Fair,0,15,17,2,13.33
Adult,0,6,2,Obese,Fair,1,1,2,1,100.0
Adult,0,6,2,Obese,Fair,2,4,4,0,0.0
Adult,0,6,2,Obese,Good,0,21,21,0,0.0
Adult,0,6,2,Obese,Good,2,4,4,0,0.0
Adult,0,6,2,Obese,Poor,0,31,30,-1,3.23
Adult,0,6,2,Obese,Poor,1,2,2,0,0.0
Adult,0,6,2,Obese,Poor,2,23,20,-3,13.04
Adult,0,6,2,Overweight,Fair,0,20,20,0,0.0
Adult,0,6,2,Overweight,Fair,2,2,4,2,100.0
Adult,0,6,2,Overweight,Good,0,23,28,5,21.74
Adult,0,6,2,Overweight,Good,2,1,1,0,0.0
Adult,0,6,2,Overweight,Poor,0,12,12,0,0.0
Adult,0,6,2,Overweight,Poor,2,4,6,2,50.0
Adult,0,6,3,Normal,Fair,0,28,26,-2,7.14
Adult,0,6,3,Normal,Fair,1,1,1,0,0.0
Adult,0,6,3,Normal,Fair,2,1,0,-1,100.0
Adult,0,6,3,Normal,Good,0,58,58,0,0.0
Adult,0,6,3,Normal,Good,1,1,0,-1,100.0
Adult,0,6,3,Normal,Good,2,1,2,1,100.0
Adult,0,6,3,Normal,Poor,0,14,15,1,7.14
Adult,0,6,3,Normal,Poor,2,5,5,0,0.0
Adult,0,6,3,Obese,Fair,0,46,43,-3,6.52
Adult,0,6,3,Obese,Fair,1,2,2,0,0.0
Adult,0,6,3,Obese,Fair,2,11,11,0,0.0
Adult,0,6,3,Obese,Good,0,22,24,2,9.09
Adult,0,6,3,Obese,Good,1,1,0,-1,100.0
Adult,0,6,3,Obese,Good,2,3,4,1,33.33
Adult,0,6,3,Obese,Poor,0,24,24,0,0.0
Adult,0,6,3,Obese,Poor,1,3,3,0,0.0
Adult,0,6,3,Obese,Poor,2,19,19,0,0.0
Adult,0,6,3,Overweight,Fair,0,25,25,0,0.0
Adult,0,6,3,Overweight,Fair,1,1,1,0,0.0
Adult,0,6,3,Overweight,Fair,2,5,6,1,20.0
Adult,0,6,3,Overweight,Good,0,48,50,2,4.17
Adult,0,6,3,Overweight,Good,1,1,0,-1,100.0
Adult,0,6,3,Overweight,Good,2,1,0,-1,100.0
Adult,0,6,3,Overweight,Poor,0,15,17,2,13.33
Adult,0,6,3,Overweight,Poor,1,1,1,0,0.0
Adult,0,6,3,Overweight,Poor,2,11,10,-1,9.09
Adult,0,6,4,Normal,Fair,0,50,50,0,0.0
Adult,0,6,4,Normal,Fair,2,2,4,2,100.0
Adult,0,6,4,Normal,Good,0,72,72,0,0.0
Adult,0,6,4,Normal,Good,2,2,1,-1,50.0
Adult,0,6,4,Normal,Poor,0,16,18,2,12.5
Adult,0,6,4,Normal,Poor,2,2,0,-2,100.0
Adult,0,6,4,Obese,Fair,0,62,60,-2,3.23
Adult,0,6,4,Obese,Fair,1,6,7,1,16.67
Adult,0,6,4,Obese,Fair,2,20,21,1,5.0
Adult,0,6,4,Obese,Good,0,53,54,1,1.89
Adult,0,6,4,Obese,Good,1,1,1,0,0.0
Adult,0,6,4,Obese,Good,2,5,5,0,0.0
Adult,0,6,4,Obese,Poor,0,54,52,-2,3.7
Adult,0,6,4,Obese,Poor,1,2,2,0,0.0
Adult,0,6,4,Obese,Poor,2,20,19,-1,5.0
Adult,0,6,4,Overweight,Fair,0,45,46,1,2.22
Adult,0,6,4,Overweight,Fair,1,2,3,1,50.0
Adult,0,6,4,Overweight,Fair,2,2,2,0,0.0
Adult,0,6,4,Overweight,Good,0,61,61,0,0.0
Adult,0,6,4,Overweight,Good,2,2,2,0,0.0
Adult,0,6,4,Overweight,Poor,0,21,23,2,9.52
Adult,0,6,4,Overweight,Poor,1,1,3,2,200.0
Adult,0,6,4,Overweight,Poor,2,5,5,0,0.0
Adult,0,6,5,Normal,Fair,0,56,55,-1,1.79
Adult,0,6,5,Normal,Fair,1,1,0,-1,100.0
Adult,0,6,5,Normal,Fair,2,2,2,0,0.0
Adult,0,6,5,Normal,Good,0,146,152,6,4.11
Adult,0,6,5,Normal,Good,2,1,1,0,0.0
Adult,0,6,5,Normal,Poor,0,12,11,-1,8.33
Adult,0,6,5,Normal,Poor,2,1,2,1,100.0
Adult,0,6,5,Obese,Fair,0,104,104,0,0.0
Adult,0,6,5,Obese,Fair,1,1,1,0,0.0
Adult,0,6,5,Obese,Fair,2,18,18,0,0.0
Adult,0,6,5,Obese,Good,0,102,101,-1,0.98
Adult,0,6,5,Obese,Good,1,1,3,2,200.0
Adult,0,6,5,Obese,Good,2,8,8,0,0.0
Adult,0,6,5,Obese,Poor,0,51,53,2,3.92
Adult,0,6,5,Obese,Poor,1,6,5,-1,16.67
Adult,0,6,5,Obese,Poor,2,29,28,-1,3.45
Adult,0,6,5,Overweight,Fair,0,78,78,0,0.0
Adult,0,6,5,Overweight,Fair,1,2,4,2,100.0
Adult,0,6,5,Overweight,Fair,2,7,7,0,0.0
Adult,0,6,5,Overweight,Good,0,128,129,1,0.78
Adult,0,6,5,Overweight,Good,2,6,7,1,16.67
Adult,0,6,5,Overweight,Poor,0,25,26,1,4.0
Adult,0,6,5,Overweight,Poor,2,5,5,0,0.0
Adult,0,6,6,Normal,Fair,0,92,93,1,1.09
Adult,0,6,6,Normal,Fair,1,1,1,0,0.0
Adult,0,6,6,Normal,Fair,2,3,3,0,0.0
Adult,0,6,6,Normal,Good,0,345,347,2,0.58
Adult,0,6,6,Normal,Good,1,3,3,0,0.0
Adult,0,6,6,Normal,Good,2,5,4,-1,20.0
Adult,0,6,6,Normal,Poor,0,19,20,1,5.26
Adult,0,6,6,Normal,Poor,2,2,2,0,0.0
Adult,0,6,6,Obese,Fair,0,226,227,1,0.44
Adult,0,6,6,Obese,Fair,1,6,7,1,16.67
Adult,0,6,6,Obese,Fair,2,40,41,1,2.5
Adult,0,6,6,Obese,Good,0,258,257,-1,0.39
Adult,0,6,6,Obese,Good,1,7,6,-1,14.29
Adult,0,6,6,Obese,Good,2,8,8,0,0.0
Adult,0,6,6,Obese,Poor,0,61,61,0,0.0
Adult,0,6,6,Obese,Poor,1,4,5,1,25.0
Adult,0,6,6,Obese,Poor,2,30,29,-1,3.33
Adult,0,6,6,Overweight,Fair,0,149,148,-1,0.67
Adult,0,6,6,Overweight,Fair,1,4,0,-4,100.0
Adult,0,6,6,Overweight,Fair,2,14,14,0,0.0
Adult,0,6,6,Overweight,Good,0,290,289,-1,0.34
Adult,0,6,6,Overweight,Good,1,3,2,-1,33.33
Adult,0,6,6,Overweight,Good,2,5,6,1,20.0
Adult,0,6,6,Overweight,Poor,0,40,39,-1,2.5
Adult,0,6,6,Overweight,Poor,2,7,5,-2,28.57
Adult,0,6,6,Underweight,Fair,0,9,8,-1,11.11
Adult,0,6,6,Underweight,Good,0,15,16,1,6.67
Adult,0,6,7,Normal,Fair,0,164,164,0,0.0
Adult,0,6,7,Normal,Fair,2,7,5,-2,28.57
Adult,0,6,7,Normal,Good,0,739,738,-1,0.14
Adult,0,6,7,Normal,Good,1,4,2,-2,50.0
Adult,0,6,7,Normal,Good,2,5,6,1,20.0
Adult,0,6,7,Normal,Poor,0,31,32,1,3.23
Adult,0,6,7,Normal,Poor,1,1,1,0,0.0
Adult,0,6,7,Normal,Poor,2,3,2,-1,33.33
Adult,0,6,7,Obese,Fair,0,352,352,0,0.0
Adult,0,6,7,Obese,Fair,1,14,15,1,7.14
Adult,0,6,7,Obese,Fair,2,48,47,-1,2.08
Adult,0,6,7,Obese,Good,0,527,528,1,0.19
Adult,0,6,7,Obese,Good,1,4,5,1,25.0
Adult,0,6,7,Obese,Good,2,15,16,1,6.67
Adult,0,6,7,Obese,Poor,0,92,91,-1,1.09
Adult,0,6,7,Obese,Poor,1,4,7,3,75.0
Adult,0,6,7,Obese,Poor,2,37,37,0,0.0
Adult,0,6,7,Overweight,Fair,0,240,240,0,0.0
Adult,0,6,7,Overweight,Fair,1,5,5,0,0.0
Adult,0,6,7,Overweight,Fair,2,23,23,0,0.0
Adult,0,6,7,Overweight,Good,0,602,604,2,0.33
Adult,0,6,7,Overweight,Good,1,2,0,-2,100.0
Adult,0,6,7,Overweight,Good,2,9,9,0,0.0
Adult,0,6,7,Overweight,Poor,0,49,49,0,0.0
Adult,0,6,7,Overweight,Poor,2,9,11,2,22.22
Adult,0,6,7,Underweight,Good,0,21,24,3,14.29
Adult,0,6,7,Underweight,Poor,0,4,5,1,25.0
Adult,0,6,7,Underweight,Poor,2,1,2,1,100.0
Adult,0,6,8,Normal,Fair,0,540,539,-1,0.19
Adult,0,6,8,Normal,Fair,1,10,8,-2,20.0
Adult,0,6,8,Normal,Fair,2,25,25,0,0.0
Adult,0,6,8,Normal,Good,0,2790,2790,0,0.0
Adult,0,6,8,Normal,Good,1,9,9,0,0.0
Adult,0,6,8,Normal,Good,2,15,14,-1,6.67
Adult,0,6,8,Normal,Poor,0,116,115,-1,0.86
Adult,0,6,8,Normal,Poor,2,9,8,-1,11.11
Adult,0,6,8,Obese,Fair,0,898,899,1,0.11
Adult,0,6,8,Obese,Fair,1,11,11,0,0.0
Adult,0,6,8,Obese,Fair,2,101,99,-2,1.98
Adult,0,6,8,Obese,Good,0,1376,1375,-1,0.07
Adult,0,6,8,Obese,Good,1,16,16,0,0.0
Adult,0,6,8,Obese,Good,2,56,56,0,0.0
Adult,0,6,8,Obese,Poor,0,171,171,0,0.0
Adult,0,6,8,Obese,Poor,1,8,11,3,37.5
Adult,0,6,8,Obese,Poor,2,56,55,-1,1.79
Adult,0,6,8,Overweight,Fair,0,662,662,0,0.0
Adult,0,6,8,Overweight,Fair,1,9,7,-2,22.22
Adult,0,6,8,Overweight,Fair,2,54,54,0,0.0
Adult,0,6,8,Overweight,Good,0,2084,2081,-3,0.14
Adult,0,6,8,Overweight,Good,1,13,14,1,7.69
Adult,0,6,8,Overweight,Good,2,35,32,-3,8.57
Adult,0,6,8,Overweight,Poor,0,118,114,-4,3.39
Adult,0,6,8,Overweight,Poor,1,3,3,0,0.0
Adult,0,6,8,Overweight,Poor,2,21,22,1,4.76
Adult,0,6,8,Underweight,Fair,0,30,31,1,3.33
Adult,0,6,8,Underweight,Fair,1,1,1,0,0.0
Adult,0,6,8,Underweight,Fair,2,1,1,0,0.0
Adult,0,6,8,Underweight,Good,0,139,140,1,0.72
Adult,0,6,8,Underweight,Good,2,1,5,4,400.0
Adult,0,6,8,Underweight,Poor,0,7,10,3,42.86
Adult,0,6,8,Underweight,Poor,2,2,1,-1,50.0
Adult,1,2,1,Normal,Poor,0,3,4,1,33.33
Adult,1,2,1,Normal,Poor,2,2,5,3,150.0
Adult,1,2,1,Obese,Fair,0,7,6,-1,14.29
Adult,1,2,1,Obese,Fair,2,1,0,-1,100.0
Adult,1,2,1,Obese,Poor,0,8,6,-2,25.0
Adult,1,2,1,Obese,Poor,2,7,8,1,14.29
Adult,1,2,1,Overweight,Fair,0,5,9,4,80.0
Adult,1,2,1,Overweight,Poor,0,18,18,0,0.0
Adult,1,2,1,Overweight,Poor,2,4,4,0,0.0
Adult,1,2,1,Overweight-Range,Good,0,6,2,-4,66.67
Adult,1,2,2,Normal,Fair,0,4,3,-1,25.0
Adult,1,2,2,Normal,Fair,1,1,3,2,200.0
Adult,1,2,2,Normal,Fair,2,1,0,-1,100.0
Adult,1,2,2,Normal-Range,Poor,0,2,4,2,100.0
Adult,1,2,2,Normal-Range,Poor,1,1,0,-1,100.0
Adult,1,2,2,Normal-Range,Poor,2,2,2,0,0.0
Adult,1,2,2,Obese,Poor,0,10,9,-1,10.0
Adult,1,2,2,Obese,Poor,2,9,9,0,0.0
Adult,1,2,2,Overweight,Poor,0,8,7,-1,12.5
Adult,1,2,2,Overweight-Range,Fair,0,5,5,0,0.0
Adult,1,2,2,Overweight-Range,Fair,2,1,0,-1,100.0
Adult,1,2,2,Overweight-Range,Good,0,4,3,-1,25.0
Adult,1,2,2,Overweight-Range,Good,2,1,1,0,0.0
Adult,1,2,3,Normal,Poor,0,7,7,0,0.0
Adult,1,2,3,Normal,Poor,2,2,2,0,0.0
Adult,1,2,3,Obese,Fair,0,5,4,-1,20.0
Adult,1,2,3,Obese,Poor,0,17,17,0,0.0
Adult,1,2,3,Obese,Poor,2,6,6,0,0.0
Adult,1,2,3,Overweight,Fair,0,6,6,0,0.0
Adult,1,2,3,Overweight,Fair,2,1,0,-1,100.0
Adult,1,2,3,Overweight,Poor,0,5,4,-1,20.0
Adult,1,2,3,Overweight,Poor,2,4,4,0,0.0
Adult,1,2,3,Overweight-Range,Good,0,6,6,0,0.0
Adult,1,2,4,Any,Good,0,5,8,3,60.0
Adult,1,2,4,Normal,Fair,0,6,5,-1,16.67
Adult,1,2,4,Normal,Poor,0,6,7,1,16.67
Adult,1,2,4,Normal,Poor,2,1,1,0,0.0
Adult,1,2,4,Obese,Fair,0,14,14,0,0.0
Adult,1,2,4,Obese,Poor,0,7,7,0,0.0
Adult,1,2,4,Obese,Poor,2,6,7,1,16.67
Adult,1,2,4,Overweight,Fair,0,14,13,-1,7.14
Adult,1,2,4,Overweight,Fair,1,1,1,0,0.0
Adult,1,2,4,Overweight,Good,0,6,6,0,0.0
Adult,1,2,4,Overweight,Good,1,1,3,2,200.0
Adult,1,2,4,Overweight,Poor,0,8,8,0,0.0
Adult,1,2,4,Overweight,Poor,1,1,0,-1,100.0
Adult,1,2,4,Overweight,Poor,2,2,1,-1,50.0
Adult,1,2,5,Any,Good,0,3,5,2,66.67
Adult,1,2,5,Any,Good,2,2,1,-1,50.0
Adult,1,2,5,Normal,Fair,0,5,6,1,20.0
Adult,1,2,5,Obese,Fair,0,14,14,0,0.0
Adult,1,2,5,Obese,Fair,2,1,0,-1,100.0
Adult,1,2,5,Obese,Poor,0,9,12,3,33.33
Adult,1,2,5,Obese,Poor,2,5,7,2,40.0
Adult,1,2,5,Overweight,Fair,0,12,12,0,0.0
Adult,1,2,5,Overweight,Good,0,7,8,1,14.29
Adult,1,2,5,Overweight,Poor,0,13,13,0,0.0
Adult,1,2,5,Overweight,Poor,1,1,1,0,0.0
Adult,1,2,5,Overweight,Poor,2,2,3,1,50.0
Adult,1,2,6,Obese,Fair,0,5,5,0,0.0
Adult,1,2,6,Obese,Fair,1,1,0,-1,100.0
Adult,1,2,6,Obese,Fair,2,3,1,-2,66.67
Adult,1,2,6,Obese,Good,0,4,4,0,0.0
Adult,1,2,6,Obese,Good,1,1,1,0,0.0
Adult,1,2,6,Obese,Poor,0,4,4,0,0.0
Adult,1,2,6,Obese,Poor,1,1,1,0,0.0
Adult,1,2,6,Obese,Poor,2,3,4,1,33.33
Adult,1,2,6,Overweight,Fair,0,10,9,-1,10.0
Adult,1,2,6,Overweight,Fair,1,1,2,1,100.0
Adult,1,2,6,Overweight,Good,0,10,8,-2,20.0
Adult,1,2,6,Overweight,Poor,0,6,5,-1,16.67
Adult,1,2,7,Normal,Good,0,5,5,0,0.0
Adult,1,2,7,Obese,Fair,0,8,5,-3,37.5
Adult,1,2,7,Obese,Poor,0,2,1,-1,50.0
Adult,1,2,7,Obese,Poor,1,2,5,3,150.0
Adult,1,2,7,Obese,Poor,2,2,2,0,0.0
Adult,1,2,7,Overweight,Fair,0,6,7,1,16.67
Adult,1,2,7,Overweight-Range,Good,0,6,6,0,0.0
Adult,1,2,7,Overweight-Range,Good,2,1,4,3,300.0
Adult,1,2,8,Any,Good,0,6,3,-3,50.0
Adult,1,2,8,Overweight,Good,0,6,7,1,16.67
Adult,1,2,8,Overweight-Range,Fair,0,7,8,1,14.29
Adult,1,2,8,Overweight-Range,Fair,2,1,0,-1,100.0
Adult,1,2,8,Overweight-Range,Poor,0,7,4,-3,42.86
Adult,1,3,1,Normal,Fair,0,9,9,0,0.0
Adult,1,3,1,Normal,Fair,1,1,1,0,0.0
Adult,1,3,1,Normal,Poor,0,16,15,-1,6.25
Adult,1,3,1,Obese,Fair,0,17,16,-1,5.88
Adult,1,3,1,Obese,Fair,2,6,8,2,33.33
Adult,1,3,1,Obese,Good,0,10,9,-1,10.0
Adult,1,3,1,Obese,Good,2,2,2,0,0.0
Adult,1,3,1,Obese,Poor,0,33,34,1,3.03
Adult,1,3,1,Obese,Poor,1,5,5,0,0.0
Adult,1,3,1,Obese,Poor,2,22,22,0,0.0
Adult,1,3,1,Overweight,Fair,0,7,8,1,14.29
Adult,1,3,1,Overweight,Fair,2,1,1,0,0.0
Adult,1,3,1,Overweight,Good,0,11,13,2,18.18
Adult,1,3,1,Overweight,Poor,0,20,20,0,0.0
Adult,1,3,1,Overweight,Poor,1,1,5,4,400.0
Adult,1,3,1,Overweight,Poor,2,7,7,0,0.0
Adult,1,3,2,Any,Good,0,7,8,1,14.29
Adult,1,3,2,Any,Good,2,1,3,2,200.0
Adult,1,3,2,Normal,Poor,0,4,3,-1,25.0
Adult,1,3,2,Normal,Poor,2,1,1,0,0.0
Adult,1,3,2,Obese,Fair,0,16,15,-1,6.25
Adult,1,3,2,Obese,Fair,2,1,2,1,100.0
Adult,1,3,2,Obese,Good,0,4,4,0,0.0
Adult,1,3,2,Obese,Good,1,1,3,2,200.0
Adult,1,3,2,Obese,Good,2,1,1,0,0.0
Adult,1,3,2,Obese,Poor,0,20,20,0,0.0
Adult,1,3,2,Obese,Poor,1,1,2,1,100.0
Adult,1,3,2,Obese,Poor,2,13,11,-2,15.38
Adult,1,3,2,Overweight,Fair,0,9,9,0,0.0
Adult,1,3,2,Overweight,Fair,1,2,2,0,0.0
Adult,1,3,2,Overweight,Fair,2,1,1,0,0.0
Adult,1,3,2,Overweight,Poor,0,18,19,1,5.56
Adult,1,3,2,Overweight,Poor,1,5,5,0,0.0
Adult,1,3,2,Overweight,Poor,2,5,0,-5,100.0
Adult,1,3,3,Normal,Fair,0,8,7,-1,12.5
Adult,1,3,3,Normal,Good,0,8,6,-2,25.0
Adult,1,3,3,Normal,Poor,0,11,9,-2,18.18
Adult,1,3,3,Normal,Poor,2,3,3,0,0.0
Adult,1,3,3,Obese,Fair,0,22,22,0,0.0
Adult,1,3,3,Obese,Fair,2,8,8,0,0.0
Adult,1,3,3,Obese,Good,0,12,12,0,0.0
Adult,1,3,3,Obese,Good,1,2,3,1,50.0
Adult,1,3,3,Obese,Good,2,2,2,0,0.0
Adult,1,3,3,Obese,Poor,0,25,26,1,4.0
Adult,1,3,3,Obese,Poor,1,2,2,0,0.0
Adult,1,3,3,Obese,Poor,2,10,11,1,10.0
Adult,1,3,3,Overweight,Fair,0,17,17,0,0.0
Adult,1,3,3,Overweight,Fair,1,1,0,-1,100.0
Adult,1,3,3,Overweight,Good,0,14,16,2,14.29
Adult,1,3,3,Overweight,Good,2,1,1,0,0.0
Adult,1,3,3,Overweight,Poor,0,13,14,1,7.69
Adult,1,3,3,Overweight,Poor,2,2,2,0,0.0
Adult,1,3,4,Normal,Fair,0,8,7,-1,12.5
Adult,1,3,4,Normal,Good,0,7,6,-1,14.29
Adult,1,3,4,Normal,Poor,0,9,10,1,11.11
Adult,1,3,4,Normal,Poor,2,1,1,0,0.0
Adult,1,3,4,Obese,Fair,0,17,17,0,0.0
Adult,1,3,4,Obese,Fair,1,1,0,-1,100.0
Adult,1,3,4,Obese,Fair,2,7,7,0,0.0
Adult,1,3,4,Obese,Good,0,15,15,0,0.0
Adult,1,3,4,Obese,Good,1,1,0,-1,100.0
Adult,1,3,4,Obese,Poor,0,18,17,-1,5.56
Adult,1,3,4,Obese,Poor,1,1,1,0,0.0
Adult,1,3,4,Obese,Poor,2,9,10,1,11.11
Adult,1,3,4,Overweight,Fair,0,20,22,2,10.0
Adult,1,3,4,Overweight,Fair,2,3,3,0,0.0
Adult,1,3,4,Overweight,Good,0,12,13,1,8.33
Adult,1,3,4,Overweight,Poor,0,11,12,1,9.09
Adult,1,3,4,Overweight,Poor,2,4,3,-1,25.0
Adult,1,3,5,Normal,Fair,0,12,12,0,0.0
Adult,1,3,5,Normal,Fair,2,3,2,-1,33.33
Adult,1,3,5,Normal,Good,0,5,5,0,0.0
Adult,1,3,5,Normal,Poor,0,6,6,0,0.0
Adult,1,3,5,Normal,Poor,2,1,0,-1,100.0
Adult,1,3,5,Obese,Fair,0,25,24,-1,4.0
Adult,1,3,5,Obese,Fair,1,2,1,-1,50.0
Adult,1,3,5,Obese,Fair,2,2,1,-1,50.0
Adult,1,3,5,Obese,Good,0,13,16,3,23.08
Adult,1,3,5,Obese,Poor,0,20,19,-1,5.0
Adult,1,3,5,Obese,Poor,2,6,7,1,16.67
Adult,1,3,5,Overweight,Fair,0,29,29,0,0.0
Adult,1,3,5,Overweight,Fair,1,1,0,-1,100.0
Adult,1,3,5,Overweight,Fair,2,1,1,0,0.0
Adult,1,3,5,Overweight,Good,0,11,11,0,0.0
Adult,1,3,5,Overweight,Good,2,1,0,-1,100.0
Adult,1,3,5,Overweight,Poor,0,12,12,0,0.0
Adult,1,3,5,Overweight,Poor,1,1,0,-1,100.0
Adult,1,3,5,Overweight,Poor,2,3,3,0,0.0
Adult,1,3,6,Normal,Fair,0,9,10,1,11.11
Adult,1,3,6,Normal,Fair,1,2,3,1,50.0
Adult,1,3,6,Normal,Fair,2,1,5,4,400.0
Adult,1,3,6,Normal,Good,0,9,9,0,0.0
Adult,1,3,6,Obese,Fair,0,28,29,1,3.57
Adult,1,3,6,Obese,Fair,1,1,0,-1,100.0
Adult,1,3,6,Obese,Fair,2,4,5,1,25.0
Adult,1,3,6,Obese,Good,0,9,9,0,0.0
Adult,1,3,6,Obese,Good,2,3,0,-3,100.0
Adult,1,3,6,Obese,Poor,0,12,11,-1,8.33
Adult,1,3,6,Obese,Poor,1,1,2,1,100.0
Adult,1,3,6,Obese,Poor,2,6,6,0,0.0
Adult,1,3,6,Overweight,Fair,0,16,17,1,6.25
Adult,1,3,6,Overweight,Fair,2,1,1,0,0.0
Adult,1,3,6,Overweight,Good,0,20,20,0,0.0
Adult,1,3,6,Overweight,Good,2,1,2,1,100.0
Adult,1,3,6,Overweight,Poor,0,14,14,0,0.0
Adult,1,3,6,Overweight,Poor,2,3,3,0,0.0
Adult,1,3,7,Normal,Fair,0,4,6,2,50.0
Adult,1,3,7,Normal,Fair,2,1,1,0,0.0
Adult,1,3,7,Normal,Good,0,10,11,1,10.0
Adult,1,3,7,Normal,Good,2,1,0,-1,100.0
Adult,1,3,7,Obese,Fair,0,18,18,0,0.0
Adult,1,3,7,Obese,Fair,2,1,1,0,0.0
Adult,1,3,7,Obese,Good,0,11,10,-1,9.09
Adult,1,3,7,Obese,Good,2,1,1,0,0.0
Adult,1,3,7,Obese,Poor,0,12,12,0,0.0
Adult,1,3,7,Obese,Poor,1,1,1,0,0.0
Adult,1,3,7,Obese,Poor,2,3,2,-1,33.33
Adult,1,3,7,Overweight,Fair,0,14,14,0,0.0
Adult,1,3,7,Overweight,Fair,1,1,0,-1,100.0
Adult,1,3,7,Overweight,Fair,2,4,4,0,0.0
Adult,1,3,7,Overweight,Good,0,21,22,1,4.76
Adult,1,3,7,Overweight,Poor,0,8,8,0,0.0
Adult,1,3,7,Overweight,Poor,2,1,1,0,0.0
Adult,1,3,8,Normal,Good,0,22,17,-5,22.73
Adult,1,3,8,Obese,Fair,0,21,22,1,4.76
Adult,1,3,8,Obese,Fair,1,4,4,0,0.0
Adult,1,3,8,Obese,Fair,2,8,8,0,0.0
Adult,1,3,8,Obese,Good,0,22,22,0,0.0
Adult,1,3,8,Obese,Good,2,3,2,-1,33.33
Adult,1,3,8,Obese,Poor,0,3,3,0,0.0
Adult,1,3,8,Obese,Poor,1,1,0,-1,100.0
Adult,1,3,8,Obese,Poor,2,2,0,-2,100.0
Adult,1,3,8,Overweight,Fair,0,20,21,1,5.0
Adult,1,3,8,Overweight,Fair,2,1,2,1,100.0
Adult,1,3,8,Overweight,Good,0,40,38,-2,5.0
Adult,1,3,8,Overweight,Good,2,1,0,-1,100.0
Adult,1,4,1,Normal,Fair,0,20,21,1,5.0
Adult,1,4,1,Normal,Good,0,19,19,0,0.0
Adult,1,4,1,Normal,Good,2,1,0,-1,100.0
Adult,1,4,1,Normal,Poor,0,30,31,1,3.33
Adult,1,4,1,Normal,Poor,1,1,3,2,200.0
Adult,1,4,1,Normal,Poor,2,6,4,-2,33.33
Adult,1,4,1,Obese,Fair,0,34,34,0,0.0
Adult,1,4,1,Obese,Fair,1,2,2,0,0.0
Adult,1,4,1,Obese,Fair,2,18,19,1,5.56
Adult,1,4,1,Obese,Good,0,27,29,2,7.41
Adult,1,4,1,Obese,Good,1,3,4,1,33.33
Adult,1,4,1,Obese,Good,2,10,10,0,0.0
Adult,1,4,1,Obese,Poor,0,57,58,1,1.75
Adult,1,4,1,Obese,Poor,1,6,6,0,0.0
Adult,1,4,1,Obese,Poor,2,34,34,0,0.0
Adult,1,4,1,Overweight,Fair,0,34,30,-4,11.76
Adult,1,4,1,Overweight,Fair,1,2,2,0,0.0
Adult,1,4,1,Overweight,Fair,2,7,8,1,14.29
Adult,1,4,1,Overweight,Good,0,32,31,-1,3.12
Adult,1,4,1,Overweight,Poor,0,44,42,-2,4.55
Adult,1,4,1,Overweight,Poor,1,4,8,4,100.0
Adult,1,4,1,Overweight,Poor,2,17,18,1,5.88
Adult,1,4,2,Normal,Fair,0,18,20,2,11.11
Adult,1,4,2,Normal,Fair,2,1,1,0,0.0
Adult,1,4,2,Normal,Good,0,27,27,0,0.0
Adult,1,4,2,Normal,Good,2,1,2,1,100.0
Adult,1,4,2,Normal,Poor,0,24,25,1,4.17
Adult,1,4,2,Normal,Poor,2,6,10,4,66.67
Adult,1,4,2,Obese,Fair,0,39,38,-1,2.56
Adult,1,4,2,Obese,Fair,2,20,20,0,0.0
Adult,1,4,2,Obese,Good,0,25,26,1,4.0
Adult,1,4,2,Obese,Good,1,1,1,0,0.0
Adult,1,4,2,Obese,Good,2,4,7,3,75.0
Adult,1,4,2,Obese,Poor,0,64,65,1,1.56
Adult,1,4,2,Obese,Poor,1,3,4,1,33.33
Adult,1,4,2,Obese,Poor,2,50,50,0,0.0
Adult,1,4,2,Overweight,Fair,0,29,29,0,0.0
Adult,1,4,2,Overweight,Fair,2,5,5,0,0.0
Adult,1,4,2,Overweight,Good,0,24,24,0,0.0
Adult,1,4,2,Overweight,Good,2,3,3,0,0.0
Adult,1,4,2,Overweight,Poor,0,31,30,-1,3.23
Adult,1,4,2,Overweight,Poor,2,12,11,-1,8.33
Adult,1,4,3,Normal,Fair,0,45,46,1,2.22
Adult,1,4,3,Normal,Fair,2,4,3,-1,25.0
Adult,1,4,3,Normal,Good,0,37,37,0,0.0
Adult,1,4,3,Normal,Good,1,2,1,-1,50.0
Adult,1,4,3,Normal,Good,2,1,3,2,200.0
Adult,1,4,3,Normal,Poor,0,28,27,-1,3.57
Adult,1,4,3,Normal,Poor,2,5,5,0,0.0
Adult,1,4,3,Obese,Fair,0,48,48,0,0.0
Adult,1,4,3,Obese,Fair,1,2,4,2,100.0
Adult,1,4,3,Obese,Fair,2,18,18,0,0.0
Adult,1,4,3,Obese,Good,0,41,40,-1,2.44
Adult,1,4,3,Obese,Good,2,12,11,-1,8.33
Adult,1,4,3,Obese,Poor,0,63,65,2,3.17
Adult,1,4,3,Obese,Poor,1,6,10,4,66.67
Adult,1,4,3,Obese,Poor,2,38,42,4,10.53
Adult,1,4,3,Overweight,Fair,0,61,62,1,1.64
Adult,1,4,3,Overweight,Fair,2,8,8,0,0.0
Adult,1,4,3,Overweight,Good,0,37,40,3,8.11
Adult,1,4,3,Overweight,Good,2,3,3,0,0.0
Adult,1,4,3,Overweight,Poor,0,44,45,1,2.27
Adult,1,4,3,Overweight,Poor,1,4,5,1,25.0
Adult,1,4,3,Overweight,Poor,2,14,13,-1,7.14
Adult,1,4,4,Normal,Fair,0,41,41,0,0.0
Adult,1,4,4,Normal,Fair,1,1,0,-1,100.0
Adult,1,4,4,Normal,Fair,2,5,5,0,0.0
Adult,1,4,4,Normal,Good,0,61,61,0,0.0
Adult,1,4,4,Normal,Poor,0,26,23,-3,11.54
Adult,1,4,4,Normal,Poor,1,2,2,0,0.0
Adult,1,4,4,Normal,Poor,2,5,5,0,0.0
Adult,1,4,4,Obese,Fair,0,90,91,1,1.11
Adult,1,4,4,Obese,Fair,1,5,5,0,0.0
Adult,1,4,4,Obese,Fair,2,18,19,1,5.56
Adult,1,4,4,Obese,Good,0,72,73,1,1.39
Adult,1,4,4,Obese,Good,2,8,9,1,12.5
Adult,1,4,4,Obese,Poor,0,58,59,1,1.72
Adult,1,4,4,Obese,Poor,1,6,11,5,83.33
Adult,1,4,4,Obese,Poor,2,33,32,-1,3.03
Adult,1,4,4,Overweight,Fair,0,74,73,-1,1.35
Adult,1,4,4,Overweight,Fair,1,1,1,0,0.0
Adult,1,4,4,Overweight,Fair,2,9,9,0,0.0
Adult,1,4,4,Overweight,Good,0,84,84,0,0.0
Adult,1,4,4,Overweight,Good,1,1,0,-1,100.0
Adult,1,4,4,Overweight,Good,2,4,7,3,75.0
Adult,1,4,4,Overweight,Poor,0,52,53,1,1.92
Adult,1,4,4,Overweight,Poor,2,15,15,0,0.0
Adult,1,4,5,Normal,Fair,0,48,48,0,0.0
Adult,1,4,5,Normal,Fair,2,3,6,3,100.0
Adult,1,4,5,Normal,Good,0,68,69,1,1.47
Adult,1,4,5,Normal,Good,2,3,4,1,33.33
Adult,1,4,5,Normal,Poor,0,22,25,3,13.64
Adult,1,4,5,Normal,Poor,1,2,4,2,100.0
Adult,1,4,5,Normal,Poor,2,10,11,1,10.0
Adult,1,4,5,Obese,Fair,0,111,108,-3,2.7
Adult,1,4,5,Obese,Fair,1,7,6,-1,14.29
Adult,1,4,5,Obese,Fair,2,29,28,-1,3.45
Adult,1,4,5,Obese,Good,0,98,97,-1,1.02
Adult,1,4,5,Obese,Good,1,4,5,1,25.0
Adult,1,4,5,Obese,Good,2,8,9,1,12.5
Adult,1,4,5,Obese,Poor,0,70,68,-2,2.86
Adult,1,4,5,Obese,Poor,1,5,2,-3,60.0
Adult,1,4,5,Obese,Poor,2,33,32,-1,3.03
Adult,1,4,5,Overweight,Fair,0,81,82,1,1.23
Adult,1,4,5,Overweight,Fair,2,7,8,1,14.29
Adult,1,4,5,Overweight,Good,0,134,133,-1,0.75
Adult,1,4,5,Overweight,Good,2,3,2,-1,33.33
Adult,1,4,5,Overweight,Poor,0,39,37,-2,5.13
Adult,1,4,5,Overweight,Poor,2,13,13,0,0.0
Adult,1,4,6,Normal,Fair,0,75,75,0,0.0
Adult,1,4,6,Normal,Fair,1,3,3,0,0.0
Adult,1,4,6,Normal,Fair,2,2,3,1,50.0
Adult,1,4,6,Normal,Good,0,99,99,0,0.0
Adult,1,4,6,Normal,Good,2,2,3,1,50.0
Adult,1,4,6,Normal,Poor,0,21,21,0,0.0
Adult,1,4,6,Normal,Poor,2,4,5,1,25.0
Adult,1,4,6,Obese,Fair,0,231,231,0,0.0
Adult,1,4,6,Obese,Fair,1,5,5,0,0.0
Adult,1,4,6,Obese,Fair,2,42,41,-1,2.38
Adult,1,4,6,Obese,Good,0,215,219,4,1.86
Adult,1,4,6,Obese,Good,1,4,1,-3,75.0
Adult,1,4,6,Obese,Good,2,13,16,3,23.08
Adult,1,4,6,Obese,Poor,0,71,71,0,0.0
Adult,1,4,6,Obese,Poor,1,5,4,-1,20.0
Adult,1,4,6,Obese,Poor,2,36,36,0,0.0
Adult,1,4,6,Overweight,Fair,0,136,137,1,0.74
Adult,1,4,6,Overweight,Fair,1,2,2,0,0.0
Adult,1,4,6,Overweight,Fair,2,17,17,0,0.0
Adult,1,4,6,Overweight,Good,0,247,247,0,0.0
Adult,1,4,6,Overweight,Good,1,3,4,1,33.33
Adult,1,4,6,Overweight,Good,2,4,4,0,0.0
Adult,1,4,6,Overweight,Poor,0,37,35,-2,5.41
Adult,1,4,6,Overweight,Poor,1,1,0,-1,100.0
Adult,1,4,6,Overweight,Poor,2,11,12,1,9.09
Adult,1,4,7,Normal,Fair,0,61,62,1,1.64
Adult,1,4,7,Normal,Fair,1,1,1,0,0.0
Adult,1,4,7,Normal,Fair,2,6,6,0,0.0
Adult,1,4,7,Normal,Good,0,121,122,1,0.83
Adult,1,4,7,Normal,Good,1,1,1,0,0.0
Adult,1,4,7,Normal,Good,2,5,5,0,0.0
Adult,1,4,7,Normal,Poor,0,17,16,-1,5.88
Adult,1,4,7,Obese,Fair,0,247,247,0,0.0
Adult,1,4,7,Obese,Fair,1,7,7,0,0.0
Adult,1,4,7,Obese,Fair,2,48,48,0,0.0
Adult,1,4,7,Obese,Good,0,269,269,0,0.0
Adult,1,4,7,Obese,Good,1,5,3,-2,40.0
Adult,1,4,7,Obese,Good,2,26,26,0,0.0
Adult,1,4,7,Obese,Poor,0,62,63,1,1.61
Adult,1,4,7,Obese,Poor,1,4,7,3,75.0
Adult,1,4,7,Obese,Poor,2,44,47,3,6.82
Adult,1,4,7,Overweight,Fair,0,181,182,1,0.55
Adult,1,4,7,Overweight,Fair,1,5,6,1,20.0
Adult,1,4,7,Overweight,Fair,2,19,17,-2,10.53
Adult,1,4,7,Overweight,Good,0,319,318,-1,0.31
Adult,1,4,7,Overweight,Good,2,7,8,1,14.29
Adult,1,4,7,Overweight,Poor,0,40,40,0,0.0
Adult,1,4,7,Overweight,Poor,2,10,12,2,20.0
Adult,1,4,8,Normal,Fair,0,70,72,2,2.86
Adult,1,4,8,Normal,Fair,2,2,3,1,50.0
Adult,1,4,8,Normal,Good,0,191,193,2,1.05
Adult,1,4,8,Normal,Good,1,1,3,2,200.0
Adult,1,4,8,Normal,Good,2,1,1,0,0.0
Adult,1,4,8,Normal,Poor,0,14,16,2,14.29
Adult,1,4,8,Normal,Poor,2,2,2,0,0.0
Adult,1,4,8,Obese,Fair,0,408,408,0,0.0
Adult,1,4,8,Obese,Fair,1,11,10,-1,9.09
Adult,1,4,8,Obese,Fair,2,59,60,1,1.69
Adult,1,4,8,Obese,Good,0,459,459,0,0.0
Adult,1,4,8,Obese,Good,1,5,5,0,0.0
Adult,1,4,8,Obese,Good,2,30,32,2,6.67
Adult,1,4,8,Obese,Poor,0,75,77,2,2.67
Adult,1,4,8,Obese,Poor,1,2,0,-2,100.0
Adult,1,4,8,Obese,Poor,2,28,29,1,3.57
Adult,1,4,8,Overweight,Fair,0,249,249,0,0.0
Adult,1,4,8,Overweight,Fair,2,18,17,-1,5.56
Adult,1,4,8,Overweight,Good,0,592,594,2,0.34
Adult,1,4,8,Overweight,Good,1,3,0,-3,100.0
Adult,1,4,8,Overweight,Good,2,11,13,2,18.18
Adult,1,4,8,Overweight,Poor,0,36,35,-1,2.78
Adult,1,4,8,Overweight,Poor,1,1,1,0,0.0
Adult,1,4,8,Overweight,Poor,2,9,9,0,0.0
Adult,1,5,1,Normal,Fair,0,14,16,2,14.29
Adult,1,5,1,Normal,Fair,2,2,2,0,0.0
Adult,1,5,1,Normal,Good,0,9,11,2,22.22
Adult,1,5,1,Normal,Poor,0,15,19,4,26.67
Adult,1,5,1,Normal,Poor,2,2,1,-1,50.0
Adult,1,5,1,Obese,Fair,0,33,32,-1,3.03
Adult,1,5,1,Obese,Fair,2,5,4,-1,20.0
Adult,1,5,1,Obese,Good,0,27,25,-2,7.41
Adult,1,5,1,Obese,Good,1,1,1,0,0.0
Adult,1,5,1,Obese,Good,2,1,1,0,0.0
Adult,1,5,1,Obese,Poor,0,35,33,-2,5.71
Adult,1,5,1,Obese,Poor,1,2,4,2,100.0
Adult,1,5,1,Obese,Poor,2,22,24,2,9.09
Adult,1,5,1,Overweight,Fair,0,18,20,2,11.11
Adult,1,5,1,Overweight,Fair,2,6,6,0,0.0
Adult,1,5,1,Overweight,Good,0,19,19,0,0.0
Adult,1,5,1,Overweight,Good,2,1,2,1,100.0
Adult,1,5,1,Overweight,Poor,0,24,24,0,0.0
Adult,1,5,1,Overweight,Poor,1,3,3,0,0.0
Adult,1,5,1,Overweight,Poor,2,5,6,1,20.0
Adult,1,5,2,Normal,Fair,0,18,16,-2,11.11
Adult,1,5,2,Normal,Fair,2,1,3,2,200.0
Adult,1,5,2,Normal,Good,0,12,13,1,8.33
Adult,1,5,2,Normal,Good,1,1,1,0,0.0
Adult,1,5,2,Normal,Good,2,3,4,1,33.33
Adult,1,5,2,Normal,Poor,0,23,24,1,4.35
Adult,1,5,2,Normal,Poor,2,6,5,-1,16.67
Adult,1,5,2,Obese,Fair,0,21,22,1,4.76
Adult,1,5,2,Obese,Fair,1,2,4,2,100.0
Adult,1,5,2,Obese,Fair,2,6,7,1,16.67
Adult,1,5,2,Obese,Good,0,22,21,-1,4.55
Adult,1,5,2,Obese,Good,2,5,5,0,0.0
Adult,1,5,2,Obese,Poor,0,41,40,-1,2.44
Adult,1,5,2,Obese,Poor,1,3,3,0,0.0
Adult,1,5,2,Obese,Poor,2,26,26,0,0.0
Adult,1,5,2,Overweight,Fair,0,19,19,0,0.0
Adult,1,5,2,Overweight,Fair,2,4,4,0,0.0
Adult,1,5,2,Overweight,Good,0,12,12,0,0.0
Adult,1,5,2,Overweight,Good,2,2,1,-1,50.0
Adult,1,5,2,Overweight,Poor,0,23,21,-2,8.7
Adult,1,5,2,Overweight,Poor,1,2,2,0,0.0
Adult,1,5,2,Overweight,Poor,2,10,7,-3,30.0
Adult,1,5,3,Normal,Fair,0,25,24,-1,4.0
Adult,1,5,3,Normal,Fair,2,2,2,0,0.0
Adult,1,5,3,Normal,Good,0,27,32,5,18.52
Adult,1,5,3,Normal,Poor,0,19,18,-1,5.26
Adult,1,5,3,Normal,Poor,1,2,2,0,0.0
Adult,1,5,3,Normal,Poor,2,6,4,-2,33.33
Adult,1,5,3,Obese,Fair,0,36,35,-1,2.78
Adult,1,5,3,Obese,Fair,1,1,2,1,100.0
Adult,1,5,3,Obese,Fair,2,16,16,0,0.0
Adult,1,5,3,Obese,Good,0,41,44,3,7.32
Adult,1,5,3,Obese,Good,2,6,5,-1,16.67
Adult,1,5,3,Obese,Poor,0,40,40,0,0.0
Adult,1,5,3,Obese,Poor,1,2,0,-2,100.0
Adult,1,5,3,Obese,Poor,2,28,28,0,0.0
Adult,1,5,3,Overweight,Fair,0,40,40,0,0.0
Adult,1,5,3,Overweight,Fair,2,4,6,2,50.0
Adult,1,5,3,Overweight,Good,0,31,26,-5,16.13
Adult,1,5,3,Overweight,Good,2,1,1,0,0.0
Adult,1,5,3,Overweight,Poor,0,30,31,1,3.33
Adult,1,5,3,Overweight,Poor,2,7,8,1,14.29
Adult,1,5,4,Normal,Fair,0,24,24,0,0.0
Adult,1,5,4,Normal,Fair,2,1,0,-1,100.0
Adult,1,5,4,Normal,Good,0,39,40,1,2.56
Adult,1,5,4,Normal,Good,2,1,1,0,0.0
Adult,1,5,4,Normal,Poor,0,10,10,0,0.0
Adult,1,5,4,Normal,Poor,2,4,5,1,25.0
Adult,1,5,4,Obese,Fair,0,52,53,1,1.92
Adult,1,5,4,Obese,Fair,1,1,2,1,100.0
Adult,1,5,4,Obese,Fair,2,17,15,-2,11.76
Adult,1,5,4,Obese,Good,0,48,48,0,0.0
Adult,1,5,4,Obese,Good,2,8,8,0,0.0
Adult,1,5,4,Obese,Poor,0,41,41,0,0.0
Adult,1,5,4,Obese,Poor,1,1,1,0,0.0
Adult,1,5,4,Obese,Poor,2,22,21,-1,4.55
Adult,1,5,4,Overweight,Fair,0,59,59,0,0.0
Adult,1,5,4,Overweight,Fair,2,5,6,1,20.0
Adult,1,5,4,Overweight,Good,0,81,79,-2,2.47
Adult,1,5,4,Overweight,Good,1,1,1,0,0.0
Adult,1,5,4,Overweight,Poor,0,34,32,-2,5.88
Adult,1,5,4,Overweight,Poor,1,1,1,0,0.0
Adult,1,5,4,Overweight,Poor,2,16,17,1,6.25
Adult,1,5,5,Normal,Fair,0,24,24,0,0.0
Adult,1,5,5,Normal,Fair,2,5,5,0,0.0
Adult,1,5,5,Normal,Good,0,72,72,0,0.0
Adult,1,5,5,Normal,Good,1,1,0,-1,100.0
Adult,1,5,5,Normal,Good,2,1,2,1,100.0
Adult,1,5,5,Normal,Poor,0,14,15,1,7.14
Adult,1,5,5,Normal,Poor,2,4,5,1,25.0
Adult,1,5,5,Obese,Fair,0,91,93,2,2.2
Adult,1,5,5,Obese,Fair,1,4,7,3,75.0
Adult,1,5,5,Obese,Fair,2,14,13,-1,7.14
Adult,1,5,5,Obese,Good,0,90,90,0,0.0
Adult,1,5,5,Obese,Good,2,6,8,2,33.33
Adult,1,5,5,Obese,Poor,0,51,51,0,0.0
Adult,1,5,5,Obese,Poor,1,4,5,1,25.0
Adult,1,5,5,Obese,Poor,2,38,36,-2,5.26
Adult,1,5,5,Overweight,Fair,0,83,83,0,0.0
Adult,1,5,5,Overweight,Fair,1,1,3,2,200.0
Adult,1,5,5,Overweight,Fair,2,5,5,0,0.0
Adult,1,5,5,Overweight,Good,0,102,102,0,0.0
Adult,1,5,5,Overweight,Good,2,3,2,-1,33.33
Adult,1,5,5,Overweight,Poor,0,15,14,-1,6.67
Adult,1,5,5,Overweight,Poor,1,2,2,0,0.0
Adult,1,5,5,Overweight,Poor,2,5,4,-1,20.0
Adult,1,5,6,Normal,Fair,0,52,54,2,3.85
Adult,1,5,6,Normal,Fair,1,1,2,1,100.0
Adult,1,5,6,Normal,Fair,2,1,1,0,0.0
Adult,1,5,6,Normal,Good,0,110,110,0,0.0
Adult,1,5,6,Normal,Good,1,1,1,0,0.0
Adult,1,5,6,Normal,Good,2,4,4,0,0.0
Adult,1,5,6,Normal,Poor,0,20,20,0,0.0
Adult,1,5,6,Normal,Poor,2,2,3,1,50.0
Adult,1,5,6,Obese,Fair,0,185,186,1,0.54
Adult,1,5,6,Obese,Fair,1,8,9,1,12.5
Adult,1,5,6,Obese,Fair,2,38,37,-1,2.63
Adult,1,5,6,Obese,Good,0,201,201,0,0.0
Adult,1,5,6,Obese,Good,1,4,4,0,0.0
Adult,1,5,6,Obese,Good,2,10,10,0,0.0
Adult,1,5,6,Obese,Poor,0,61,63,2,3.28
Adult,1,5,6,Obese,Poor,1,5,5,0,0.0
Adult,1,5,6,Obese,Poor,2,26,26,0,0.0
Adult,1,5,6,Overweight,Fair,0,109,108,-1,0.92
Adult,1,5,6,Overweight,Fair,1,2,1,-1,50.0
Adult,1,5,6,Overweight,Fair,2,9,11,2,22.22
Adult,1,5,6,Overweight,Good,0,247,251,4,1.62
Adult,1,5,6,Overweight,Good,1,1,1,0,0.0
Adult,1,5,6,Overweight,Good,2,8,9,1,12.5
Adult,1,5,6,Overweight,Poor,0,37,37,0,0.0
Adult,1,5,6,Overweight,Poor,1,2,2,0,0.0
Adult,1,5,6,Overweight,Poor,2,13,12,-1,7.69
Adult,1,5,7,Normal,Fair,0,60,61,1,1.67
Adult,1,5,7,Normal,Fair,2,4,6,2,50.0
Adult,1,5,7,Normal,Good,0,160,161,1,0.62
Adult,1,5,7,Normal,Good,1,1,0,-1,100.0
Adult,1,5,7,Normal,Good,2,2,2,0,0.0
Adult,1,5,7,Normal,Poor,0,18,19,1,5.56
Adult,1,5,7,Normal,Poor,2,4,3,-1,25.0
Adult,1,5,7,Obese,Fair,0,280,280,0,0.0
Adult,1,5,7,Obese,Fair,1,4,3,-1,25.0
Adult,1,5,7,Obese,Fair,2,48,48,0,0.0
Adult,1,5,7,Obese,Good,0,314,314,0,0.0
Adult,1,5,7,Obese,Good,1,6,6,0,0.0
Adult,1,5,7,Obese,Good,2,28,29,1,3.57
Adult,1,5,7,Obese,Poor,0,75,76,1,1.33
Adult,1,5,7,Obese,Poor,1,8,9,1,12.5
Adult,1,5,7,Obese,Poor,2,31,31,0,0.0
Adult,1,5,7,Overweight,Fair,0,190,189,-1,0.53
Adult,1,5,7,Overweight,Fair,1,1,2,1,100.0
Adult,1,5,7,Overweight,Fair,2,14,14,0,0.0
Adult,1,5,7,Overweight,Good,0,385,383,-2,0.52
Adult,1,5,7,Overweight,Good,1,6,6,0,0.0
Adult,1,5,7,Overweight,Good,2,11,11,0,0.0
Adult,1,5,7,Overweight,Poor,0,29,28,-1,3.45
Adult,1,5,7,Overweight,Poor,1,1,0,-1,100.0
Adult,1,5,7,Overweight,Poor,2,9,9,0,0.0
Adult,1,5,8,Normal,Fair,0,79,79,0,0.0
Adult,1,5,8,Normal,Fair,2,4,4,0,0.0
Adult,1,5,8,Normal,Good,0,319,318,-1,0.31
Adult,1,5,8,Normal,Good,2,5,3,-2,40.0
Adult,1,5,8,Normal,Poor,0,24,23,-1,4.17
Adult,1,5,8,Normal,Poor,2,2,2,0,0.0
Adult,1,5,8,Obese,Fair,0,502,502,0,0.0
Adult,1,5,8,Obese,Fair,1,7,7,0,0.0
Adult,1,5,8,Obese,Fair,2,89,88,-1,1.12
Adult,1,5,8,Obese,Good,0,742,742,0,0.0
Adult,1,5,8,Obese,Good,1,7,6,-1,14.29
Adult,1,5,8,Obese,Good,2,51,51,0,0.0
Adult,1,5,8,Obese,Poor,0,96,93,-3,3.12
Adult,1,5,8,Obese,Poor,1,7,8,1,14.29
Adult,1,5,8,Obese,Poor,2,39,39,0,0.0
Adult,1,5,8,Overweight,Fair,0,316,317,1,0.32
Adult,1,5,8,Overweight,Fair,1,6,6,0,0.0
Adult,1,5,8,Overweight,Fair,2,36,36,0,0.0
Adult,1,5,8,Overweight,Good,0,836,836,0,0.0
Adult,1,5,8,Overweight,Good,1,3,4,1,33.33
Adult,1,5,8,Overweight,Good,2,23,24,1,4.35
Adult,1,5,8,Overweight,Poor,0,38,35,-3,7.89
Adult,1,5,8,Overweight,Poor,2,7,6,-1,14.29
Adult,1,6,1,Normal,Fair,0,7,6,-1,14.29
Adult,1,6,1,Normal,Fair,1,1,1,0,0.0
Adult,1,6,1,Normal,Good,0,14,17,3,21.43
Adult,1,6,1,Normal,Poor,0,6,5,-1,16.67
Adult,1,6,1,Normal,Poor,2,2,3,1,50.0
Adult,1,6,1,Obese,Fair,0,11,11,0,0.0
Adult,1,6,1,Obese,Fair,2,1,0,-1,100.0
Adult,1,6,1,Obese,Good,0,14,14,0,0.0
Adult,1,6,1,Obese,Good,1,1,2,1,100.0
Adult,1,6,1,Obese,Good,2,1,0,-1,100.0
Adult,1,6,1,Obese,Poor,0,15,15,0,0.0
Adult,1,6,1,Obese,Poor,1,2,0,-2,100.0
Adult,1,6,1,Obese,Poor,2,11,12,1,9.09
Adult,1,6,1,Overweight,Fair,0,16,17,1,6.25
Adult,1,6,1,Overweight,Fair,2,4,5,1,25.0
Adult,1,6,1,Overweight,Good,0,24,25,1,4.17
Adult,1,6,1,Overweight,Poor,0,12,12,0,0.0
Adult,1,6,1,Overweight,Poor,1,2,3,1,50.0
Adult,1,6,1,Overweight,Poor,2,3,4,1,33.33
Adult,1,6,2,Normal,Fair,0,7,7,0,0.0
Adult,1,6,2,Normal,Good,0,8,7,-1,12.5
Adult,1,6,2,Normal,Poor,0,7,9,2,28.57
Adult,1,6,2,Normal,Poor,2,1,2,1,100.0
Adult,1,6,2,Obese,Fair,0,12,11,-1,8.33
Adult,1,6,2,Obese,Fair,1,1,3,2,200.0
Adult,1,6,2,Obese,Fair,2,1,1,0,0.0
Adult,1,6,2,Obese,Good,0,9,7,-2,22.22
Adult,1,6,2,Obese,Good,2,1,0,-1,100.0
Adult,1,6,2,Obese,Poor,0,18,17,-1,5.56
Adult,1,6,2,Obese,Poor,1,1,5,4,400.0
Adult,1,6,2,Obese,Poor,2,13,12,-1,7.69
Adult,1,6,2,Overweight,Fair,0,6,8,2,33.33
Adult,1,6,2,Overweight,Fair,2,2,2,0,0.0
Adult,1,6,2,Overweight,Good,0,15,14,-1,6.67
Adult,1,6,2,Overweight,Good,2,1,0,-1,100.0
Adult,1,6,2,Overweight,Poor,0,10,9,-1,10.0
Adult,1,6,2,Overweight,Poor,2,3,1,-2,66.67
Adult,1,6,3,Normal,Fair,0,12,19,7,58.33
Adult,1,6,3,Normal,Fair,2,1,1,0,0.0
Adult,1,6,3,Normal,Good,0,21,23,2,9.52
Adult,1,6,3,Normal,Good,1,1,2,1,100.0
Adult,1,6,3,Normal,Poor,0,9,9,0,0.0
Adult,1,6,3,Normal,Poor,2,3,4,1,33.33
Adult,1,6,3,Obese,Fair,0,16,16,0,0.0
Adult,1,6,3,Obese,Fair,2,6,6,0,0.0
Adult,1,6,3,Obese,Good,0,21,23,2,9.52
Adult,1,6,3,Obese,Good,2,3,3,0,0.0
Adult,1,6,3,Obese,Poor,0,16,17,1,6.25
Adult,1,6,3,Obese,Poor,1,1,0,-1,100.0
Adult,1,6,3,Obese,Poor,2,8,6,-2,25.0
Adult,1,6,3,Overweight,Fair,0,16,15,-1,6.25
Adult,1,6,3,Overweight,Fair,2,2,2,0,0.0
Adult,1,6,3,Overweight,Good,0,21,21,0,0.0
Adult,1,6,3,Overweight,Good,2,1,0,-1,100.0
Adult,1,6,3,Overweight,Poor,0,16,16,0,0.0
Adult,1,6,3,Overweight,Poor,2,1,0,-1,100.0
Adult,1,6,4,Normal,Fair,0,16,16,0,0.0
Adult,1,6,4,Normal,Fair,2,1,1,0,0.0
Adult,1,6,4,Normal,Good,0,26,26,0,0.0
Adult,1,6,4,Normal,Good,2,2,3,1,50.0
Adult,1,6,4,Normal,Poor,0,8,8,0,0.0
Adult,1,6,4,Normal,Poor,2,2,2,0,0.0
Adult,1,6,4,Obese,Fair,0,31,31,0,0.0
Adult,1,6,4,Obese,Fair,2,9,11,2,22.22
Adult,1,6,4,Obese,Good,0,30,31,1,3.33
Adult,1,6,4,Obese,Good,1,1,3,2,200.0
Adult,1,6,4,Obese,Good,2,3,4,1,33.33
Adult,1,6,4,Obese,Poor,0,23,23,0,0.0
Adult,1,6,4,Obese,Poor,2,17,19,2,11.76
Adult,1,6,4,Overweight,Fair,0,40,41,1,2.5
Adult,1,6,4,Overweight,Fair,1,1,0,-1,100.0
Adult,1,6,4,Overweight,Fair,2,2,2,0,0.0
Adult,1,6,4,Overweight,Good,0,52,50,-2,3.85
Adult,1,6,4,Overweight,Good,2,3,3,0,0.0
Adult,1,6,4,Overweight,Poor,0,11,10,-1,9.09
Adult,1,6,4,Overweight,Poor,1,2,0,-2,100.0
Adult,1,6,4,Overweight,Poor,2,6,6,0,0.0
Adult,1,6,5,Normal,Fair,0,20,20,0,0.0
Adult,1,6,5,Normal,Fair,2,4,4,0,0.0
Adult,1,6,5,Normal,Good,0,53,52,-1,1.89
Adult,1,6,5,Normal,Good,2,2,2,0,0.0
Adult,1,6,5,Normal,Poor,0,10,9,-1,10.0
Adult,1,6,5,Normal,Poor,2,3,2,-1,33.33
Adult,1,6,5,Obese,Fair,0,54,54,0,0.0
Adult,1,6,5,Obese,Fair,1,1,1,0,0.0
Adult,1,6,5,Obese,Fair,2,12,12,0,0.0
Adult,1,6,5,Obese,Good,0,58,59,1,1.72
Adult,1,6,5,Obese,Good,2,1,0,-1,100.0
Adult,1,6,5,Obese,Poor,0,16,16,0,0.0
Adult,1,6,5,Obese,Poor,2,16,14,-2,12.5
Adult,1,6,5,Overweight,Fair,0,45,46,1,2.22
Adult,1,6,5,Overweight,Fair,2,6,7,1,16.67
Adult,1,6,5,Overweight,Good,0,85,87,2,2.35
Adult,1,6,5,Overweight,Good,1,3,2,-1,33.33
Adult,1,6,5,Overweight,Good,2,1,1,0,0.0
Adult,1,6,5,Overweight,Poor,0,14,14,0,0.0
Adult,1,6,5,Overweight,Poor,2,7,8,1,14.29
Adult,1,6,6,Normal,Fair,0,38,41,3,7.89
Adult,1,6,6,Normal,Fair,2,1,0,-1,100.0
Adult,1,6,6,Normal,Good,0,143,143,0,0.0
Adult,1,6,6,Normal,Good,1,1,1,0,0.0
Adult,1,6,6,Normal,Good,2,2,3,1,50.0
Adult,1,6,6,Normal,Poor,0,7,6,-1,14.29
Adult,1,6,6,Normal,Poor,1,1,2,1,100.0
Adult,1,6,6,Normal,Poor,2,4,6,2,50.0
Adult,1,6,6,Obese,Fair,0,121,125,4,3.31
Adult,1,6,6,Obese,Fair,1,5,4,-1,20.0
Adult,1,6,6,Obese,Fair,2,26,26,0,0.0
Adult,1,6,6,Obese,Good,0,147,142,-5,3.4
Adult,1,6,6,Obese,Good,1,1,1,0,0.0
Adult,1,6,6,Obese,Good,2,14,14,0,0.0
Adult,1,6,6,Obese,Poor,0,35,35,0,0.0
Adult,1,6,6,Obese,Poor,1,2,2,0,0.0
Adult,1,6,6,Obese,Poor,2,13,12,-1,7.69
Adult,1,6,6,Overweight,Fair,0,102,103,1,0.98
Adult,1,6,6,Overweight,Fair,1,1,2,1,100.0
Adult,1,6,6,Overweight,Fair,2,13,13,0,0.0
Adult,1,6,6,Overweight,Good,0,214,213,-1,0.47
Adult,1,6,6,Overweight,Good,2,11,11,0,0.0
Adult,1,6,6,Overweight,Poor,0,19,20,1,5.26
Adult,1,6,6,Overweight,Poor,2,2,3,1,50.0
Adult,1,6,7,Normal,Fair,0,67,66,-1,1.49
Adult,1,6,7,Normal,Fair,2,2,2,0,0.0
Adult,1,6,7,Normal,Good,0,268,267,-1,0.37
Adult,1,6,7,Normal,Good,1,1,2,1,100.0
Adult,1,6,7,Normal,Good,2,7,5,-2,28.57
Adult,1,6,7,Normal,Poor,0,14,16,2,14.29
Adult,1,6,7,Normal,Poor,2,3,3,0,0.0
Adult,1,6,7,Obese,Fair,0,234,235,1,0.43
Adult,1,6,7,Obese,Fair,1,8,8,0,0.0
Adult,1,6,7,Obese,Fair,2,46,47,1,2.17
Adult,1,6,7,Obese,Good,0,298,297,-1,0.34
Adult,1,6,7,Obese,Good,1,5,5,0,0.0
Adult,1,6,7,Obese,Good,2,27,28,1,3.7
Adult,1,6,7,Obese,Poor,0,73,74,1,1.37
Adult,1,6,7,Obese,Poor,1,3,1,-2,66.67
Adult,1,6,7,Obese,Poor,2,26,28,2,7.69
Adult,1,6,7,Overweight,Fair,0,161,162,1,0.62
Adult,1,6,7,Overweight,Fair,2,20,19,-1,5.0
Adult,1,6,7,Overweight,Good,0,542,542,0,0.0
Adult,1,6,7,Overweight,Good,1,4,6,2,50.0
Adult,1,6,7,Overweight,Good,2,15,15,0,0.0
Adult,1,6,7,Overweight,Poor,0,25,24,-1,4.0
Adult,1,6,7,Overweight,Poor,1,1,0,-1,100.0
Adult,1,6,7,Overweight,Poor,2,6,7,1,16.67
Adult,1,6,7,Underweight,Good,0,6,7,1,16.67
Adult,1,6,8,Normal,Fair,0,260,260,0,0.0
Adult,1,6,8,Normal,Fair,1,4,3,-1,25.0
Adult,1,6,8,Normal,Fair,2,15,16,1,6.67
Adult,1,6,8,Normal,Good,0,1270,1268,-2,0.16
Adult,1,6,8,Normal,Good,1,5,6,1,20.0
Adult,1,6,8,Normal,Good,2,25,25,0,0.0
Adult,1,6,8,Normal,Poor,0,48,48,0,0.0
Adult,1,6,8,Normal,Poor,2,4,4,0,0.0
Adult,1,6,8,Obese,Fair,0,972,972,0,0.0
Adult,1,6,8,Obese,Fair,1,25,25,0,0.0
Adult,1,6,8,Obese,Fair,2,166,166,0,0.0
Adult,1,6,8,Obese,Good,0,1442,1443,1,0.07
Adult,1,6,8,Obese,Good,1,17,16,-1,5.88
Adult,1,6,8,Obese,Good,2,87,87,0,0.0
Adult,1,6,8,Obese,Poor,0,160,160,0,0.0
Adult,1,6,8,Obese,Poor,1,10,12,2,20.0
Adult,1,6,8,Obese,Poor,2,63,64,1,1.59
Adult,1,6,8,Overweight,Fair,0,732,732,0,0.0
Adult,1,6,8,Overweight,Fair,1,9,8,-1,11.11
Adult,1,6,8,Overweight,Fair,2,73,73,0,0.0
Adult,1,6,8,Overweight,Good,0,2302,2301,-1,0.04
Adult,1,6,8,Overweight,Good,1,10,10,0,0.0
Adult,1,6,8,Overweight,Good,2,78,79,1,1.28
Adult,1,6,8,Overweight,Poor,0,85,83,-2,2.35
Adult,1,6,8,Overweight,Poor,1,2,2,0,0.0
Adult,1,6,8,Overweight,Poor,2,20,20,0,0.0
Adult,1,6,8,Underweight,Good,0,28,28,0,0.0
Any,0,1,6,Any,Fair,0,3,2,-1,33.33
Any,0,1,6,Any,Fair,2,2,4,2,100.0
Any,0,1,7,Any,Good,0,6,6,0,0.0
Any,0,1,Low,Any,Fair,0,3,4,1,33.33
Any,0,1,Low,Any,Fair,2,4,1,-3,75.0
Any,0,1,Low,Any,Good,0,6,6,0,0.0
Any,0,1,Low,Any,Poor,0,4,0,-4,100.0
Any,0,1,Low,Any,Poor,1,1,2,1,100.0
Any,0,1,Low,Any,Poor,2,3,4,1,33.33
Any,0,1,Middle,Any,Fair,0,4,6,2,50.0
Any,0,1,Middle,Any,Fair,2,1,0,-1,100.0
Any,0,1,Middle,Any,Good,0,5,6,1,20.0
Any,0,1,Middle,Any,Poor,0,7,6,-1,14.29
Any,0,1,Middle,Any,Poor,2,1,1,0,0.0
Any,0,2,1,Any,Poor,0,6,6,0,0.0
Any,0,2,3,Any,Fair,0,6,6,0,0.0
Any,0,2,5,Any,Fair,0,6,5,-1,16.67
Any,0,2,6,Any,Fair,0,5,4,-1,20.0
Any,0,2,6,Any,Fair,2,2,0,-2,100.0
Any,0,2,7,Any,Fair,0,4,5,1,25.0
Any,0,2,7,Any,Fair,2,2,2,0,0.0
Any,0,2,7,Any,Good,0,6,7,1,16.67
Any,0,2,8,Any,Poor,0,2,2,0,0.0
Any,0,2,8,Any,Poor,1,1,0,-1,100.0
Any,0,2,8,Any,Poor,2,2,0,-2,100.0
Any,0,2,Low,Any,Good,0,9,10,1,11.11
Any,0,2,Low,Any,Good,2,1,1,0,0.0
Any,0,2,Low,Any,Poor,0,6,9,3,50.0
Any,0,2,Low,Any,Poor,2,1,2,1,100.0
Any,0,2,Low-Middle,Any,Fair,0,6,12,6,100.0
Any,0,2,Low-Middle,Any,Fair,2,1,0,-1,100.0
Any,0,2,Middle,Any,Good,0,7,7,0,0.0
Any,0,2,Middle,Any,Poor,0,6,7,1,16.67
Any,0,2,Middle,Any,Poor,2,2,2,0,0.0
Any,0,3,3,Any,Fair,0,6,6,0,0.0
Any,0,3,3,Any,Fair,2,2,3,1,50.0
Any,0,3,5,Any,Good,0,5,6,1,20.0
Any,0,3,6,Any,Poor,0,4,5,1,25.0
Any,0,3,6,Any,Poor,2,1,5,4,400.0
Any,0,3,7,Any,Good,0,5,1,-4,80.0
Any,0,3,7,Any,Poor,0,4,3,-1,25.0
Any,0,3,7,Any,Poor,2,1,2,1,100.0
Any,0,3,8,Any,Good,0,6,5,-1,16.67
Any,0,3,Any,Any,Fair,0,8,7,-1,12.5
Any,0,3,Low,Any,Good,0,6,6,0,0.0
Any,0,3,Low,Any,Poor,0,7,7,0,0.0
Any,0,3,Low,Any,Poor,1,1,0,-1,100.0
Any,0,3,Middle,Any,Fair,0,9,8,-1,11.11
Any,0,4,1,Any,Good,0,7,6,-1,14.29
Any,0,4,7,Any,Poor,0,6,5,-1,16.67
Any,0,4,8,Any,Fair,0,6,4,-2,33.33
Any,0,4,8,Any,Poor,0,5,5,0,0.0
Any,0,4,8,Any,Poor,2,1,4,3,300.0
Any,0,4,Low,Any,Good,0,4,4,0,0.0
Any,0,4,Low,Any,Good,2,1,4,3,300.0
Any,0,4,Low-Middle,Any,Fair,0,7,6,-1,14.29
Any,0,4,Middle,Any,Good,0,6,7,1,16.67
Any,0,5,3,Any,Fair,0,5,5,0,0.0
Any,0,5,7,Any,Poor,0,5,5,0,0.0
Any,0,5,7,Any,Poor,2,2,3,1,50.0
Any,0,5,8,Any,Fair,0,6,6,0,0.0
Any,0,5,8,Any,Fair,2,1,1,0,0.0
Any,0,5,Middle,Any,Fair,0,8,6,-2,25.0
Any,0,5,Middle,Any,Poor,0,4,5,1,25.0
Any,0,5,Middle,Any,Poor,2,1,3,2,200.0
Any,0,6,3,Any,Fair,0,6,6,0,0.0
Any,0,6,3,Any,Good,0,7,7,0,0.0
Any,0,6,4,Any,Good,0,5,4,-1,20.0
Any,0,6,Any,Any,Poor,0,3,3,0,0.0
Any,0,6,Any,Any,Poor,1,1,1,0,0.0
Any,0,6,Any,Any,Poor,2,1,0,-1,100.0
Any,0,6,Low-Middle,Any,Good,0,6,7,1,16.67
Any,0,6,Low-Middle,Any,Good,2,1,1,0,0.0
Any,0,6,Middle,Any,Fair,0,6,11,5,83.33
Any,0,6,Middle,Any,Poor,0,8,8,0,0.0
Any,0,Any,Any,Any,Any,0,8,6,-2,25.0
Any,0,LowEdu,Any,Any,Fair,0,7,7,0,0.0
Any,0,LowEdu,Any,Any,Fair,2,1,1,0,0.0
Any,0,LowEdu,Any,Any,Poor,0,5,2,-3,60.0
Any,0,LowEdu,Any,Any,Poor,2,2,0,-2,100.0
Any,0,MidEdu,Any,Any,Good,0,6,4,-2,33.33
Any,0,MidEdu,Any,Any,Poor,0,6,6,0,0.0
Any,0,MidEdu,Any,Any,Poor,2,1,1,0,0.0
Any,1,1,1,Any,Poor,0,6,6,0,0.0
Any,1,1,1,Any,Poor,2,1,0,-1,100.0
Any,1,1,5,Any,Poor,0,5,8,3,60.0
Any,1,1,5,Any,Poor,2,1,0,-1,100.0
Any,1,1,Any,Any,Poor,0,3,3,0,0.0
Any,1,1,Any,Any,Poor,2,3,5,2,66.67
Any,1,1,High,Any,Good,0,5,4,-1,20.0
Any,1,1,Low,Any,Fair,0,7,10,3,42.86
Any,1,1,Low,Any,Fair,2,3,3,0,0.0
Any,1,1,Low,Any,Good,0,5,5,0,0.0
Any,1,1,Middle,Any,Fair,0,9,8,-1,11.11
Any,1,1,Middle,Any,Fair,2,1,1,0,0.0
Any,1,1,Middle,Any,Good,0,6,7,1,16.67
Any,1,1,Middle,Any,Good,2,1,1,0,0.0
Any,1,1,Middle,Any,Poor,0,4,4,0,0.0
Any,1,1,Middle,Any,Poor,1,1,0,-1,100.0
Any,1,1,Middle,Any,Poor,2,2,2,0,0.0
Any,1,2,1,Any,Fair,0,5,5,0,0.0
Any,1,2,1,Any,Poor,0,5,7,2,40.0
Any,1,2,1,Any,Poor,2,2,1,-1,50.0
Any,1,2,2,Any,Good,0,5,5,0,0.0
Any,1,2,2,Any,Good,1,1,4,3,300.0
Any,1,2,3,Any,Poor,0,4,4,0,0.0
Any,1,2,3,Any,Poor,2,2,2,0,0.0
Any,1,2,4,Any,Fair,0,6,7,1,16.67
Any,1,2,6,Any,Fair,0,5,5,0,0.0
Any,1,2,6,Any,Fair,2,1,0,-1,100.0
Any,1,2,7,Any,Poor,0,4,4,0,0.0
Any,1,2,7,Any,Poor,1,1,2,1,100.0
Any,1,2,7,Any,Poor,2,1,5,4,400.0
Any,1,2,8,Any,Good,0,6,8,2,33.33
Any,1,2,8,Any,Good,2,1,5,4,400.0
Any,1,2,8,Any,Poor,0,3,2,-1,33.33
Any,1,2,8,Any,Poor,2,3,3,0,0.0
Any,1,2,Any,Any,Good,0,4,5,1,25.0
Any,1,2,Any,Any,Good,2,1,0,-1,100.0
Any,1,2,High,Any,Fair,0,5,5,0,0.0
Any,1,2,High,Any,Fair,2,1,0,-1,100.0
Any,1,2,Low,Any,Fair,0,5,4,-1,20.0
Any,1,2,Low,Any,Good,0,7,7,0,0.0
Any,1,2,Low,Any,Good,2,1,2,1,100.0
Any,1,2,Middle,Any,Poor,0,5,5,0,0.0
Any,1,2,Middle,Any,Poor,2,1,1,0,0.0
Any,1,3,1,Any,Poor,0,4,4,0,0.0
Any,1,3,1,Any,Poor,2,2,2,0,0.0
Any,1,3,3,Any,Poor,0,3,2,-1,33.33
Any,1,3,3,Any,Poor,2,2,3,1,50.0
Any,1,3,8,Any,Fair,0,5,5,0,0.0
Any,1,3,8,Any,Fair,2,2,2,0,0.0
Any,1,3,Any,Any,Poor,0,6,6,0,0.0
Any,1,3,Any,Any,Poor,2,1,1,0,0.0
Any,1,3,High,Any,Good,0,6,6,0,0.0
Any,1,3,High,Any,Good,1,1,0,-1,100.0
Any,1,3,Low,Any,Fair,0,5,4,-1,20.0
Any,1,3,Middle,Any,Fair,0,5,8,3,60.0
Any,1,3,Middle,Any,Fair,1,1,1,0,0.0
Any,1,3,Middle,Any,Good,0,7,7,0,0.0
Any,1,3,Middle,Any,Good,2,2,2,0,0.0
Any,1,3,Middle,Any,Poor,0,5,7,2,40.0
Any,1,3,Middle,Any,Poor,2,1,2,1,100.0
Any,1,4,1,Any,Good,0,5,6,1,20.0
Any,1,4,1,Any,Good,1,1,0,-1,100.0
Any,1,4,1,Any,Good,2,1,1,0,0.0
Any,1,4,2,Any,Fair,0,4,5,1,25.0
Any,1,4,2,Any,Fair,2,1,0,-1,100.0
Any,1,4,2,Any,Good,0,6,6,0,0.0
Any,1,4,3,Any,Fair,0,7,5,-2,28.57
Any,1,4,3,Any,Poor,0,5,6,1,20.0
Any,1,4,5,Any,Poor,0,8,7,-1,12.5
Any,1,4,6,Any,Poor,0,5,3,-2,40.0
Any,1,4,7,Any,Good,0,6,6,0,0.0
Any,1,4,8,Any,Good,0,8,9,1,12.5
Any,1,4,8,Any,Poor,0,3,3,0,0.0
Any,1,4,8,Any,Poor,2,2,2,0,0.0
Any,1,4,Any,Any,Poor,0,7,6,-1,14.29
Any,1,4,Any,Any,Poor,2,1,0,-1,100.0
Any,1,4,High,Any,Fair,0,4,6,2,50.0
Any,1,4,High,Any,Fair,2,1,0,-1,100.0
Any,1,4,Low,Any,Poor,0,4,3,-1,25.0
Any,1,4,Low,Any,Poor,2,2,2,0,0.0
Any,1,4,Middle,Any,Fair,0,5,5,0,0.0
Any,1,4,Middle,Any,Good,0,7,7,0,0.0
Any,1,5,1,Any,Good,0,4,4,0,0.0
Any,1,5,1,Any,Good,2,1,2,1,100.0
Any,1,5,2,Any,Fair,0,6,6,0,0.0
Any,1,5,2,Any,Fair,2,1,0,-1,100.0
Any,1,5,3,Any,Fair,0,7,6,-1,14.29
Any,1,5,3,Any,Fair,2,1,1,0,0.0
Any,1,5,3,Any,Poor,0,5,4,-1,20.0
Any,1,5,4,Any,Good,0,7,6,-1,14.29
Any,1,5,5,Any,Good,0,7,8,1,14.29
Any,1,5,8,Any,Fair,0,7,7,0,0.0
Any,1,5,8,Any,Fair,2,1,1,0,0.0
Any,1,5,8,Any,Poor,0,5,5,0,0.0
Any,1,5,Any,Any,Good,0,7,7,0,0.0
Any,1,5,Any,Any,Good,2,1,0,-1,100.0
Any,1,5,Any,Any,Poor,0,6,5,-1,16.67
Any,1,5,Any,Any,Poor,2,1,4,3,300.0
Any,1,5,Middle,Any,Fair,0,4,3,-1,25.0
Any,1,5,Middle,Any,Fair,2,1,2,1,100.0
Any,1,5,Middle,Any,Poor,0,8,8,0,0.0
Any,1,6,3,Any,Fair,0,5,5,0,0.0
Any,1,6,3,Any,Fair,2,1,0,-1,100.0
Any,1,6,3,Any,Good,0,6,6,0,0.0
Any,1,6,4,Any,Good,0,4,4,0,0.0
Any,1,6,4,Any,Good,2,1,0,-1,100.0
Any,1,6,7,Any,Poor,0,5,6,1,20.0
Any,1,6,7,Any,Poor,2,1,2,1,100.0
Any,1,6,Any,Any,Good,0,6,7,1,16.67
Any,1,6,Any,Any,Good,2,2,0,-2,100.0
Any,1,6,High,Any,Fair,0,6,5,-1,16.67
Any,1,6,Low,Any,Fair,0,6,6,0,0.0
Any,1,6,Low,Any,Good,0,6,6,0,0.0
Any,1,6,Low,Any,Poor,0,6,7,1,16.67
Any,1,6,Low,Any,Poor,1,1,1,0,0.0
Any,1,6,Middle,Any,Fair,0,7,7,0,0.0
Any,1,6,Middle,Any,Poor,0,4,4,0,0.0
Any,1,6,Middle,Any,Poor,2,1,2,1,100.0
Any,1,Any,Any,Any,Fair,0,6,7,1,16.67
Any,1,Any,Any,Any,Fair,2,1,1,0,0.0
Any,1,Any,Any,Any,Poor,0,6,8,2,33.33
Any,1,MidEdu,Any,Any,Fair,0,6,6,0,0.0
Any,1,MidEdu,Any,Any,Good,0,5,5,0,0.0
MiddleAge,0,1,1,Obese,Poor,0,3,2,-1,33.33
MiddleAge,0,1,1,Obese,Poor,2,2,2,0,0.0
MiddleAge,0,2,1,Normal,Fair,0,7,13,6,85.71
MiddleAge,0,2,1,Normal,Fair,2,1,2,1,100.0
MiddleAge,0,2,1,Normal,Poor,0,23,22,-1,4.35
MiddleAge,0,2,1,Normal,Poor,2,9,10,1,11.11
MiddleAge,0,2,1,Obese,Fair,0,17,16,-1,5.88
MiddleAge,0,2,1,Obese,Fair,2,6,6,0,0.0
MiddleAge,0,2,1,Obese,Poor,0,24,24,0,0.0
MiddleAge,0,2,1,Obese,Poor,1,7,7,0,0.0
MiddleAge,0,2,1,Obese,Poor,2,60,60,0,0.0
MiddleAge,0,2,1,Overweight,Fair,0,5,5,0,0.0
MiddleAge,0,2,1,Overweight,Fair,1,1,2,1,100.0
MiddleAge,0,2,1,Overweight,Fair,2,1,0,-1,100.0
MiddleAge,0,2,1,Overweight,Poor,0,29,27,-2,6.9
MiddleAge,0,2,1,Overweight,Poor,1,2,3,1,50.0
MiddleAge,0,2,1,Overweight,Poor,2,11,10,-1,9.09
MiddleAge,0,2,1,Overweight-Range,Good,0,3,2,-1,33.33
MiddleAge,0,2,1,Overweight-Range,Good,2,2,2,0,0.0
MiddleAge,0,2,2,Normal,Fair,0,5,5,0,0.0
MiddleAge,0,2,2,Normal,Fair,2,3,2,-1,33.33
MiddleAge,0,2,2,Normal,Poor,0,7,6,-1,14.29
MiddleAge,0,2,2,Normal,Poor,1,1,0,-1,100.0
MiddleAge,0,2,2,Normal,Poor,2,6,7,1,16.67
MiddleAge,0,2,2,Obese,Fair,0,6,5,-1,16.67
MiddleAge,0,2,2,Obese,Fair,2,7,9,2,28.57
MiddleAge,0,2,2,Obese,Good,0,5,4,-1,20.0
MiddleAge,0,2,2,Obese,Good,1,1,1,0,0.0
MiddleAge,0,2,2,Obese,Poor,0,31,30,-1,3.23
MiddleAge,0,2,2,Obese,Poor,1,4,1,-3,75.0
MiddleAge,0,2,2,Obese,Poor,2,29,29,0,0.0
MiddleAge,0,2,2,Overweight,Fair,0,7,5,-2,28.57
MiddleAge,0,2,2,Overweight,Fair,2,2,4,2,100.0
MiddleAge,0,2,2,Overweight,Good,0,5,5,0,0.0
MiddleAge,0,2,2,Overweight,Poor,0,16,14,-2,12.5
MiddleAge,0,2,2,Overweight,Poor,1,2,3,1,50.0
MiddleAge,0,2,2,Overweight,Poor,2,16,18,2,12.5
MiddleAge,0,2,3,Normal,Fair,0,11,11,0,0.0
MiddleAge,0,2,3,Normal,Poor,0,2,1,-1,50.0
MiddleAge,0,2,3,Normal,Poor,2,4,4,0,0.0
MiddleAge,0,2,3,Obese,Fair,0,7,6,-1,14.29
MiddleAge,0,2,3,Obese,Fair,2,6,5,-1,16.67
MiddleAge,0,2,3,Obese,Good,0,5,6,1,20.0
MiddleAge,0,2,3,Obese,Good,2,1,0,-1,100.0
MiddleAge,0,2,3,Obese,Poor,0,17,17,0,0.0
MiddleAge,0,2,3,Obese,Poor,1,2,2,0,0.0
MiddleAge,0,2,3,Obese,Poor,2,25,24,-1,4.0
MiddleAge,0,2,3,Overweight,Fair,0,8,8,0,0.0
MiddleAge,0,2,3,Overweight,Fair,2,1,1,0,0.0
MiddleAge,0,2,3,Overweight,Good,0,6,7,1,16.67
MiddleAge,0,2,3,Overweight,Good,2,1,0,-1,100.0
MiddleAge,0,2,3,Overweight,Poor,0,16,17,1,6.25
MiddleAge,0,2,3,Overweight,Poor,2,9,8,-1,11.11
MiddleAge,0,2,4,Normal,Poor,0,4,2,-2,50.0
MiddleAge,0,2,4,Normal,Poor,1,1,0,-1,100.0
MiddleAge,0,2,4,Obese,Fair,0,6,5,-1,16.67
MiddleAge,0,2,4,Obese,Fair,1,1,1,0,0.0
MiddleAge,0,2,4,Obese,Fair,2,6,5,-1,16.67
MiddleAge,0,2,4,Obese,Poor,0,11,9,-2,18.18
MiddleAge,0,2,4,Obese,Poor,1,3,3,0,0.0
MiddleAge,0,2,4,Obese,Poor,2,16,15,-1,6.25
MiddleAge,0,2,4,Overweight,Fair,0,4,5,1,25.0
MiddleAge,0,2,4,Overweight,Fair,2,3,2,-1,33.33
MiddleAge,0,2,4,Overweight,Poor,0,5,5,0,0.0
MiddleAge,0,2,4,Overweight,Poor,2,6,8,2,33.33
MiddleAge,0,2,4,Overweight-Range,Good,0,5,5,0,0.0
MiddleAge,0,2,4,Overweight-Range,Good,2,2,3,1,50.0
MiddleAge,0,2,5,Normal,Good,0,5,5,0,0.0
MiddleAge,0,2,5,Normal-Range,Fair,0,4,6,2,50.0
MiddleAge,0,2,5,Normal-Range,Fair,2,1,0,-1,100.0
MiddleAge,0,2,5,Obese,Fair,0,2,2,0,0.0
MiddleAge,0,2,5,Obese,Fair,2,4,6,2,50.0
MiddleAge,0,2,5,Obese,Good,0,5,5,0,0.0
MiddleAge,0,2,5,Obese,Good,2,3,4,1,33.33
MiddleAge,0,2,5,Obese,Poor,0,14,15,1,7.14
MiddleAge,0,2,5,Obese,Poor,1,2,1,-1,50.0
MiddleAge,0,2,5,Obese,Poor,2,9,9,0,0.0
MiddleAge,0,2,5,Overweight,Good,0,4,5,1,25.0
MiddleAge,0,2,5,Overweight,Good,2,1,0,-1,100.0
MiddleAge,0,2,5,Overweight,Poor,0,5,4,-1,20.0
MiddleAge,0,2,5,Overweight,Poor,2,5,5,0,0.0
MiddleAge,0,2,6,Any,Good,0,5,10,5,100.0
MiddleAge,0,2,6,Obese,Fair,0,4,4,0,0.0
MiddleAge,0,2,6,Obese,Fair,2,2,0,-2,100.0
MiddleAge,0,2,6,Obese,Poor,0,1,2,1,100.0
MiddleAge,0,2,6,Obese,Poor,2,6,4,-2,33.33
MiddleAge,0,2,6,Overweight,Fair,0,7,6,-1,14.29
MiddleAge,0,2,6,Overweight,Poor,0,4,8,4,100.0
MiddleAge,0,2,6,Overweight,Poor,2,2,2,0,0.0
MiddleAge,0,2,7,Any,Good,0,3,3,0,0.0
MiddleAge,0,2,7,Any,Good,2,2,0,-2,100.0
MiddleAge,0,2,7,Overweight-Range,Fair,0,3,4,1,33.33
MiddleAge,0,2,7,Overweight-Range,Fair,2,3,4,1,33.33
MiddleAge,0,2,8,Overweight-Range,Poor,0,2,6,4,200.0
MiddleAge,0,2,8,Overweight-Range,Poor,1,1,1,0,0.0
MiddleAge,0,2,8,Overweight-Range,Poor,2,2,3,1,50.0
MiddleAge,0,3,1,Normal,Fair,0,18,19,1,5.56
MiddleAge,0,3,1,Normal,Fair,1,1,0,-1,100.0
MiddleAge,0,3,1,Normal,Fair,2,4,4,0,0.0
MiddleAge,0,3,1,Normal,Good,0,18,19,1,5.56
MiddleAge,0,3,1,Normal,Poor,0,36,36,0,0.0
MiddleAge,0,3,1,Normal,Poor,1,1,2,1,100.0
MiddleAge,0,3,1,Normal,Poor,2,15,13,-2,13.33
MiddleAge,0,3,1,Obese,Fair,0,31,31,0,0.0
MiddleAge,0,3,1,Obese,Fair,1,1,1,0,0.0
MiddleAge,0,3,1,Obese,Fair,2,18,18,0,0.0
MiddleAge,0,3,1,Obese,Good,0,14,17,3,21.43
MiddleAge,0,3,1,Obese,Good,1,1,1,0,0.0
MiddleAge,0,3,1,Obese,Good,2,2,2,0,0.0
MiddleAge,0,3,1,Obese,Poor,0,52,52,0,0.0
MiddleAge,0,3,1,Obese,Poor,1,3,0,-3,100.0
MiddleAge,0,3,1,Obese,Poor,2,72,72,0,0.0
MiddleAge,0,3,1,Overweight,Fair,0,28,28,0,0.0
MiddleAge,0,3,1,Overweight,Fair,2,8,8,0,0.0
MiddleAge,0,3,1,Overweight,Good,0,13,13,0,0.0
MiddleAge,0,3,1,Overweight,Good,2,3,4,1,33.33
MiddleAge,0,3,1,Overweight,Poor,0,33,33,0,0.0
MiddleAge,0,3,1,Overweight,Poor,1,3,5,2,66.67
MiddleAge,0,3,1,Overweight,Poor,2,21,22,1,4.76
MiddleAge,0,3,1,Underweight,Poor,0,6,7,1,16.67
MiddleAge,0,3,2,Normal,Fair,0,7,6,-1,14.29
MiddleAge,0,3,2,Normal,Fair,2,2,1,-1,50.0
MiddleAge,0,3,2,Normal,Good,0,5,5,0,0.0
MiddleAge,0,3,2,Normal,Good,2,1,1,0,0.0
MiddleAge,0,3,2,Normal,Poor,0,24,24,0,0.0
MiddleAge,0,3,2,Normal,Poor,2,6,6,0,0.0
MiddleAge,0,3,2,Obese,Fair,0,17,16,-1,5.88
MiddleAge,0,3,2,Obese,Fair,1,5,7,2,40.0
MiddleAge,0,3,2,Obese,Fair,2,19,21,2,10.53
MiddleAge,0,3,2,Obese,Good,0,11,14,3,27.27
MiddleAge,0,3,2,Obese,Good,2,1,1,0,0.0
MiddleAge,0,3,2,Obese,Poor,0,44,45,1,2.27
MiddleAge,0,3,2,Obese,Poor,1,4,4,0,0.0
MiddleAge,0,3,2,Obese,Poor,2,63,61,-2,3.17
MiddleAge,0,3,2,Overweight,Fair,0,25,26,1,4.0
MiddleAge,0,3,2,Overweight,Fair,1,2,2,0,0.0
MiddleAge,0,3,2,Overweight,Fair,2,1,1,0,0.0
MiddleAge,0,3,2,Overweight,Good,0,14,14,0,0.0
MiddleAge,0,3,2,Overweight,Good,2,3,0,-3,100.0
MiddleAge,0,3,2,Overweight,Poor,0,38,35,-3,7.89
MiddleAge,0,3,2,Overweight,Poor,1,2,2,0,0.0
MiddleAge,0,3,2,Overweight,Poor,2,20,21,1,5.0
MiddleAge,0,3,2,Underweight,Poor,0,7,5,-2,28.57
MiddleAge,0,3,2,Underweight,Poor,2,1,1,0,0.0
MiddleAge,0,3,3,Normal,Fair,0,23,24,1,4.35
MiddleAge,0,3,3,Normal,Fair,2,3,4,1,33.33
MiddleAge,0,3,3,Normal,Good,0,13,11,-2,15.38
MiddleAge,0,3,3,Normal,Good,2,1,0,-1,100.0
MiddleAge,0,3,3,Normal,Poor,0,20,19,-1,5.0
MiddleAge,0,3,3,Normal,Poor,2,6,5,-1,16.67
MiddleAge,0,3,3,Obese,Fair,0,31,31,0,0.0
MiddleAge,0,3,3,Obese,Fair,1,3,2,-1,33.33
MiddleAge,0,3,3,Obese,Fair,2,17,17,0,0.0
MiddleAge,0,3,3,Obese,Good,0,15,14,-1,6.67
MiddleAge,0,3,3,Obese,Good,2,3,4,1,33.33
MiddleAge,0,3,3,Obese,Poor,0,45,45,0,0.0
MiddleAge,0,3,3,Obese,Poor,1,6,6,0,0.0
MiddleAge,0,3,3,Obese,Poor,2,55,55,0,0.0
MiddleAge,0,3,3,Overweight,Fair,0,27,28,1,3.7
MiddleAge,0,3,3,Overweight,Fair,2,11,11,0,0.0
MiddleAge,0,3,3,Overweight,Good,0,11,13,2,18.18
MiddleAge,0,3,3,Overweight,Good,1,1,1,0,0.0
MiddleAge,0,3,3,Overweight,Good,2,1,1,0,0.0
MiddleAge,0,3,3,Overweight,Poor,0,30,30,0,0.0
MiddleAge,0,3,3,Overweight,Poor,1,3,5,2,66.67
MiddleAge,0,3,3,Overweight,Poor,2,12,11,-1,8.33
MiddleAge,0,3,4,Normal,Fair,0,13,14,1,7.69
MiddleAge,0,3,4,Normal,Fair,2,1,4,3,300.0
MiddleAge,0,3,4,Normal,Good,0,11,10,-1,9.09
MiddleAge,0,3,4,Normal,Good,1,1,1,0,0.0
MiddleAge,0,3,4,Normal,Poor,0,11,11,0,0.0
MiddleAge,0,3,4,Normal,Poor,2,5,0,-5,100.0
MiddleAge,0,3,4,Obese,Fair,0,29,29,0,0.0
MiddleAge,0,3,4,Obese,Fair,1,2,3,1,50.0
MiddleAge,0,3,4,Obese,Fair,2,18,16,-2,11.11
MiddleAge,0,3,4,Obese,Good,0,11,9,-2,18.18
MiddleAge,0,3,4,Obese,Good,2,4,5,1,25.0
MiddleAge,0,3,4,Obese,Poor,0,37,35,-2,5.41
MiddleAge,0,3,4,Obese,Poor,1,1,2,1,100.0
MiddleAge,0,3,4,Obese,Poor,2,30,30,0,0.0
MiddleAge,0,3,4,Overweight,Fair,0,21,21,0,0.0
MiddleAge,0,3,4,Overweight,Fair,2,5,5,0,0.0
MiddleAge,0,3,4,Overweight,Good,0,17,18,1,5.88
MiddleAge,0,3,4,Overweight,Good,1,1,1,0,0.0
MiddleAge,0,3,4,Overweight,Poor,0,20,21,1,5.0
MiddleAge,0,3,4,Overweight,Poor,2,6,7,1,16.67
MiddleAge,0,3,5,Normal,Fair,0,22,21,-1,4.55
MiddleAge,0,3,5,Normal,Fair,2,2,2,0,0.0
MiddleAge,0,3,5,Normal,Good,0,7,7,0,0.0
MiddleAge,0,3,5,Normal,Poor,0,13,13,0,0.0
MiddleAge,0,3,5,Normal,Poor,2,1,1,0,0.0
MiddleAge,0,3,5,Obese,Fair,0,17,21,4,23.53
MiddleAge,0,3,5,Obese,Fair,1,1,3,2,200.0
MiddleAge,0,3,5,Obese,Fair,2,6,5,-1,16.67
MiddleAge,0,3,5,Obese,Good,0,13,13,0,0.0
MiddleAge,0,3,5,Obese,Good,1,1,0,-1,100.0
MiddleAge,0,3,5,Obese,Good,2,2,0,-2,100.0
MiddleAge,0,3,5,Obese,Poor,0,19,19,0,0.0
MiddleAge,0,3,5,Obese,Poor,1,1,3,2,200.0
MiddleAge,0,3,5,Obese,Poor,2,20,21,1,5.0
MiddleAge,0,3,5,Overweight,Fair,0,14,14,0,0.0
MiddleAge,0,3,5,Overweight,Fair,2,5,5,0,0.0
MiddleAge,0,3,5,Overweight,Good,0,20,19,-1,5.0
MiddleAge,0,3,5,Overweight,Good,1,1,2,1,100.0
MiddleAge,0,3,5,Overweight,Good,2,2,3,1,50.0
MiddleAge,0,3,5,Overweight,Poor,0,15,16,1,6.67
MiddleAge,0,3,5,Overweight,Poor,2,6,6,0,0.0
MiddleAge,0,3,6,Normal,Fair,0,7,6,-1,14.29
MiddleAge,0,3,6,Normal,Fair,1,1,0,-1,100.0
MiddleAge,0,3,6,Normal,Fair,2,1,2,1,100.0
MiddleAge,0,3,6,Normal,Good,0,9,8,-1,11.11
MiddleAge,0,3,6,Normal,Good,2,1,3,2,200.0
MiddleAge,0,3,6,Obese,Fair,0,11,12,1,9.09
MiddleAge,0,3,6,Obese,Fair,1,1,0,-1,100.0
MiddleAge,0,3,6,Obese,Fair,2,6,7,1,16.67
MiddleAge,0,3,6,Obese,Good,0,10,10,0,0.0
MiddleAge,0,3,6,Obese,Good,2,2,2,0,0.0
MiddleAge,0,3,6,Obese,Poor,0,12,12,0,0.0
MiddleAge,0,3,6,Obese,Poor,1,7,8,1,14.29
MiddleAge,0,3,6,Obese,Poor,2,8,7,-1,12.5
MiddleAge,0,3,6,Overweight,Fair,0,9,10,1,11.11
MiddleAge,0,3,6,Overweight,Fair,1,1,1,0,0.0
MiddleAge,0,3,6,Overweight,Fair,2,4,1,-3,75.0
MiddleAge,0,3,6,Overweight,Good,0,14,15,1,7.14
MiddleAge,0,3,6,Overweight,Good,1,1,0,-1,100.0
MiddleAge,0,3,6,Overweight,Poor,0,15,15,0,0.0
MiddleAge,0,3,6,Overweight,Poor,1,1,1,0,0.0
MiddleAge,0,3,6,Overweight,Poor,2,4,0,-4,100.0
MiddleAge,0,3,7,Normal,Good,0,6,5,-1,16.67
MiddleAge,0,3,7,Obese,Fair,0,7,6,-1,14.29
MiddleAge,0,3,7,Obese,Fair,1,1,0,-1,100.0
MiddleAge,0,3,7,Obese,Fair,2,3,6,3,100.0
MiddleAge,0,3,7,Obese,Good,0,8,7,-1,12.5
MiddleAge,0,3,7,Obese,Good,2,1,2,1,100.0
MiddleAge,0,3,7,Obese,Poor,0,3,4,1,33.33
MiddleAge,0,3,7,Obese,Poor,1,1,0,-1,100.0
MiddleAge,0,3,7,Obese,Poor,2,10,8,-2,20.0
MiddleAge,0,3,7,Overweight,Fair,0,4,5,1,25.0
MiddleAge,0,3,7,Overweight,Fair,1,1,3,2,200.0
MiddleAge,0,3,7,Overweight,Fair,2,3,3,0,0.0
MiddleAge,0,3,7,Overweight,Good,0,15,12,-3,20.0
MiddleAge,0,3,7,Overweight,Good,1,1,1,0,0.0
MiddleAge,0,3,7,Overweight,Poor,0,5,4,-1,20.0
MiddleAge,0,3,7,Overweight,Poor,2,1,1,0,0.0
MiddleAge,0,3,8,Normal,Good,0,9,8,-1,11.11
MiddleAge,0,3,8,Obese,Fair,0,7,9,2,28.57
MiddleAge,0,3,8,Obese,Fair,1,1,1,0,0.0
MiddleAge,0,3,8,Obese,Fair,2,4,4,0,0.0
MiddleAge,0,3,8,Obese,Good,0,11,12,1,9.09
MiddleAge,0,3,8,Obese,Good,2,1,1,0,0.0
MiddleAge,0,3,8,Obese,Poor,0,1,2,1,100.0
MiddleAge,0,3,8,Obese,Poor,1,1,2,1,100.0
MiddleAge,0,3,8,Obese,Poor,2,7,8,1,14.29
MiddleAge,0,3,8,Overweight,Fair,0,8,8,0,0.0
MiddleAge,0,3,8,Overweight,Fair,2,1,2,1,100.0
MiddleAge,0,3,8,Overweight,Good,0,7,7,0,0.0
MiddleAge,0,3,8,Overweight,Poor,0,1,1,0,0.0
MiddleAge,0,3,8,Overweight,Poor,2,5,5,0,0.0
MiddleAge,0,4,1,Normal,Fair,0,50,55,5,10.0
MiddleAge,0,4,1,Normal,Fair,1,1,1,0,0.0
MiddleAge,0,4,1,Normal,Fair,2,4,4,0,0.0
MiddleAge,0,4,1,Normal,Good,0,23,21,-2,8.7
MiddleAge,0,4,1,Normal,Good,1,1,0,-1,100.0
MiddleAge,0,4,1,Normal,Good,2,8,8,0,0.0
MiddleAge,0,4,1,Normal,Poor,0,63,64,1,1.59
MiddleAge,0,4,1,Normal,Poor,1,2,1,-1,50.0
MiddleAge,0,4,1,Normal,Poor,2,15,16,1,6.67
MiddleAge,0,4,1,Obese,Fair,0,79,79,0,0.0
MiddleAge,0,4,1,Obese,Fair,1,4,6,2,50.0
MiddleAge,0,4,1,Obese,Fair,2,40,40,0,0.0
MiddleAge,0,4,1,Obese,Good,0,35,37,2,5.71
MiddleAge,0,4,1,Obese,Good,1,2,1,-1,50.0
MiddleAge,0,4,1,Obese,Good,2,13,11,-2,15.38
MiddleAge,0,4,1,Obese,Poor,0,118,118,0,0.0
MiddleAge,0,4,1,Obese,Poor,1,17,17,0,0.0
MiddleAge,0,4,1,Obese,Poor,2,131,132,1,0.76
MiddleAge,0,4,1,Overweight,Fair,0,64,64,0,0.0
MiddleAge,0,4,1,Overweight,Fair,1,3,4,1,33.33
MiddleAge,0,4,1,Overweight,Fair,2,21,20,-1,4.76
MiddleAge,0,4,1,Overweight,Good,0,46,45,-1,2.17
MiddleAge,0,4,1,Overweight,Good,1,4,5,1,25.0
MiddleAge,0,4,1,Overweight,Good,2,6,7,1,16.67
MiddleAge,0,4,1,Overweight,Poor,0,102,104,2,1.96
MiddleAge,0,4,1,Overweight,Poor,1,5,5,0,0.0
MiddleAge,0,4,1,Overweight,Poor,2,50,49,-1,2.0
MiddleAge,0,4,1,Underweight,Fair,0,4,4,0,0.0
MiddleAge,0,4,1,Underweight,Fair,1,1,1,0,0.0
MiddleAge,0,4,1,Underweight,Fair,2,1,3,2,200.0
MiddleAge,0,4,1,Underweight,Poor,0,13,12,-1,7.69
MiddleAge,0,4,1,Underweight,Poor,1,2,1,-1,50.0
MiddleAge,0,4,1,Underweight,Poor,2,2,1,-1,50.0
MiddleAge,0,4,2,Normal,Fair,0,57,56,-1,1.75
MiddleAge,0,4,2,Normal,Fair,1,1,1,0,0.0
MiddleAge,0,4,2,Normal,Fair,2,4,2,-2,50.0
MiddleAge,0,4,2,Normal,Good,0,57,57,0,0.0
MiddleAge,0,4,2,Normal,Good,1,1,2,1,100.0
MiddleAge,0,4,2,Normal,Good,2,5,5,0,0.0
MiddleAge,0,4,2,Normal,Poor,0,71,72,1,1.41
MiddleAge,0,4,2,Normal,Poor,2,17,16,-1,5.88
MiddleAge,0,4,2,Obese,Fair,0,113,113,0,0.0
MiddleAge,0,4,2,Obese,Fair,1,8,9,1,12.5
MiddleAge,0,4,2,Obese,Fair,2,76,76,0,0.0
MiddleAge,0,4,2,Obese,Good,0,55,55,0,0.0
MiddleAge,0,4,2,Obese,Good,1,5,4,-1,20.0
MiddleAge,0,4,2,Obese,Good,2,7,6,-1,14.29
MiddleAge,0,4,2,Obese,Poor,0,148,150,2,1.35
MiddleAge,0,4,2,Obese,Poor,1,12,11,-1,8.33
MiddleAge,0,4,2,Obese,Poor,2,152,151,-1,0.66
MiddleAge,0,4,2,Overweight,Fair,0,89,89,0,0.0
MiddleAge,0,4,2,Overweight,Fair,1,2,4,2,100.0
MiddleAge,0,4,2,Overweight,Fair,2,22,21,-1,4.55
MiddleAge,0,4,2,Overweight,Good,0,70,71,1,1.43
MiddleAge,0,4,2,Overweight,Good,1,1,0,-1,100.0
MiddleAge,0,4,2,Overweight,Good,2,9,9,0,0.0
MiddleAge,0,4,2,Overweight,Poor,0,103,101,-2,1.94
MiddleAge,0,4,2,Overweight,Poor,1,9,9,0,0.0
MiddleAge,0,4,2,Overweight,Poor,2,49,51,2,4.08
MiddleAge,0,4,2,Underweight,Fair,0,10,7,-3,30.0
MiddleAge,0,4,2,Underweight,Good,0,4,3,-1,25.0
MiddleAge,0,4,2,Underweight,Good,2,1,1,0,0.0
MiddleAge,0,4,2,Underweight,Poor,0,12,15,3,25.0
MiddleAge,0,4,2,Underweight,Poor,2,1,0,-1,100.0
MiddleAge,0,4,3,Normal,Fair,0,76,78,2,2.63
MiddleAge,0,4,3,Normal,Fair,1,4,6,2,50.0
MiddleAge,0,4,3,Normal,Fair,2,6,6,0,0.0
MiddleAge,0,4,3,Normal,Good,0,94,95,1,1.06
MiddleAge,0,4,3,Normal,Good,1,2,1,-1,50.0
MiddleAge,0,4,3,Normal,Good,2,6,6,0,0.0
MiddleAge,0,4,3,Normal,Poor,0,78,79,1,1.28
MiddleAge,0,4,3,Normal,Poor,1,3,2,-1,33.33
MiddleAge,0,4,3,Normal,Poor,2,16,15,-1,6.25
MiddleAge,0,4,3,Obese,Fair,0,131,131,0,0.0
MiddleAge,0,4,3,Obese,Fair,1,11,11,0,0.0
MiddleAge,0,4,3,Obese,Fair,2,85,84,-1,1.18
MiddleAge,0,4,3,Obese,Good,0,82,77,-5,6.1
MiddleAge,0,4,3,Obese,Good,1,4,6,2,50.0
MiddleAge,0,4,3,Obese,Good,2,24,24,0,0.0
MiddleAge,0,4,3,Obese,Poor,0,165,165,0,0.0
MiddleAge,0,4,3,Obese,Poor,1,13,12,-1,7.69
MiddleAge,0,4,3,Obese,Poor,2,164,163,-1,0.61
MiddleAge,0,4,3,Overweight,Fair,0,105,104,-1,0.95
MiddleAge,0,4,3,Overweight,Fair,1,2,4,2,100.0
MiddleAge,0,4,3,Overweight,Fair,2,41,41,0,0.0
MiddleAge,0,4,3,Overweight,Good,0,119,120,1,0.84
MiddleAge,0,4,3,Overweight,Good,2,12,13,1,8.33
MiddleAge,0,4,3,Overweight,Poor,0,100,102,2,2.0
MiddleAge,0,4,3,Overweight,Poor,1,5,5,0,0.0
MiddleAge,0,4,3,Overweight,Poor,2,53,56,3,5.66
MiddleAge,0,4,3,Underweight,Fair,0,8,7,-1,12.5
MiddleAge,0,4,3,Underweight,Poor,0,10,11,1,10.0
MiddleAge,0,4,3,Underweight,Poor,2,1,1,0,0.0
MiddleAge,0,4,4,Normal,Fair,0,86,87,1,1.16
MiddleAge,0,4,4,Normal,Fair,1,2,0,-2,100.0
MiddleAge,0,4,4,Normal,Fair,2,11,13,2,18.18
MiddleAge,0,4,4,Normal,Good,0,114,114,0,0.0
MiddleAge,0,4,4,Normal,Good,1,1,1,0,0.0
MiddleAge,0,4,4,Normal,Good,2,7,9,2,28.57
MiddleAge,0,4,4,Normal,Poor,0,60,57,-3,5.0
MiddleAge,0,4,4,Normal,Poor,1,2,5,3,150.0
MiddleAge,0,4,4,Normal,Poor,2,21,22,1,4.76
MiddleAge,0,4,4,Obese,Fair,0,180,180,0,0.0
MiddleAge,0,4,4,Obese,Fair,1,8,10,2,25.0
MiddleAge,0,4,4,Obese,Fair,2,82,83,1,1.22
MiddleAge,0,4,4,Obese,Good,0,123,121,-2,1.63
MiddleAge,0,4,4,Obese,Good,1,6,6,0,0.0
MiddleAge,0,4,4,Obese,Good,2,33,31,-2,6.06
MiddleAge,0,4,4,Obese,Poor,0,128,129,1,0.78
MiddleAge,0,4,4,Obese,Poor,1,16,15,-1,6.25
MiddleAge,0,4,4,Obese,Poor,2,129,129,0,0.0
MiddleAge,0,4,4,Overweight,Fair,0,164,163,-1,0.61
MiddleAge,0,4,4,Overweight,Fair,1,3,2,-1,33.33
MiddleAge,0,4,4,Overweight,Fair,2,34,34,0,0.0
MiddleAge,0,4,4,Overweight,Good,0,171,171,0,0.0
MiddleAge,0,4,4,Overweight,Good,1,1,1,0,0.0
MiddleAge,0,4,4,Overweight,Good,2,13,18,5,38.46
MiddleAge,0,4,4,Overweight,Poor,0,103,103,0,0.0
MiddleAge,0,4,4,Overweight,Poor,1,2,4,2,100.0
MiddleAge,0,4,4,Overweight,Poor,2,45,45,0,0.0
MiddleAge,0,4,4,Underweight,Fair,0,8,5,-3,37.5
MiddleAge,0,4,4,Underweight,Good,0,8,8,0,0.0
MiddleAge,0,4,4,Underweight,Good,2,1,0,-1,100.0
MiddleAge,0,4,4,Underweight,Poor,0,9,9,0,0.0
MiddleAge,0,4,4,Underweight,Poor,2,3,4,1,33.33
MiddleAge,0,4,5,Normal,Fair,0,108,113,5,4.63
MiddleAge,0,4,5,Normal,Fair,2,10,10,0,0.0
MiddleAge,0,4,5,Normal,Good,0,208,207,-1,0.48
MiddleAge,0,4,5,Normal,Good,1,2,3,1,50.0
MiddleAge,0,4,5,Normal,Good,2,6,6,0,0.0
MiddleAge,0,4,5,Normal,Poor,0,54,55,1,1.85
MiddleAge,0,4,5,Normal,Poor,1,1,0,-1,100.0
MiddleAge,0,4,5,Normal,Poor,2,16,19,3,18.75
MiddleAge,0,4,5,Obese,Fair,0,209,209,0,0.0
MiddleAge,0,4,5,Obese,Fair,1,10,13,3,30.0
MiddleAge,0,4,5,Obese,Fair,2,98,97,-1,1.02
MiddleAge,0,4,5,Obese,Good,0,192,191,-1,0.52
MiddleAge,0,4,5,Obese,Good,1,8,5,-3,37.5
MiddleAge,0,4,5,Obese,Good,2,38,38,0,0.0
MiddleAge,0,4,5,Obese,Poor,0,128,128,0,0.0
MiddleAge,0,4,5,Obese,Poor,1,12,11,-1,8.33
MiddleAge,0,4,5,Obese,Poor,2,97,97,0,0.0
MiddleAge,0,4,5,Overweight,Fair,0,173,173,0,0.0
MiddleAge,0,4,5,Overweight,Fair,1,12,13,1,8.33
MiddleAge,0,4,5,Overweight,Fair,2,34,35,1,2.94
MiddleAge,0,4,5,Overweight,Good,0,263,259,-4,1.52
MiddleAge,0,4,5,Overweight,Good,1,7,8,1,14.29
MiddleAge,0,4,5,Overweight,Good,2,21,20,-1,4.76
MiddleAge,0,4,5,Overweight,Poor,0,95,96,1,1.05
MiddleAge,0,4,5,Overweight,Poor,1,2,3,1,50.0
MiddleAge,0,4,5,Overweight,Poor,2,27,26,-1,3.7
MiddleAge,0,4,5,Underweight,Fair,0,7,9,2,28.57
MiddleAge,0,4,5,Underweight,Fair,1,1,1,0,0.0
MiddleAge,0,4,5,Underweight,Good,0,9,9,0,0.0
MiddleAge,0,4,5,Underweight,Poor,0,5,4,-1,20.0
MiddleAge,0,4,5,Underweight,Poor,2,4,7,3,75.0
MiddleAge,0,4,6,Normal,Fair,0,135,134,-1,0.74
MiddleAge,0,4,6,Normal,Fair,1,2,2,0,0.0
MiddleAge,0,4,6,Normal,Fair,2,9,8,-1,11.11
MiddleAge,0,4,6,Normal,Good,0,268,270,2,0.75
MiddleAge,0,4,6,Normal,Good,1,3,2,-1,33.33
MiddleAge,0,4,6,Normal,Good,2,13,14,1,7.69
MiddleAge,0,4,6,Normal,Poor,0,65,66,1,1.54
MiddleAge,0,4,6,Normal,Poor,2,10,10,0,0.0
MiddleAge,0,4,6,Obese,Fair,0,278,277,-1,0.36
MiddleAge,0,4,6,Obese,Fair,1,15,15,0,0.0
MiddleAge,0,4,6,Obese,Fair,2,98,99,1,1.02
MiddleAge,0,4,6,Obese,Good,0,278,279,1,0.36
MiddleAge,0,4,6,Obese,Good,1,6,6,0,0.0
MiddleAge,0,4,6,Obese,Good,2,50,48,-2,4.0
MiddleAge,0,4,6,Obese,Poor,0,112,113,1,0.89
MiddleAge,0,4,6,Obese,Poor,1,7,8,1,14.29
MiddleAge,0,4,6,Obese,Poor,2,100,100,0,0.0
MiddleAge,0,4,6,Overweight,Fair,0,200,201,1,0.5
MiddleAge,0,4,6,Overweight,Fair,1,3,4,1,33.33
MiddleAge,0,4,6,Overweight,Fair,2,41,40,-1,2.44
MiddleAge,0,4,6,Overweight,Good,0,333,332,-1,0.3
MiddleAge,0,4,6,Overweight,Good,1,7,7,0,0.0
MiddleAge,0,4,6,Overweight,Good,2,20,17,-3,15.0
MiddleAge,0,4,6,Overweight,Poor,0,77,75,-2,2.6
MiddleAge,0,4,6,Overweight,Poor,1,2,2,0,0.0
MiddleAge,0,4,6,Overweight,Poor,2,28,28,0,0.0
MiddleAge,0,4,6,Underweight,Fair,0,8,9,1,12.5
MiddleAge,0,4,6,Underweight,Good,0,10,9,-1,10.0
MiddleAge,0,4,6,Underweight,Poor,0,6,6,0,0.0
MiddleAge,0,4,6,Underweight,Poor,1,2,5,3,150.0
MiddleAge,0,4,7,Normal,Fair,0,111,111,0,0.0
MiddleAge,0,4,7,Normal,Fair,1,2,2,0,0.0
MiddleAge,0,4,7,Normal,Fair,2,11,11,0,0.0
MiddleAge,0,4,7,Normal,Good,0,319,319,0,0.0
MiddleAge,0,4,7,Normal,Good,1,3,5,2,66.67
MiddleAge,0,4,7,Normal,Good,2,3,3,0,0.0
MiddleAge,0,4,7,Normal,Poor,0,36,41,5,13.89
MiddleAge,0,4,7,Normal,Poor,1,1,1,0,0.0
MiddleAge,0,4,7,Normal,Poor,2,12,13,1,8.33
MiddleAge,0,4,7,Obese,Fair,0,240,239,-1,0.42
MiddleAge,0,4,7,Obese,Fair,1,7,7,0,0.0
MiddleAge,0,4,7,Obese,Fair,2,85,84,-1,1.18
MiddleAge,0,4,7,Obese,Good,0,225,227,2,0.89
MiddleAge,0,4,7,Obese,Good,1,2,2,0,0.0
MiddleAge,0,4,7,Obese,Good,2,20,19,-1,5.0
MiddleAge,0,4,7,Obese,Poor,0,81,81,0,0.0
MiddleAge,0,4,7,Obese,Poor,1,2,0,-2,100.0
MiddleAge,0,4,7,Obese,Poor,2,73,73,0,0.0
MiddleAge,0,4,7,Overweight,Fair,0,198,198,0,0.0
MiddleAge,0,4,7,Overweight,Fair,1,5,5,0,0.0
MiddleAge,0,4,7,Overweight,Fair,2,35,35,0,0.0
MiddleAge,0,4,7,Overweight,Good,0,383,384,1,0.26
MiddleAge,0,4,7,Overweight,Good,1,1,2,1,100.0
MiddleAge,0,4,7,Overweight,Good,2,20,20,0,0.0
MiddleAge,0,4,7,Overweight,Poor,0,61,61,0,0.0
MiddleAge,0,4,7,Overweight,Poor,1,3,9,6,200.0
MiddleAge,0,4,7,Overweight,Poor,2,15,14,-1,6.67
MiddleAge,0,4,7,Underweight,Fair,0,5,7,2,40.0
MiddleAge,0,4,7,Underweight,Good,0,11,11,0,0.0
MiddleAge,0,4,8,Normal,Fair,0,119,118,-1,0.84
MiddleAge,0,4,8,Normal,Fair,2,11,11,0,0.0
MiddleAge,0,4,8,Normal,Good,0,332,333,1,0.3
MiddleAge,0,4,8,Normal,Good,1,5,5,0,0.0
MiddleAge,0,4,8,Normal,Good,2,6,6,0,0.0
MiddleAge,0,4,8,Normal,Poor,0,30,30,0,0.0
MiddleAge,0,4,8,Normal,Poor,2,4,1,-3,75.0
MiddleAge,0,4,8,Obese,Fair,0,167,167,0,0.0
MiddleAge,0,4,8,Obese,Fair,1,5,5,0,0.0
MiddleAge,0,4,8,Obese,Fair,2,69,69,0,0.0
MiddleAge,0,4,8,Obese,Good,0,248,247,-1,0.4
MiddleAge,0,4,8,Obese,Good,1,2,4,2,100.0
MiddleAge,0,4,8,Obese,Good,2,31,30,-1,3.23
MiddleAge,0,4,8,Obese,Poor,0,51,50,-1,1.96
MiddleAge,0,4,8,Obese,Poor,1,2,2,0,0.0
MiddleAge,0,4,8,Obese,Poor,2,44,44,0,0.0
MiddleAge,0,4,8,Overweight,Fair,0,171,176,5,2.92
MiddleAge,0,4,8,Overweight,Fair,1,3,2,-1,33.33
MiddleAge,0,4,8,Overweight,Fair,2,18,18,0,0.0
MiddleAge,0,4,8,Overweight,Good,0,421,423,2,0.48
MiddleAge,0,4,8,Overweight,Good,1,4,4,0,0.0
MiddleAge,0,4,8,Overweight,Good,2,14,14,0,0.0
MiddleAge,0,4,8,Overweight,Poor,0,46,46,0,0.0
MiddleAge,0,4,8,Overweight,Poor,2,15,13,-2,13.33
MiddleAge,0,4,8,Underweight,Fair,0,6,4,-2,33.33
MiddleAge,0,4,8,Underweight,Good,0,18,17,-1,5.56
MiddleAge,0,4,8,Underweight,Poor,0,6,5,-1,16.67
MiddleAge,0,5,1,Normal,Fair,0,27,29,2,7.41
MiddleAge,0,5,1,Normal,Fair,1,2,1,-1,50.0
MiddleAge,0,5,1,Normal,Fair,2,2,2,0,0.0
MiddleAge,0,5,1,Normal,Good,0,27,28,1,3.7
MiddleAge,0,5,1,Normal,Good,2,2,3,1,50.0
MiddleAge,0,5,1,Normal,Poor,0,44,44,0,0.0
MiddleAge,0,5,1,Normal,Poor,2,17,18,1,5.88
MiddleAge,0,5,1,Obese,Fair,0,39,40,1,2.56
MiddleAge,0,5,1,Obese,Fair,2,21,19,-2,9.52
MiddleAge,0,5,1,Obese,Good,0,23,26,3,13.04
MiddleAge,0,5,1,Obese,Good,2,8,10,2,25.0
MiddleAge,0,5,1,Obese,Poor,0,75,75,0,0.0
MiddleAge,0,5,1,Obese,Poor,1,11,10,-1,9.09
MiddleAge,0,5,1,Obese,Poor,2,89,89,0,0.0
MiddleAge,0,5,1,Overweight,Fair,0,35,34,-1,2.86
MiddleAge,0,5,1,Overweight,Fair,1,2,1,-1,50.0
MiddleAge,0,5,1,Overweight,Fair,2,8,8,0,0.0
MiddleAge,0,5,1,Overweight,Good,0,36,36,0,0.0
MiddleAge,0,5,1,Overweight,Good,2,4,1,-3,75.0
MiddleAge,0,5,1,Overweight,Poor,0,58,59,1,1.72
MiddleAge,0,5,1,Overweight,Poor,1,5,2,-3,60.0
MiddleAge,0,5,1,Overweight,Poor,2,35,34,-1,2.86
MiddleAge,0,5,1,Underweight,Poor,0,8,10,2,25.0
MiddleAge,0,5,1,Underweight,Poor,1,1,1,0,0.0
MiddleAge,0,5,1,Underweight,Poor,2,1,1,0,0.0
MiddleAge,0,5,2,Normal,Fair,0,33,31,-2,6.06
MiddleAge,0,5,2,Normal,Fair,2,5,4,-1,20.0
MiddleAge,0,5,2,Normal,Good,0,66,66,0,0.0
MiddleAge,0,5,2,Normal,Good,2,1,3,2,200.0
MiddleAge,0,5,2,Normal,Poor,0,55,55,0,0.0
MiddleAge,0,5,2,Normal,Poor,1,1,1,0,0.0
MiddleAge,0,5,2,Normal,Poor,2,20,20,0,0.0
MiddleAge,0,5,2,Obese,Fair,0,77,79,2,2.6
MiddleAge,0,5,2,Obese,Fair,1,2,2,0,0.0
MiddleAge,0,5,2,Obese,Fair,2,47,43,-4,8.51
MiddleAge,0,5,2,Obese,Good,0,34,33,-1,2.94
MiddleAge,0,5,2,Obese,Good,1,3,2,-1,33.33
MiddleAge,0,5,2,Obese,Good,2,12,10,-2,16.67
MiddleAge,0,5,2,Obese,Poor,0,125,124,-1,0.8
MiddleAge,0,5,2,Obese,Poor,1,8,8,0,0.0
MiddleAge,0,5,2,Obese,Poor,2,126,128,2,1.59
MiddleAge,0,5,2,Overweight,Fair,0,55,55,0,0.0
MiddleAge,0,5,2,Overweight,Fair,1,3,1,-2,66.67
MiddleAge,0,5,2,Overweight,Fair,2,14,15,1,7.14
MiddleAge,0,5,2,Overweight,Good,0,68,63,-5,7.35
MiddleAge,0,5,2,Overweight,Good,1,2,3,1,50.0
MiddleAge,0,5,2,Overweight,Good,2,6,6,0,0.0
MiddleAge,0,5,2,Overweight,Poor,0,70,71,1,1.43
MiddleAge,0,5,2,Overweight,Poor,1,5,5,0,0.0
MiddleAge,0,5,2,Overweight,Poor,2,29,31,2,6.9
MiddleAge,0,5,2,Underweight,Fair,0,7,7,0,0.0
MiddleAge,0,5,2,Underweight,Poor,0,16,16,0,0.0
MiddleAge,0,5,3,Normal,Fair,0,55,58,3,5.45
MiddleAge,0,5,3,Normal,Fair,1,2,3,1,50.0
MiddleAge,0,5,3,Normal,Fair,2,5,3,-2,40.0
MiddleAge,0,5,3,Normal,Good,0,72,72,0,0.0
MiddleAge,0,5,3,Normal,Good,1,1,1,0,0.0
MiddleAge,0,5,3,Normal,Good,2,3,3,0,0.0
MiddleAge,0,5,3,Normal,Poor,0,67,67,0,0.0
MiddleAge,0,5,3,Normal,Poor,1,1,0,-1,100.0
MiddleAge,0,5,3,Normal,Poor,2,12,12,0,0.0
MiddleAge,0,5,3,Obese,Fair,0,102,103,1,0.98
MiddleAge,0,5,3,Obese,Fair,1,4,6,2,50.0
MiddleAge,0,5,3,Obese,Fair,2,55,55,0,0.0
MiddleAge,0,5,3,Obese,Good,0,75,73,-2,2.67
MiddleAge,0,5,3,Obese,Good,1,4,5,1,25.0
MiddleAge,0,5,3,Obese,Good,2,12,11,-1,8.33
MiddleAge,0,5,3,Obese,Poor,0,101,101,0,0.0
MiddleAge,0,5,3,Obese,Poor,1,12,13,1,8.33
MiddleAge,0,5,3,Obese,Poor,2,99,97,-2,2.02
MiddleAge,0,5,3,Overweight,Fair,0,76,77,1,1.32
MiddleAge,0,5,3,Overweight,Fair,1,3,2,-1,33.33
MiddleAge,0,5,3,Overweight,Fair,2,32,30,-2,6.25
MiddleAge,0,5,3,Overweight,Good,0,86,86,0,0.0
MiddleAge,0,5,3,Overweight,Good,1,1,0,-1,100.0
MiddleAge,0,5,3,Overweight,Good,2,11,12,1,9.09
MiddleAge,0,5,3,Overweight,Poor,0,66,72,6,9.09
MiddleAge,0,5,3,Overweight,Poor,1,4,2,-2,50.0
MiddleAge,0,5,3,Overweight,Poor,2,31,28,-3,9.68
MiddleAge,0,5,3,Underweight,Good,0,5,5,0,0.0
MiddleAge,0,5,3,Underweight,Poor,0,10,11,1,10.0
MiddleAge,0,5,4,Normal,Fair,0,73,76,3,4.11
MiddleAge,0,5,4,Normal,Fair,2,10,12,2,20.0
MiddleAge,0,5,4,Normal,Good,0,132,131,-1,0.76
MiddleAge,0,5,4,Normal,Good,1,2,4,2,100.0
MiddleAge,0,5,4,Normal,Good,2,6,8,2,33.33
MiddleAge,0,5,4,Normal,Poor,0,61,61,0,0.0
MiddleAge,0,5,4,Normal,Poor,2,9,9,0,0.0
MiddleAge,0,5,4,Obese,Fair,0,168,171,3,1.79
MiddleAge,0,5,4,Obese,Fair,1,7,4,-3,42.86
MiddleAge,0,5,4,Obese,Fair,2,78,76,-2,2.56
MiddleAge,0,5,4,Obese,Good,0,116,116,0,0.0
MiddleAge,0,5,4,Obese,Good,1,4,3,-1,25.0
MiddleAge,0,5,4,Obese,Good,2,28,28,0,0.0
MiddleAge,0,5,4,Obese,Poor,0,123,123,0,0.0
MiddleAge,0,5,4,Obese,Poor,1,5,6,1,20.0
MiddleAge,0,5,4,Obese,Poor,2,126,128,2,1.59
MiddleAge,0,5,4,Overweight,Fair,0,109,108,-1,0.92
MiddleAge,0,5,4,Overweight,Fair,1,2,3,1,50.0
MiddleAge,0,5,4,Overweight,Fair,2,30,30,0,0.0
MiddleAge,0,5,4,Overweight,Good,0,151,149,-2,1.32
MiddleAge,0,5,4,Overweight,Good,1,4,6,2,50.0
MiddleAge,0,5,4,Overweight,Good,2,12,12,0,0.0
MiddleAge,0,5,4,Overweight,Poor,0,62,62,0,0.0
MiddleAge,0,5,4,Overweight,Poor,1,5,4,-1,20.0
MiddleAge,0,5,4,Overweight,Poor,2,35,36,1,2.86
MiddleAge,0,5,4,Underweight,Fair,0,7,8,1,14.29
MiddleAge,0,5,4,Underweight,Good,0,12,14,2,16.67
MiddleAge,0,5,4,Underweight,Poor,0,11,13,2,18.18
MiddleAge,0,5,4,Underweight,Poor,2,1,2,1,100.0
MiddleAge,0,5,5,Normal,Fair,0,97,97,0,0.0
MiddleAge,0,5,5,Normal,Fair,1,2,0,-2,100.0
MiddleAge,0,5,5,Normal,Fair,2,9,10,1,11.11
MiddleAge,0,5,5,Normal,Good,0,227,226,-1,0.44
MiddleAge,0,5,5,Normal,Good,1,5,5,0,0.0
MiddleAge,0,5,5,Normal,Good,2,8,8,0,0.0
MiddleAge,0,5,5,Normal,Poor,0,56,55,-1,1.79
MiddleAge,0,5,5,Normal,Poor,1,1,0,-1,100.0
MiddleAge,0,5,5,Normal,Poor,2,12,11,-1,8.33
MiddleAge,0,5,5,Obese,Fair,0,216,218,2,0.93
MiddleAge,0,5,5,Obese,Fair,1,10,8,-2,20.0
MiddleAge,0,5,5,Obese,Fair,2,104,103,-1,0.96
MiddleAge,0,5,5,Obese,Good,0,208,208,0,0.0
MiddleAge,0,5,5,Obese,Good,1,6,6,0,0.0
MiddleAge,0,5,5,Obese,Good,2,40,41,1,2.5
MiddleAge,0,5,5,Obese,Poor,0,135,135,0,0.0
MiddleAge,0,5,5,Obese,Poor,1,3,4,1,33.33
MiddleAge,0,5,5,Obese,Poor,2,99,99,0,0.0
MiddleAge,0,5,5,Overweight,Fair,0,158,157,-1,0.63
MiddleAge,0,5,5,Overweight,Fair,1,4,5,1,25.0
MiddleAge,0,5,5,Overweight,Fair,2,56,56,0,0.0
MiddleAge,0,5,5,Overweight,Good,0,241,241,0,0.0
MiddleAge,0,5,5,Overweight,Good,1,6,9,3,50.0
MiddleAge,0,5,5,Overweight,Good,2,23,24,1,4.35
MiddleAge,0,5,5,Overweight,Poor,0,69,72,3,4.35
MiddleAge,0,5,5,Overweight,Poor,1,4,4,0,0.0
MiddleAge,0,5,5,Overweight,Poor,2,35,35,0,0.0
MiddleAge,0,5,5,Underweight,Fair,0,6,3,-3,50.0
MiddleAge,0,5,5,Underweight,Good,0,6,7,1,16.67
MiddleAge,0,5,5,Underweight,Good,1,1,0,-1,100.0
MiddleAge,0,5,5,Underweight,Poor,0,6,6,0,0.0
MiddleAge,0,5,6,Normal,Fair,0,143,144,1,0.7
MiddleAge,0,5,6,Normal,Fair,1,3,1,-2,66.67
MiddleAge,0,5,6,Normal,Fair,2,21,20,-1,4.76
MiddleAge,0,5,6,Normal,Good,0,363,361,-2,0.55
MiddleAge,0,5,6,Normal,Good,1,3,3,0,0.0
MiddleAge,0,5,6,Normal,Good,2,12,12,0,0.0
MiddleAge,0,5,6,Normal,Poor,0,55,54,-1,1.82
MiddleAge,0,5,6,Normal,Poor,2,10,9,-1,10.0
MiddleAge,0,5,6,Obese,Fair,0,300,302,2,0.67
MiddleAge,0,5,6,Obese,Fair,1,10,9,-1,10.0
MiddleAge,0,5,6,Obese,Fair,2,134,134,0,0.0
MiddleAge,0,5,6,Obese,Good,0,373,370,-3,0.8
MiddleAge,0,5,6,Obese,Good,1,11,13,2,18.18
MiddleAge,0,5,6,Obese,Good,2,51,49,-2,3.92
MiddleAge,0,5,6,Obese,Poor,0,124,124,0,0.0
MiddleAge,0,5,6,Obese,Poor,1,7,9,2,28.57
MiddleAge,0,5,6,Obese,Poor,2,105,105,0,0.0
MiddleAge,0,5,6,Overweight,Fair,0,246,248,2,0.81
MiddleAge,0,5,6,Overweight,Fair,1,10,10,0,0.0
MiddleAge,0,5,6,Overweight,Fair,2,59,59,0,0.0
MiddleAge,0,5,6,Overweight,Good,0,477,477,0,0.0
MiddleAge,0,5,6,Overweight,Good,1,4,2,-2,50.0
MiddleAge,0,5,6,Overweight,Good,2,34,35,1,2.94
MiddleAge,0,5,6,Overweight,Poor,0,76,74,-2,2.63
MiddleAge,0,5,6,Overweight,Poor,1,2,2,0,0.0
MiddleAge,0,5,6,Overweight,Poor,2,31,30,-1,3.23
MiddleAge,0,5,6,Underweight,Fair,0,12,13,1,8.33
MiddleAge,0,5,6,Underweight,Good,0,6,6,0,0.0
MiddleAge,0,5,6,Underweight,Poor,0,8,8,0,0.0
MiddleAge,0,5,6,Underweight,Poor,2,2,1,-1,50.0
MiddleAge,0,5,7,Normal,Fair,0,131,130,-1,0.76
MiddleAge,0,5,7,Normal,Fair,1,2,2,0,0.0
MiddleAge,0,5,7,Normal,Fair,2,16,16,0,0.0
MiddleAge,0,5,7,Normal,Good,0,470,470,0,0.0
MiddleAge,0,5,7,Normal,Good,1,7,7,0,0.0
MiddleAge,0,5,7,Normal,Good,2,14,15,1,7.14
MiddleAge,0,5,7,Normal,Poor,0,52,53,1,1.92
MiddleAge,0,5,7,Normal,Poor,2,9,10,1,11.11
MiddleAge,0,5,7,Obese,Fair,0,324,319,-5,1.54
MiddleAge,0,5,7,Obese,Fair,1,15,15,0,0.0
MiddleAge,0,5,7,Obese,Fair,2,132,132,0,0.0
MiddleAge,0,5,7,Obese,Good,0,365,364,-1,0.27
MiddleAge,0,5,7,Obese,Good,1,14,14,0,0.0
MiddleAge,0,5,7,Obese,Good,2,72,71,-1,1.39
MiddleAge,0,5,7,Obese,Poor,0,95,95,0,0.0
MiddleAge,0,5,7,Obese,Poor,1,7,10,3,42.86
MiddleAge,0,5,7,Obese,Poor,2,81,81,0,0.0
MiddleAge,0,5,7,Overweight,Fair,0,260,260,0,0.0
MiddleAge,0,5,7,Overweight,Fair,1,6,8,2,33.33
MiddleAge,0,5,7,Overweight,Fair,2,44,45,1,2.27
MiddleAge,0,5,7,Overweight,Good,0,593,594,1,0.17
MiddleAge,0,5,7,Overweight,Good,1,10,9,-1,10.0
MiddleAge,0,5,7,Overweight,Good,2,31,32,1,3.23
MiddleAge,0,5,7,Overweight,Poor,0,72,72,0,0.0
MiddleAge,0,5,7,Overweight,Poor,1,2,2,0,0.0
MiddleAge,0,5,7,Overweight,Poor,2,23,24,1,4.35
MiddleAge,0,5,7,Underweight,Fair,0,10,9,-1,10.0
MiddleAge,0,5,7,Underweight,Fair,2,1,3,2,200.0
MiddleAge,0,5,7,Underweight,Good,0,14,15,1,7.14
MiddleAge,0,5,7,Underweight,Poor,0,6,6,0,0.0
MiddleAge,0,5,7,Underweight,Poor,2,1,3,2,200.0
MiddleAge,0,5,8,Normal,Fair,0,196,195,-1,0.51
MiddleAge,0,5,8,Normal,Fair,1,3,8,5,166.67
MiddleAge,0,5,8,Normal,Fair,2,12,9,-3,25.0
MiddleAge,0,5,8,Normal,Good,0,724,724,0,0.0
MiddleAge,0,5,8,Normal,Good,1,8,9,1,12.5
MiddleAge,0,5,8,Normal,Good,2,10,10,0,0.0
MiddleAge,0,5,8,Normal,Poor,0,65,67,2,3.08
MiddleAge,0,5,8,Normal,Poor,1,1,1,0,0.0
MiddleAge,0,5,8,Normal,Poor,2,7,8,1,14.29
MiddleAge,0,5,8,Obese,Fair,0,298,299,1,0.34
MiddleAge,0,5,8,Obese,Fair,1,15,14,-1,6.67
MiddleAge,0,5,8,Obese,Fair,2,115,115,0,0.0
MiddleAge,0,5,8,Obese,Good,0,546,547,1,0.18
MiddleAge,0,5,8,Obese,Good,1,11,11,0,0.0
MiddleAge,0,5,8,Obese,Good,2,63,63,0,0.0
MiddleAge,0,5,8,Obese,Poor,0,92,93,1,1.09
MiddleAge,0,5,8,Obese,Poor,1,8,8,0,0.0
MiddleAge,0,5,8,Obese,Poor,2,76,76,0,0.0
MiddleAge,0,5,8,Overweight,Fair,0,267,268,1,0.37
MiddleAge,0,5,8,Overweight,Fair,1,12,12,0,0.0
MiddleAge,0,5,8,Overweight,Fair,2,50,51,1,2.0
MiddleAge,0,5,8,Overweight,Good,0,788,788,0,0.0
MiddleAge,0,5,8,Overweight,Good,1,9,7,-2,22.22
MiddleAge,0,5,8,Overweight,Good,2,41,40,-1,2.44
MiddleAge,0,5,8,Overweight,Poor,0,70,70,0,0.0
MiddleAge,0,5,8,Overweight,Poor,1,3,1,-2,66.67
MiddleAge,0,5,8,Overweight,Poor,2,20,20,0,0.0
MiddleAge,0,5,8,Underweight,Fair,0,5,9,4,80.0
MiddleAge,0,5,8,Underweight,Fair,2,1,0,-1,100.0
MiddleAge,0,5,8,Underweight,Good,0,27,28,1,3.7
MiddleAge,0,6,1,Normal,Fair,0,24,25,1,4.17
MiddleAge,0,6,1,Normal,Fair,1,1,1,0,0.0
MiddleAge,0,6,1,Normal,Fair,2,3,5,2,66.67
MiddleAge,0,6,1,Normal,Good,0,19,17,-2,10.53
MiddleAge,0,6,1,Normal,Good,2,1,0,-1,100.0
MiddleAge,0,6,1,Normal,Poor,0,26,24,-2,7.69
MiddleAge,0,6,1,Normal,Poor,2,3,3,0,0.0
MiddleAge,0,6,1,Obese,Fair,0,25,26,1,4.0
MiddleAge,0,6,1,Obese,Fair,2,12,13,1,8.33
MiddleAge,0,6,1,Obese,Good,0,21,19,-2,9.52
MiddleAge,0,6,1,Obese,Good,2,6,7,1,16.67
MiddleAge,0,6,1,Obese,Poor,0,32,33,1,3.12
MiddleAge,0,6,1,Obese,Poor,1,1,1,0,0.0
MiddleAge,0,6,1,Obese,Poor,2,32,33,1,3.12
MiddleAge,0,6,1,Overweight,Fair,0,16,15,-1,6.25
MiddleAge,0,6,1,Overweight,Fair,1,1,2,1,100.0
MiddleAge,0,6,1,Overweight,Fair,2,6,6,0,0.0
MiddleAge,0,6,1,Overweight,Good,0,29,29,0,0.0
MiddleAge,0,6,1,Overweight,Good,1,1,0,-1,100.0
MiddleAge,0,6,1,Overweight,Good,2,2,3,1,50.0
MiddleAge,0,6,1,Overweight,Poor,0,19,20,1,5.26
MiddleAge,0,6,1,Overweight,Poor,2,11,10,-1,9.09
MiddleAge,0,6,2,Normal,Fair,0,25,25,0,0.0
MiddleAge,0,6,2,Normal,Fair,2,2,0,-2,100.0
MiddleAge,0,6,2,Normal,Good,0,46,46,0,0.0
MiddleAge,0,6,2,Normal,Good,1,2,3,1,50.0
MiddleAge,0,6,2,Normal,Good,2,1,1,0,0.0
MiddleAge,0,6,2,Normal,Poor,0,41,43,2,4.88
MiddleAge,0,6,2,Normal,Poor,1,1,1,0,0.0
MiddleAge,0,6,2,Normal,Poor,2,4,6,2,50.0
MiddleAge,0,6,2,Obese,Fair,0,32,32,0,0.0
MiddleAge,0,6,2,Obese,Fair,1,5,5,0,0.0
MiddleAge,0,6,2,Obese,Fair,2,15,15,0,0.0
MiddleAge,0,6,2,Obese,Good,0,22,23,1,4.55
MiddleAge,0,6,2,Obese,Good,2,6,6,0,0.0
MiddleAge,0,6,2,Obese,Poor,0,37,37,0,0.0
MiddleAge,0,6,2,Obese,Poor,1,4,5,1,25.0
MiddleAge,0,6,2,Obese,Poor,2,42,43,1,2.38
MiddleAge,0,6,2,Overweight,Fair,0,22,22,0,0.0
MiddleAge,0,6,2,Overweight,Fair,1,2,8,6,300.0
MiddleAge,0,6,2,Overweight,Fair,2,4,5,1,25.0
MiddleAge,0,6,2,Overweight,Good,0,31,30,-1,3.23
MiddleAge,0,6,2,Overweight,Good,1,4,7,3,75.0
MiddleAge,0,6,2,Overweight,Good,2,5,2,-3,60.0
MiddleAge,0,6,2,Overweight,Poor,0,27,28,1,3.7
MiddleAge,0,6,2,Overweight,Poor,2,13,12,-1,7.69
MiddleAge,0,6,2,Underweight,Poor,0,5,7,2,40.0
MiddleAge,0,6,3,Normal,Fair,0,41,44,3,7.32
MiddleAge,0,6,3,Normal,Fair,1,1,3,2,200.0
MiddleAge,0,6,3,Normal,Fair,2,1,2,1,100.0
MiddleAge,0,6,3,Normal,Good,0,78,79,1,1.28
MiddleAge,0,6,3,Normal,Good,1,1,2,1,100.0
MiddleAge,0,6,3,Normal,Poor,0,26,25,-1,3.85
MiddleAge,0,6,3,Normal,Poor,2,5,6,1,20.0
MiddleAge,0,6,3,Obese,Fair,0,47,48,1,2.13
MiddleAge,0,6,3,Obese,Fair,1,3,4,1,33.33
MiddleAge,0,6,3,Obese,Fair,2,19,18,-1,5.26
MiddleAge,0,6,3,Obese,Good,0,34,34,0,0.0
MiddleAge,0,6,3,Obese,Good,1,2,0,-2,100.0
MiddleAge,0,6,3,Obese,Good,2,4,2,-2,50.0
MiddleAge,0,6,3,Obese,Poor,0,36,36,0,0.0
MiddleAge,0,6,3,Obese,Poor,1,4,5,1,25.0
MiddleAge,0,6,3,Obese,Poor,2,55,54,-1,1.82
MiddleAge,0,6,3,Overweight,Fair,0,40,38,-2,5.0
MiddleAge,0,6,3,Overweight,Fair,1,1,0,-1,100.0
MiddleAge,0,6,3,Overweight,Fair,2,9,9,0,0.0
MiddleAge,0,6,3,Overweight,Good,0,52,52,0,0.0
MiddleAge,0,6,3,Overweight,Good,1,2,3,1,50.0
MiddleAge,0,6,3,Overweight,Good,2,3,1,-2,66.67
MiddleAge,0,6,3,Overweight,Poor,0,26,23,-3,11.54
MiddleAge,0,6,3,Overweight,Poor,2,13,12,-1,7.69
MiddleAge,0,6,3,Underweight,Fair,0,6,6,0,0.0
MiddleAge,0,6,4,Normal,Fair,0,51,53,2,3.92
MiddleAge,0,6,4,Normal,Fair,1,2,2,0,0.0
MiddleAge,0,6,4,Normal,Fair,2,3,4,1,33.33
MiddleAge,0,6,4,Normal,Good,0,119,116,-3,2.52
MiddleAge,0,6,4,Normal,Good,1,1,3,2,200.0
MiddleAge,0,6,4,Normal,Good,2,5,5,0,0.0
MiddleAge,0,6,4,Normal,Poor,0,33,35,2,6.06
MiddleAge,0,6,4,Normal,Poor,1,2,2,0,0.0
MiddleAge,0,6,4,Normal,Poor,2,8,7,-1,12.5
MiddleAge,0,6,4,Obese,Fair,0,71,70,-1,1.41
MiddleAge,0,6,4,Obese,Fair,1,5,6,1,20.0
MiddleAge,0,6,4,Obese,Fair,2,39,39,0,0.0
MiddleAge,0,6,4,Obese,Good,0,85,85,0,0.0
MiddleAge,0,6,4,Obese,Good,1,1,1,0,0.0
MiddleAge,0,6,4,Obese,Good,2,14,12,-2,14.29
MiddleAge,0,6,4,Obese,Poor,0,44,44,0,0.0
MiddleAge,0,6,4,Obese,Poor,1,5,8,3,60.0
MiddleAge,0,6,4,Obese,Poor,2,42,42,0,0.0
MiddleAge,0,6,4,Overweight,Fair,0,61,61,0,0.0
MiddleAge,0,6,4,Overweight,Fair,1,1,1,0,0.0
MiddleAge,0,6,4,Overweight,Fair,2,13,14,1,7.69
MiddleAge,0,6,4,Overweight,Good,0,132,130,-2,1.52
MiddleAge,0,6,4,Overweight,Good,1,1,1,0,0.0
MiddleAge,0,6,4,Overweight,Good,2,6,6,0,0.0
MiddleAge,0,6,4,Overweight,Poor,0,28,28,0,0.0
MiddleAge,0,6,4,Overweight,Poor,1,1,0,-1,100.0
MiddleAge,0,6,4,Overweight,Poor,2,11,13,2,18.18
MiddleAge,0,6,4,Underweight,Fair,0,5,4,-1,20.0
MiddleAge,0,6,4,Underweight,Good,0,8,10,2,25.0
MiddleAge,0,6,5,Normal,Fair,0,84,84,0,0.0
MiddleAge,0,6,5,Normal,Fair,1,2,3,1,50.0
MiddleAge,0,6,5,Normal,Fair,2,9,10,1,11.11
MiddleAge,0,6,5,Normal,Good,0,260,263,3,1.15
MiddleAge,0,6,5,Normal,Good,1,4,4,0,0.0
MiddleAge,0,6,5,Normal,Good,2,3,1,-2,66.67
MiddleAge,0,6,5,Normal,Poor,0,40,40,0,0.0
MiddleAge,0,6,5,Normal,Poor,1,1,1,0,0.0
MiddleAge,0,6,5,Normal,Poor,2,4,4,0,0.0
MiddleAge,0,6,5,Obese,Fair,0,132,133,1,0.76
MiddleAge,0,6,5,Obese,Fair,1,10,13,3,30.0
MiddleAge,0,6,5,Obese,Fair,2,57,59,2,3.51
MiddleAge,0,6,5,Obese,Good,0,153,151,-2,1.31
MiddleAge,0,6,5,Obese,Good,1,5,5,0,0.0
MiddleAge,0,6,5,Obese,Good,2,32,32,0,0.0
MiddleAge,0,6,5,Obese,Poor,0,67,65,-2,2.99
MiddleAge,0,6,5,Obese,Poor,1,5,4,-1,20.0
MiddleAge,0,6,5,Obese,Poor,2,68,67,-1,1.47
MiddleAge,0,6,5,Overweight,Fair,0,112,113,1,0.89
MiddleAge,0,6,5,Overweight,Fair,1,4,2,-2,50.0
MiddleAge,0,6,5,Overweight,Fair,2,23,25,2,8.7
MiddleAge,0,6,5,Overweight,Good,0,202,202,0,0.0
MiddleAge,0,6,5,Overweight,Good,1,5,6,1,20.0
MiddleAge,0,6,5,Overweight,Good,2,16,14,-2,12.5
MiddleAge,0,6,5,Overweight,Poor,0,56,54,-2,3.57
MiddleAge,0,6,5,Overweight,Poor,1,2,2,0,0.0
MiddleAge,0,6,5,Overweight,Poor,2,18,19,1,5.56
MiddleAge,0,6,5,Underweight,Fair,0,5,5,0,0.0
MiddleAge,0,6,5,Underweight,Good,0,14,13,-1,7.14
MiddleAge,0,6,5,Underweight,Poor,0,8,6,-2,25.0
MiddleAge,0,6,6,Normal,Fair,0,141,141,0,0.0
MiddleAge,0,6,6,Normal,Fair,1,6,6,0,0.0
MiddleAge,0,6,6,Normal,Fair,2,7,7,0,0.0
MiddleAge,0,6,6,Normal,Good,0,467,466,-1,0.21
MiddleAge,0,6,6,Normal,Good,1,8,8,0,0.0
MiddleAge,0,6,6,Normal,Good,2,13,14,1,7.69
MiddleAge,0,6,6,Normal,Poor,0,52,52,0,0.0
MiddleAge,0,6,6,Normal,Poor,2,9,8,-1,11.11
MiddleAge,0,6,6,Obese,Fair,0,264,264,0,0.0
MiddleAge,0,6,6,Obese,Fair,1,11,12,1,9.09
MiddleAge,0,6,6,Obese,Fair,2,121,122,1,0.83
MiddleAge,0,6,6,Obese,Good,0,318,318,0,0.0
MiddleAge,0,6,6,Obese,Good,1,9,9,0,0.0
MiddleAge,0,6,6,Obese,Good,2,44,44,0,0.0
MiddleAge,0,6,6,Obese,Poor,0,70,70,0,0.0
MiddleAge,0,6,6,Obese,Poor,1,7,8,1,14.29
MiddleAge,0,6,6,Obese,Poor,2,80,79,-1,1.25
MiddleAge,0,6,6,Overweight,Fair,0,188,187,-1,0.53
MiddleAge,0,6,6,Overweight,Fair,1,9,10,1,11.11
MiddleAge,0,6,6,Overweight,Fair,2,50,48,-2,4.0
MiddleAge,0,6,6,Overweight,Good,0,439,439,0,0.0
MiddleAge,0,6,6,Overweight,Good,1,6,7,1,16.67
MiddleAge,0,6,6,Overweight,Good,2,26,26,0,0.0
MiddleAge,0,6,6,Overweight,Poor,0,69,68,-1,1.45
MiddleAge,0,6,6,Overweight,Poor,2,28,28,0,0.0
MiddleAge,0,6,6,Underweight,Fair,0,7,6,-1,14.29
MiddleAge,0,6,6,Underweight,Good,0,26,28,2,7.69
MiddleAge,0,6,6,Underweight,Poor,0,4,5,1,25.0
MiddleAge,0,6,6,Underweight,Poor,2,1,2,1,100.0
MiddleAge,0,6,7,Normal,Fair,0,209,210,1,0.48
MiddleAge,0,6,7,Normal,Fair,1,3,4,1,33.33
MiddleAge,0,6,7,Normal,Fair,2,21,20,-1,4.76
MiddleAge,0,6,7,Normal,Good,0,846,845,-1,0.12
MiddleAge,0,6,7,Normal,Good,1,7,7,0,0.0
MiddleAge,0,6,7,Normal,Good,2,17,17,0,0.0
MiddleAge,0,6,7,Normal,Poor,0,62,62,0,0.0
MiddleAge,0,6,7,Normal,Poor,1,1,5,4,400.0
MiddleAge,0,6,7,Normal,Poor,2,9,8,-1,11.11
MiddleAge,0,6,7,Obese,Fair,0,371,370,-1,0.27
MiddleAge,0,6,7,Obese,Fair,1,20,19,-1,5.0
MiddleAge,0,6,7,Obese,Fair,2,134,134,0,0.0
MiddleAge,0,6,7,Obese,Good,0,540,540,0,0.0
MiddleAge,0,6,7,Obese,Good,1,7,5,-2,28.57
MiddleAge,0,6,7,Obese,Good,2,65,61,-4,6.15
MiddleAge,0,6,7,Obese,Poor,0,117,116,-1,0.85
MiddleAge,0,6,7,Obese,Poor,1,12,12,0,0.0
MiddleAge,0,6,7,Obese,Poor,2,81,80,-1,1.23
MiddleAge,0,6,7,Overweight,Fair,0,310,309,-1,0.32
MiddleAge,0,6,7,Overweight,Fair,1,7,7,0,0.0
MiddleAge,0,6,7,Overweight,Fair,2,50,50,0,0.0
MiddleAge,0,6,7,Overweight,Good,0,775,771,-4,0.52
MiddleAge,0,6,7,Overweight,Good,1,10,9,-1,10.0
MiddleAge,0,6,7,Overweight,Good,2,51,47,-4,7.84
MiddleAge,0,6,7,Overweight,Poor,0,55,57,2,3.64
MiddleAge,0,6,7,Overweight,Poor,1,3,3,0,0.0
MiddleAge,0,6,7,Overweight,Poor,2,34,35,1,2.94
MiddleAge,0,6,7,Underweight,Fair,0,18,16,-2,11.11
MiddleAge,0,6,7,Underweight,Fair,2,2,6,4,200.0
MiddleAge,0,6,7,Underweight,Good,0,33,35,2,6.06
MiddleAge,0,6,7,Underweight,Good,2,1,1,0,0.0
MiddleAge,0,6,7,Underweight,Poor,0,6,5,-1,16.67
MiddleAge,0,6,8,Normal,Fair,0,501,502,1,0.2
MiddleAge,0,6,8,Normal,Fair,1,3,2,-1,33.33
MiddleAge,0,6,8,Normal,Fair,2,31,30,-1,3.23
MiddleAge,0,6,8,Normal,Good,0,2047,2044,-3,0.15
MiddleAge,0,6,8,Normal,Good,1,9,9,0,0.0
MiddleAge,0,6,8,Normal,Good,2,38,39,1,2.63
MiddleAge,0,6,8,Normal,Poor,0,126,126,0,0.0
MiddleAge,0,6,8,Normal,Poor,1,2,1,-1,50.0
MiddleAge,0,6,8,Normal,Poor,2,18,18,0,0.0
MiddleAge,0,6,8,Obese,Fair,0,635,636,1,0.16
MiddleAge,0,6,8,Obese,Fair,1,24,24,0,0.0
MiddleAge,0,6,8,Obese,Fair,2,213,213,0,0.0
MiddleAge,0,6,8,Obese,Good,0,1047,1047,0,0.0
MiddleAge,0,6,8,Obese,Good,1,27,27,0,0.0
MiddleAge,0,6,8,Obese,Good,2,114,115,1,0.88
MiddleAge,0,6,8,Obese,Poor,0,147,146,-1,0.68
MiddleAge,0,6,8,Obese,Poor,1,10,11,1,10.0
MiddleAge,0,6,8,Obese,Poor,2,107,108,1,0.93
MiddleAge,0,6,8,Overweight,Fair,0,549,549,0,0.0
MiddleAge,0,6,8,Overweight,Fair,1,14,15,1,7.14
MiddleAge,0,6,8,Overweight,Fair,2,100,100,0,0.0
MiddleAge,0,6,8,Overweight,Good,0,1676,1677,1,0.06
MiddleAge,0,6,8,Overweight,Good,1,30,29,-1,3.33
MiddleAge,0,6,8,Overweight,Good,2,95,95,0,0.0
MiddleAge,0,6,8,Overweight,Poor,0,127,127,0,0.0
MiddleAge,0,6,8,Overweight,Poor,1,6,5,-1,16.67
MiddleAge,0,6,8,Overweight,Poor,2,29,28,-1,3.45
MiddleAge,0,6,8,Underweight,Fair,0,17,16,-1,5.88
MiddleAge,0,6,8,Underweight,Fair,2,1,1,0,0.0
MiddleAge,0,6,8,Underweight,Good,0,98,95,-3,3.06
MiddleAge,0,6,8,Underweight,Good,2,2,0,-2,100.0
MiddleAge,0,6,8,Underweight,Poor,0,15,14,-1,6.67
MiddleAge,1,2,1,Normal,Fair,0,3,2,-1,33.33
MiddleAge,1,2,1,Normal,Fair,2,2,3,1,50.0
MiddleAge,1,2,1,Normal,Poor,0,10,11,1,10.0
MiddleAge,1,2,1,Normal,Poor,2,6,5,-1,16.67
MiddleAge,1,2,1,Obese,Fair,0,5,5,0,0.0
MiddleAge,1,2,1,Obese,Fair,2,2,2,0,0.0
MiddleAge,1,2,1,Obese,Good,0,3,6,3,100.0
MiddleAge,1,2,1,Obese,Good,2,2,2,0,0.0
MiddleAge,1,2,1,Obese,Poor,0,11,15,4,36.36
MiddleAge,1,2,1,Obese,Poor,1,1,0,-1,100.0
MiddleAge,1,2,1,Obese,Poor,2,18,18,0,0.0
MiddleAge,1,2,1,Overweight,Fair,0,7,8,1,14.29
MiddleAge,1,2,1,Overweight,Fair,2,3,4,1,33.33
MiddleAge,1,2,1,Overweight,Good,0,6,6,0,0.0
MiddleAge,1,2,1,Overweight,Poor,0,20,22,2,10.0
MiddleAge,1,2,1,Overweight,Poor,1,1,1,0,0.0
MiddleAge,1,2,1,Overweight,Poor,2,12,12,0,0.0
MiddleAge,1,2,2,Normal,Fair,0,8,7,-1,12.5
MiddleAge,1,2,2,Normal,Fair,2,1,2,1,100.0
MiddleAge,1,2,2,Normal,Poor,0,8,7,-1,12.5
MiddleAge,1,2,2,Normal,Poor,1,1,2,1,100.0
MiddleAge,1,2,2,Obese,Fair,0,9,9,0,0.0
MiddleAge,1,2,2,Obese,Fair,2,3,2,-1,33.33
MiddleAge,1,2,2,Obese,Poor,0,12,12,0,0.0
MiddleAge,1,2,2,Obese,Poor,1,1,1,0,0.0
MiddleAge,1,2,2,Obese,Poor,2,22,21,-1,4.55
MiddleAge,1,2,2,Overweight,Fair,0,3,4,1,33.33
MiddleAge,1,2,2,Overweight,Fair,2,4,5,1,25.0
MiddleAge,1,2,2,Overweight,Poor,0,13,12,-1,7.69
MiddleAge,1,2,2,Overweight,Poor,1,1,1,0,0.0
MiddleAge,1,2,2,Overweight,Poor,2,9,11,2,22.22
MiddleAge,1,2,2,Overweight-Range,Good,0,1,1,0,0.0
MiddleAge,1,2,2,Overweight-Range,Good,2,6,6,0,0.0
MiddleAge,1,2,3,Any,Good,0,4,4,0,0.0
MiddleAge,1,2,3,Any,Good,2,2,4,2,100.0
MiddleAge,1,2,3,Normal,Poor,0,8,9,1,12.5
MiddleAge,1,2,3,Normal,Poor,2,3,3,0,0.0
MiddleAge,1,2,3,Obese,Fair,0,9,9,0,0.0
MiddleAge,1,2,3,Obese,Fair,2,5,3,-2,40.0
MiddleAge,1,2,3,Obese,Poor,0,14,13,-1,7.14
MiddleAge,1,2,3,Obese,Poor,1,2,2,0,0.0
MiddleAge,1,2,3,Obese,Poor,2,8,7,-1,12.5
MiddleAge,1,2,3,Overweight,Fair,0,6,4,-2,33.33
MiddleAge,1,2,3,Overweight,Fair,1,1,1,0,0.0
MiddleAge,1,2,3,Overweight,Fair,2,1,1,0,0.0
MiddleAge,1,2,3,Overweight,Good,0,6,6,0,0.0
MiddleAge,1,2,3,Overweight,Good,2,2,2,0,0.0
MiddleAge,1,2,3,Overweight,Poor,0,14,15,1,7.14
MiddleAge,1,2,3,Overweight,Poor,1,1,0,-1,100.0
MiddleAge,1,2,3,Overweight,Poor,2,6,7,1,16.67
MiddleAge,1,2,4,Normal,Fair,0,4,4,0,0.0
MiddleAge,1,2,4,Normal,Fair,1,1,4,3,300.0
MiddleAge,1,2,4,Normal,Fair,2,1,3,2,200.0
MiddleAge,1,2,4,Normal,Poor,0,9,9,0,0.0
MiddleAge,1,2,4,Normal,Poor,2,2,2,0,0.0
MiddleAge,1,2,4,Obese,Fair,0,5,5,0,0.0
MiddleAge,1,2,4,Obese,Fair,1,1,3,2,200.0
MiddleAge,1,2,4,Obese,Fair,2,2,1,-1,50.0
MiddleAge,1,2,4,Obese,Poor,0,10,9,-1,10.0
MiddleAge,1,2,4,Obese,Poor,1,1,0,-1,100.0
MiddleAge,1,2,4,Obese,Poor,2,10,9,-1,10.0
MiddleAge,1,2,4,Overweight,Fair,0,9,8,-1,11.11
MiddleAge,1,2,4,Overweight,Fair,2,2,2,0,0.0
MiddleAge,1,2,4,Overweight,Poor,0,11,11,0,0.0
MiddleAge,1,2,4,Overweight,Poor,1,1,1,0,0.0
MiddleAge,1,2,4,Overweight,Poor,2,6,7,1,16.67
MiddleAge,1,2,4,Overweight-Range,Good,0,7,6,-1,14.29
MiddleAge,1,2,4,Overweight-Range,Good,1,1,1,0,0.0
MiddleAge,1,2,5,Normal,Fair,0,3,1,-2,66.67
MiddleAge,1,2,5,Normal,Fair,2,2,0,-2,100.0
MiddleAge,1,2,5,Normal,Poor,0,5,5,0,0.0
MiddleAge,1,2,5,Normal,Poor,2,3,2,-1,33.33
MiddleAge,1,2,5,Obese,Fair,0,4,2,-2,50.0
MiddleAge,1,2,5,Obese,Fair,1,2,3,1,50.0
MiddleAge,1,2,5,Obese,Good,0,5,3,-2,40.0
MiddleAge,1,2,5,Obese,Good,1,1,0,-1,100.0
MiddleAge,1,2,5,Obese,Good,2,1,2,1,100.0
MiddleAge,1,2,5,Obese,Poor,0,5,5,0,0.0
MiddleAge,1,2,5,Obese,Poor,1,2,2,0,0.0
MiddleAge,1,2,5,Obese,Poor,2,5,3,-2,40.0
MiddleAge,1,2,5,Overweight,Fair,0,10,10,0,0.0
MiddleAge,1,2,5,Overweight,Fair,2,4,3,-1,25.0
MiddleAge,1,2,5,Overweight,Good,0,6,7,1,16.67
MiddleAge,1,2,5,Overweight,Poor,0,2,1,-1,50.0
MiddleAge,1,2,5,Overweight,Poor,1,1,0,-1,100.0
MiddleAge,1,2,5,Overweight,Poor,2,9,9,0,0.0
MiddleAge,1,2,6,Normal,Poor,0,5,1,-4,80.0
MiddleAge,1,2,6,Obese,Fair,0,7,2,-5,71.43
MiddleAge,1,2,6,Obese,Fair,1,1,0,-1,100.0
MiddleAge,1,2,6,Obese,Fair,2,2,2,0,0.0
MiddleAge,1,2,6,Obese,Poor,0,5,5,0,0.0
MiddleAge,1,2,6,Obese,Poor,1,3,3,0,0.0
MiddleAge,1,2,6,Obese,Poor,2,4,3,-1,25.0
MiddleAge,1,2,6,Overweight,Fair,0,5,5,0,0.0
MiddleAge,1,2,6,Overweight,Poor,0,7,7,0,0.0
MiddleAge,1,2,6,Overweight,Poor,1,1,0,-1,100.0
MiddleAge,1,2,6,Overweight,Poor,2,5,1,-4,80.0
MiddleAge,1,2,6,Overweight-Range,Good,0,7,6,-1,14.29
MiddleAge,1,2,6,Overweight-Range,Good,2,1,1,0,0.0
MiddleAge,1,2,7,Any,Good,0,4,2,-2,50.0
MiddleAge,1,2,7,Any,Good,1,1,2,1,100.0
MiddleAge,1,2,7,Any,Good,2,1,0,-1,100.0
MiddleAge,1,2,7,Obese,Poor,0,3,4,1,33.33
MiddleAge,1,2,7,Obese,Poor,1,1,3,2,200.0
MiddleAge,1,2,7,Obese,Poor,2,1,2,1,100.0
MiddleAge,1,2,7,Overweight,Fair,0,5,5,0,0.0
MiddleAge,1,2,7,Overweight,Fair,2,2,2,0,0.0
MiddleAge,1,2,7,Overweight,Poor,0,7,8,1,14.29
MiddleAge,1,2,8,Any,Fair,0,4,3,-1,25.0
MiddleAge,1,2,8,Any,Fair,2,1,1,0,0.0
MiddleAge,1,2,8,Obese,Fair,0,5,5,0,0.0
MiddleAge,1,2,8,Obese,Fair,2,1,0,-1,100.0
MiddleAge,1,2,8,Obese,Good,0,4,5,1,25.0
MiddleAge,1,2,8,Obese,Good,2,1,0,-1,100.0
MiddleAge,1,2,8,Overweight,Good,0,6,8,2,33.33
MiddleAge,1,2,8,Overweight-Range,Poor,0,6,5,-1,16.67
MiddleAge,1,2,8,Overweight-Range,Poor,2,1,1,0,0.0
MiddleAge,1,3,1,Normal,Good,0,10,9,-1,10.0
MiddleAge,1,3,1,Normal,Poor,0,22,22,0,0.0
MiddleAge,1,3,1,Normal,Poor,2,5,5,0,0.0
MiddleAge,1,3,1,Obese,Fair,0,17,17,0,0.0
MiddleAge,1,3,1,Obese,Fair,1,1,0,-1,100.0
MiddleAge,1,3,1,Obese,Fair,2,1,2,1,100.0
MiddleAge,1,3,1,Obese,Good,0,7,7,0,0.0
MiddleAge,1,3,1,Obese,Good,2,3,2,-1,33.33
MiddleAge,1,3,1,Obese,Poor,0,28,29,1,3.57
MiddleAge,1,3,1,Obese,Poor,1,1,1,0,0.0
MiddleAge,1,3,1,Obese,Poor,2,14,11,-3,21.43
MiddleAge,1,3,1,Overweight,Fair,0,11,11,0,0.0
MiddleAge,1,3,1,Overweight,Fair,2,4,4,0,0.0
MiddleAge,1,3,1,Overweight,Good,0,10,11,1,10.0
MiddleAge,1,3,1,Overweight,Good,1,1,0,-1,100.0
MiddleAge,1,3,1,Overweight,Good,2,1,0,-1,100.0
MiddleAge,1,3,1,Overweight,Poor,0,20,19,-1,5.0
MiddleAge,1,3,1,Overweight,Poor,1,6,5,-1,16.67
MiddleAge,1,3,1,Overweight,Poor,2,11,12,1,9.09
MiddleAge,1,3,2,Normal,Fair,0,11,9,-2,18.18
MiddleAge,1,3,2,Normal,Fair,2,2,3,1,50.0
MiddleAge,1,3,2,Normal,Poor,0,13,11,-2,15.38
MiddleAge,1,3,2,Normal,Poor,2,3,2,-1,33.33
MiddleAge,1,3,2,Obese,Fair,0,12,13,1,8.33
MiddleAge,1,3,2,Obese,Fair,1,2,1,-1,50.0
MiddleAge,1,3,2,Obese,Fair,2,6,6,0,0.0
MiddleAge,1,3,2,Obese,Good,0,2,1,-1,50.0
MiddleAge,1,3,2,Obese,Good,1,3,4,1,33.33
MiddleAge,1,3,2,Obese,Good,2,3,2,-1,33.33
MiddleAge,1,3,2,Obese,Poor,0,22,22,0,0.0
MiddleAge,1,3,2,Obese,Poor,1,3,3,0,0.0
MiddleAge,1,3,2,Obese,Poor,2,34,35,1,2.94
MiddleAge,1,3,2,Overweight,Fair,0,12,12,0,0.0
MiddleAge,1,3,2,Overweight,Fair,2,3,3,0,0.0
MiddleAge,1,3,2,Overweight,Good,0,6,5,-1,16.67
MiddleAge,1,3,2,Overweight,Good,2,4,4,0,0.0
MiddleAge,1,3,2,Overweight,Poor,0,27,26,-1,3.7
MiddleAge,1,3,2,Overweight,Poor,1,2,3,1,50.0
MiddleAge,1,3,2,Overweight,Poor,2,12,12,0,0.0
MiddleAge,1,3,3,Normal,Fair,0,7,7,0,0.0
MiddleAge,1,3,3,Normal,Fair,2,2,1,-1,50.0
MiddleAge,1,3,3,Normal,Good,0,8,8,0,0.0
MiddleAge,1,3,3,Normal,Poor,0,15,15,0,0.0
MiddleAge,1,3,3,Normal,Poor,2,3,4,1,33.33
MiddleAge,1,3,3,Obese,Fair,0,13,13,0,0.0
MiddleAge,1,3,3,Obese,Fair,1,1,3,2,200.0
MiddleAge,1,3,3,Obese,Fair,2,10,10,0,0.0
MiddleAge,1,3,3,Obese,Good,0,4,4,0,0.0
MiddleAge,1,3,3,Obese,Good,2,4,2,-2,50.0
MiddleAge,1,3,3,Obese,Poor,0,21,20,-1,4.76
MiddleAge,1,3,3,Obese,Poor,1,5,5,0,0.0
MiddleAge,1,3,3,Obese,Poor,2,23,25,2,8.7
MiddleAge,1,3,3,Overweight,Fair,0,23,26,3,13.04
MiddleAge,1,3,3,Overweight,Fair,1,1,2,1,100.0
MiddleAge,1,3,3,Overweight,Fair,2,5,6,1,20.0
MiddleAge,1,3,3,Overweight,Good,0,7,6,-1,14.29
MiddleAge,1,3,3,Overweight,Good,2,3,2,-1,33.33
MiddleAge,1,3,3,Overweight,Poor,0,32,32,0,0.0
MiddleAge,1,3,3,Overweight,Poor,1,1,2,1,100.0
MiddleAge,1,3,3,Overweight,Poor,2,16,16,0,0.0
MiddleAge,1,3,4,Normal,Fair,0,10,10,0,0.0
MiddleAge,1,3,4,Normal,Fair,2,1,1,0,0.0
MiddleAge,1,3,4,Normal,Poor,0,12,11,-1,8.33
MiddleAge,1,3,4,Normal,Poor,2,5,3,-2,40.0
MiddleAge,1,3,4,Obese,Fair,0,10,10,0,0.0
MiddleAge,1,3,4,Obese,Fair,1,1,0,-1,100.0
MiddleAge,1,3,4,Obese,Fair,2,10,10,0,0.0
MiddleAge,1,3,4,Obese,Good,0,8,5,-3,37.5
MiddleAge,1,3,4,Obese,Good,1,1,0,-1,100.0
MiddleAge,1,3,4,Obese,Good,2,6,6,0,0.0
MiddleAge,1,3,4,Obese,Poor,0,27,28,1,3.7
MiddleAge,1,3,4,Obese,Poor,1,1,1,0,0.0
MiddleAge,1,3,4,Obese,Poor,2,23,23,0,0.0
MiddleAge,1,3,4,Overweight,Fair,0,12,7,-5,41.67
MiddleAge,1,3,4,Overweight,Fair,1,1,2,1,100.0
MiddleAge,1,3,4,Overweight,Fair,2,5,5,0,0.0
MiddleAge,1,3,4,Overweight,Good,0,10,11,1,10.0
MiddleAge,1,3,4,Overweight,Good,2,2,0,-2,100.0
MiddleAge,1,3,4,Overweight,Poor,0,23,31,8,34.78
MiddleAge,1,3,4,Overweight,Poor,1,1,0,-1,100.0
MiddleAge,1,3,4,Overweight,Poor,2,10,10,0,0.0
MiddleAge,1,3,5,Normal,Fair,0,14,14,0,0.0
MiddleAge,1,3,5,Normal,Fair,2,1,1,0,0.0
MiddleAge,1,3,5,Normal,Good,0,5,6,1,20.0
MiddleAge,1,3,5,Normal,Good,2,1,1,0,0.0
MiddleAge,1,3,5,Normal,Poor,0,11,13,2,18.18
MiddleAge,1,3,5,Normal,Poor,2,3,2,-1,33.33
MiddleAge,1,3,5,Obese,Fair,0,18,17,-1,5.56
MiddleAge,1,3,5,Obese,Fair,2,9,4,-5,55.56
MiddleAge,1,3,5,Obese,Good,0,8,9,1,12.5
MiddleAge,1,3,5,Obese,Good,2,4,5,1,25.0
MiddleAge,1,3,5,Obese,Poor,0,21,20,-1,4.76
MiddleAge,1,3,5,Obese,Poor,1,3,3,0,0.0
MiddleAge,1,3,5,Obese,Poor,2,14,14,0,0.0
MiddleAge,1,3,5,Overweight,Fair,0,17,17,0,0.0
MiddleAge,1,3,5,Overweight,Fair,1,1,1,0,0.0
MiddleAge,1,3,5,Overweight,Fair,2,4,4,0,0.0
MiddleAge,1,3,5,Overweight,Good,0,22,22,0,0.0
MiddleAge,1,3,5,Overweight,Good,2,4,4,0,0.0
MiddleAge,1,3,5,Overweight,Poor,0,15,15,0,0.0
MiddleAge,1,3,5,Overweight,Poor,2,16,15,-1,6.25
MiddleAge,1,3,6,Normal,Fair,0,6,6,0,0.0
MiddleAge,1,3,6,Normal,Good,0,6,6,0,0.0
MiddleAge,1,3,6,Normal,Poor,0,10,9,-1,10.0
MiddleAge,1,3,6,Normal,Poor,2,1,1,0,0.0
MiddleAge,1,3,6,Obese,Fair,0,25,24,-1,4.0
MiddleAge,1,3,6,Obese,Fair,1,1,1,0,0.0
MiddleAge,1,3,6,Obese,Fair,2,6,6,0,0.0
MiddleAge,1,3,6,Obese,Good,0,19,19,0,0.0
MiddleAge,1,3,6,Obese,Good,2,2,1,-1,50.0
MiddleAge,1,3,6,Obese,Poor,0,21,22,1,4.76
MiddleAge,1,3,6,Obese,Poor,1,2,2,0,0.0
MiddleAge,1,3,6,Obese,Poor,2,8,10,2,25.0
MiddleAge,1,3,6,Overweight,Fair,0,22,20,-2,9.09
MiddleAge,1,3,6,Overweight,Fair,1,3,3,0,0.0
MiddleAge,1,3,6,Overweight,Fair,2,8,6,-2,25.0
MiddleAge,1,3,6,Overweight,Good,0,20,20,0,0.0
MiddleAge,1,3,6,Overweight,Good,2,4,4,0,0.0
MiddleAge,1,3,6,Overweight,Poor,0,10,13,3,30.0
MiddleAge,1,3,6,Overweight,Poor,2,6,7,1,16.67
MiddleAge,1,3,7,Normal,Fair,0,9,9,0,0.0
MiddleAge,1,3,7,Normal,Fair,2,1,0,-1,100.0
MiddleAge,1,3,7,Normal,Good,0,8,8,0,0.0
MiddleAge,1,3,7,Normal,Poor,0,7,4,-3,42.86
MiddleAge,1,3,7,Normal,Poor,2,1,0,-1,100.0
MiddleAge,1,3,7,Obese,Fair,0,17,17,0,0.0
MiddleAge,1,3,7,Obese,Fair,2,11,10,-1,9.09
MiddleAge,1,3,7,Obese,Good,0,9,7,-2,22.22
MiddleAge,1,3,7,Obese,Good,2,7,7,0,0.0
MiddleAge,1,3,7,Obese,Poor,0,7,4,-3,42.86
MiddleAge,1,3,7,Obese,Poor,2,8,7,-1,12.5
MiddleAge,1,3,7,Overweight,Fair,0,15,13,-2,13.33
MiddleAge,1,3,7,Overweight,Fair,2,4,3,-1,25.0
MiddleAge,1,3,7,Overweight,Good,0,13,14,1,7.69
MiddleAge,1,3,7,Overweight,Good,2,1,2,1,100.0
MiddleAge,1,3,7,Overweight,Poor,0,6,8,2,33.33
MiddleAge,1,3,7,Overweight,Poor,1,1,1,0,0.0
MiddleAge,1,3,7,Overweight,Poor,2,2,2,0,0.0
MiddleAge,1,3,8,Normal,Fair,0,6,7,1,16.67
MiddleAge,1,3,8,Normal,Fair,2,1,2,1,100.0
MiddleAge,1,3,8,Normal,Good,0,9,10,1,11.11
MiddleAge,1,3,8,Obese,Fair,0,7,6,-1,14.29
MiddleAge,1,3,8,Obese,Fair,2,2,2,0,0.0
MiddleAge,1,3,8,Obese,Good,0,10,10,0,0.0
MiddleAge,1,3,8,Obese,Good,2,3,3,0,0.0
MiddleAge,1,3,8,Obese,Poor,0,7,7,0,0.0
MiddleAge,1,3,8,Obese,Poor,2,2,1,-1,50.0
MiddleAge,1,3,8,Overweight,Fair,0,8,7,-1,12.5
MiddleAge,1,3,8,Overweight,Fair,2,2,1,-1,50.0
MiddleAge,1,3,8,Overweight,Good,0,18,17,-1,5.56
MiddleAge,1,3,8,Overweight,Good,2,4,3,-1,25.0
MiddleAge,1,3,8,Overweight,Poor,0,4,4,0,0.0
MiddleAge,1,3,8,Overweight,Poor,2,2,0,-2,100.0
MiddleAge,1,4,1,Normal,Fair,0,25,24,-1,4.0
MiddleAge,1,4,1,Normal,Fair,2,2,2,0,0.0
MiddleAge,1,4,1,Normal,Good,0,20,22,2,10.0
MiddleAge,1,4,1,Normal,Good,2,1,0,-1,100.0
MiddleAge,1,4,1,Normal,Poor,0,50,50,0,0.0
MiddleAge,1,4,1,Normal,Poor,1,1,1,0,0.0
MiddleAge,1,4,1,Normal,Poor,2,15,18,3,20.0
MiddleAge,1,4,1,Obese,Fair,0,26,26,0,0.0
MiddleAge,1,4,1,Obese,Fair,1,2,2,0,0.0
MiddleAge,1,4,1,Obese,Fair,2,16,17,1,6.25
MiddleAge,1,4,1,Obese,Good,0,23,22,-1,4.35
MiddleAge,1,4,1,Obese,Good,1,1,1,0,0.0
MiddleAge,1,4,1,Obese,Good,2,6,6,0,0.0
MiddleAge,1,4,1,Obese,Poor,0,56,56,0,0.0
MiddleAge,1,4,1,Obese,Poor,1,2,2,0,0.0
MiddleAge,1,4,1,Obese,Poor,2,51,50,-1,1.96
MiddleAge,1,4,1,Overweight,Fair,0,38,38,0,0.0
MiddleAge,1,4,1,Overweight,Fair,1,2,3,1,50.0
MiddleAge,1,4,1,Overweight,Fair,2,6,6,0,0.0
MiddleAge,1,4,1,Overweight,Good,0,25,23,-2,8.0
MiddleAge,1,4,1,Overweight,Good,2,3,1,-2,66.67
MiddleAge,1,4,1,Overweight,Poor,0,43,43,0,0.0
MiddleAge,1,4,1,Overweight,Poor,1,3,5,2,66.67
MiddleAge,1,4,1,Overweight,Poor,2,21,22,1,4.76
MiddleAge,1,4,1,Underweight,Poor,0,9,6,-3,33.33
MiddleAge,1,4,1,Underweight,Poor,2,1,0,-1,100.0
MiddleAge,1,4,2,Normal,Fair,0,43,42,-1,2.33
MiddleAge,1,4,2,Normal,Fair,1,2,3,1,50.0
MiddleAge,1,4,2,Normal,Fair,2,9,9,0,0.0
MiddleAge,1,4,2,Normal,Good,0,36,37,1,2.78
MiddleAge,1,4,2,Normal,Good,1,1,1,0,0.0
MiddleAge,1,4,2,Normal,Good,2,3,5,2,66.67
MiddleAge,1,4,2,Normal,Poor,0,64,64,0,0.0
MiddleAge,1,4,2,Normal,Poor,1,3,3,0,0.0
MiddleAge,1,4,2,Normal,Poor,2,12,12,0,0.0
MiddleAge,1,4,2,Obese,Fair,0,44,42,-2,4.55
MiddleAge,1,4,2,Obese,Fair,1,2,4,2,100.0
MiddleAge,1,4,2,Obese,Fair,2,31,31,0,0.0
MiddleAge,1,4,2,Obese,Good,0,19,20,1,5.26
MiddleAge,1,4,2,Obese,Good,1,2,1,-1,50.0
MiddleAge,1,4,2,Obese,Good,2,8,8,0,0.0
MiddleAge,1,4,2,Obese,Poor,0,67,66,-1,1.49
MiddleAge,1,4,2,Obese,Poor,1,6,7,1,16.67
MiddleAge,1,4,2,Obese,Poor,2,69,70,1,1.45
MiddleAge,1,4,2,Overweight,Fair,0,57,55,-2,3.51
MiddleAge,1,4,2,Overweight,Fair,1,3,4,1,33.33
MiddleAge,1,4,2,Overweight,Fair,2,16,17,1,6.25
MiddleAge,1,4,2,Overweight,Good,0,39,38,-1,2.56
MiddleAge,1,4,2,Overweight,Good,2,7,9,2,28.57
MiddleAge,1,4,2,Overweight,Poor,0,56,59,3,5.36
MiddleAge,1,4,2,Overweight,Poor,1,4,2,-2,50.0
MiddleAge,1,4,2,Overweight,Poor,2,32,32,0,0.0
MiddleAge,1,4,3,Normal,Fair,0,45,42,-3,6.67
MiddleAge,1,4,3,Normal,Fair,2,3,3,0,0.0
MiddleAge,1,4,3,Normal,Good,0,32,33,1,3.12
MiddleAge,1,4,3,Normal,Good,2,4,5,1,25.0
MiddleAge,1,4,3,Normal,Poor,0,50,50,0,0.0
MiddleAge,1,4,3,Normal,Poor,2,20,24,4,20.0
MiddleAge,1,4,3,Obese,Fair,0,88,88,0,0.0
MiddleAge,1,4,3,Obese,Fair,1,7,8,1,14.29
MiddleAge,1,4,3,Obese,Fair,2,39,41,2,5.13
MiddleAge,1,4,3,Obese,Good,0,38,38,0,0.0
MiddleAge,1,4,3,Obese,Good,1,1,0,-1,100.0
MiddleAge,1,4,3,Obese,Good,2,13,13,0,0.0
MiddleAge,1,4,3,Obese,Poor,0,77,77,0,0.0
MiddleAge,1,4,3,Obese,Poor,1,9,7,-2,22.22
MiddleAge,1,4,3,Obese,Poor,2,100,100,0,0.0
MiddleAge,1,4,3,Overweight,Fair,0,72,73,1,1.39
MiddleAge,1,4,3,Overweight,Fair,1,2,3,1,50.0
MiddleAge,1,4,3,Overweight,Fair,2,32,36,4,12.5
MiddleAge,1,4,3,Overweight,Good,0,62,62,0,0.0
MiddleAge,1,4,3,Overweight,Good,1,3,4,1,33.33
MiddleAge,1,4,3,Overweight,Good,2,5,5,0,0.0
MiddleAge,1,4,3,Overweight,Poor,0,84,84,0,0.0
MiddleAge,1,4,3,Overweight,Poor,1,4,4,0,0.0
MiddleAge,1,4,3,Overweight,Poor,2,44,45,1,2.27
MiddleAge,1,4,3,Underweight,Poor,0,5,4,-1,20.0
MiddleAge,1,4,4,Normal,Fair,0,45,47,2,4.44
MiddleAge,1,4,4,Normal,Fair,1,1,2,1,100.0
MiddleAge,1,4,4,Normal,Fair,2,7,6,-1,14.29
MiddleAge,1,4,4,Normal,Good,0,62,63,1,1.61
MiddleAge,1,4,4,Normal,Good,2,4,3,-1,25.0
MiddleAge,1,4,4,Normal,Poor,0,48,47,-1,2.08
MiddleAge,1,4,4,Normal,Poor,1,2,2,0,0.0
MiddleAge,1,4,4,Normal,Poor,2,14,13,-1,7.14
MiddleAge,1,4,4,Obese,Fair,0,104,102,-2,1.92
MiddleAge,1,4,4,Obese,Fair,1,7,9,2,28.57
MiddleAge,1,4,4,Obese,Fair,2,57,55,-2,3.51
MiddleAge,1,4,4,Obese,Good,0,62,60,-2,3.23
MiddleAge,1,4,4,Obese,Good,1,1,1,0,0.0
MiddleAge,1,4,4,Obese,Good,2,16,15,-1,6.25
MiddleAge,1,4,4,Obese,Poor,0,110,110,0,0.0
MiddleAge,1,4,4,Obese,Poor,1,8,8,0,0.0
MiddleAge,1,4,4,Obese,Poor,2,98,96,-2,2.04
MiddleAge,1,4,4,Overweight,Fair,0,94,97,3,3.19
MiddleAge,1,4,4,Overweight,Fair,1,3,4,1,33.33
MiddleAge,1,4,4,Overweight,Fair,2,30,30,0,0.0
MiddleAge,1,4,4,Overweight,Good,0,108,106,-2,1.85
MiddleAge,1,4,4,Overweight,Good,1,2,5,3,150.0
MiddleAge,1,4,4,Overweight,Good,2,22,23,1,4.55
MiddleAge,1,4,4,Overweight,Poor,0,78,77,-1,1.28
MiddleAge,1,4,4,Overweight,Poor,1,2,1,-1,50.0
MiddleAge,1,4,4,Overweight,Poor,2,43,44,1,2.33
MiddleAge,1,4,4,Underweight,Poor,0,4,4,0,0.0
MiddleAge,1,4,4,Underweight,Poor,2,2,2,0,0.0
MiddleAge,1,4,5,Normal,Fair,0,64,64,0,0.0
MiddleAge,1,4,5,Normal,Fair,1,2,0,-2,100.0
MiddleAge,1,4,5,Normal,Fair,2,9,7,-2,22.22
MiddleAge,1,4,5,Normal,Good,0,71,68,-3,4.23
MiddleAge,1,4,5,Normal,Good,2,1,0,-1,100.0
MiddleAge,1,4,5,Normal,Poor,0,53,52,-1,1.89
MiddleAge,1,4,5,Normal,Poor,2,13,15,2,15.38
MiddleAge,1,4,5,Obese,Fair,0,153,153,0,0.0
MiddleAge,1,4,5,Obese,Fair,1,8,7,-1,12.5
MiddleAge,1,4,5,Obese,Fair,2,73,73,0,0.0
MiddleAge,1,4,5,Obese,Good,0,130,132,2,1.54
MiddleAge,1,4,5,Obese,Good,1,2,2,0,0.0
MiddleAge,1,4,5,Obese,Good,2,25,25,0,0.0
MiddleAge,1,4,5,Obese,Poor,0,104,103,-1,0.96
MiddleAge,1,4,5,Obese,Poor,1,6,6,0,0.0
MiddleAge,1,4,5,Obese,Poor,2,90,89,-1,1.11
MiddleAge,1,4,5,Overweight,Fair,0,122,120,-2,1.64
MiddleAge,1,4,5,Overweight,Fair,1,5,5,0,0.0
MiddleAge,1,4,5,Overweight,Fair,2,36,36,0,0.0
MiddleAge,1,4,5,Overweight,Good,0,147,143,-4,2.72
MiddleAge,1,4,5,Overweight,Good,1,5,5,0,0.0
MiddleAge,1,4,5,Overweight,Good,2,15,13,-2,13.33
MiddleAge,1,4,5,Overweight,Poor,0,77,77,0,0.0
MiddleAge,1,4,5,Overweight,Poor,1,4,4,0,0.0
MiddleAge,1,4,5,Overweight,Poor,2,42,43,1,2.38
MiddleAge,1,4,6,Normal,Fair,0,116,115,-1,0.86
MiddleAge,1,4,6,Normal,Fair,1,1,1,0,0.0
MiddleAge,1,4,6,Normal,Fair,2,19,19,0,0.0
MiddleAge,1,4,6,Normal,Good,0,129,130,1,0.78
MiddleAge,1,4,6,Normal,Good,2,5,3,-2,40.0
MiddleAge,1,4,6,Normal,Poor,0,53,53,0,0.0
MiddleAge,1,4,6,Normal,Poor,1,1,0,-1,100.0
MiddleAge,1,4,6,Normal,Poor,2,5,5,0,0.0
MiddleAge,1,4,6,Obese,Fair,0,242,240,-2,0.83
MiddleAge,1,4,6,Obese,Fair,1,13,13,0,0.0
MiddleAge,1,4,6,Obese,Fair,2,122,123,1,0.82
MiddleAge,1,4,6,Obese,Good,0,234,234,0,0.0
MiddleAge,1,4,6,Obese,Good,1,7,8,1,14.29
MiddleAge,1,4,6,Obese,Good,2,46,46,0,0.0
MiddleAge,1,4,6,Obese,Poor,0,131,133,2,1.53
MiddleAge,1,4,6,Obese,Poor,1,8,7,-1,12.5
MiddleAge,1,4,6,Obese,Poor,2,115,113,-2,1.74
MiddleAge,1,4,6,Overweight,Fair,0,234,235,1,0.43
MiddleAge,1,4,6,Overweight,Fair,1,4,1,-3,75.0
MiddleAge,1,4,6,Overweight,Fair,2,60,60,0,0.0
MiddleAge,1,4,6,Overweight,Good,0,299,296,-3,1.0
MiddleAge,1,4,6,Overweight,Good,1,4,2,-2,50.0
MiddleAge,1,4,6,Overweight,Good,2,29,28,-1,3.45
MiddleAge,1,4,6,Overweight,Poor,0,92,91,-1,1.09
MiddleAge,1,4,6,Overweight,Poor,1,7,8,1,14.29
MiddleAge,1,4,6,Overweight,Poor,2,46,47,1,2.17
MiddleAge,1,4,6,Underweight,Good,0,4,4,0,0.0
MiddleAge,1,4,6,Underweight,Good,1,1,0,-1,100.0
MiddleAge,1,4,7,Normal,Fair,0,70,71,1,1.43
MiddleAge,1,4,7,Normal,Fair,1,3,4,1,33.33
MiddleAge,1,4,7,Normal,Fair,2,13,13,0,0.0
MiddleAge,1,4,7,Normal,Good,0,137,138,1,0.73
MiddleAge,1,4,7,Normal,Good,1,2,3,1,50.0
MiddleAge,1,4,7,Normal,Good,2,11,12,1,9.09
MiddleAge,1,4,7,Normal,Poor,0,30,30,0,0.0
MiddleAge,1,4,7,Normal,Poor,1,2,2,0,0.0
MiddleAge,1,4,7,Normal,Poor,2,14,13,-1,7.14
MiddleAge,1,4,7,Obese,Fair,0,258,259,1,0.39
MiddleAge,1,4,7,Obese,Fair,1,15,15,0,0.0
MiddleAge,1,4,7,Obese,Fair,2,99,99,0,0.0
MiddleAge,1,4,7,Obese,Good,0,244,244,0,0.0
MiddleAge,1,4,7,Obese,Good,1,6,7,1,16.67
MiddleAge,1,4,7,Obese,Good,2,49,49,0,0.0
MiddleAge,1,4,7,Obese,Poor,0,124,125,1,0.81
MiddleAge,1,4,7,Obese,Poor,1,3,2,-1,33.33
MiddleAge,1,4,7,Obese,Poor,2,91,92,1,1.1
MiddleAge,1,4,7,Overweight,Fair,0,233,234,1,0.43
MiddleAge,1,4,7,Overweight,Fair,1,8,8,0,0.0
MiddleAge,1,4,7,Overweight,Fair,2,56,56,0,0.0
MiddleAge,1,4,7,Overweight,Good,0,345,348,3,0.87
MiddleAge,1,4,7,Overweight,Good,1,2,0,-2,100.0
MiddleAge,1,4,7,Overweight,Good,2,34,36,2,5.88
MiddleAge,1,4,7,Overweight,Poor,0,64,64,0,0.0
MiddleAge,1,4,7,Overweight,Poor,1,7,6,-1,14.29
MiddleAge,1,4,7,Overweight,Poor,2,28,28,0,0.0
MiddleAge,1,4,8,Normal,Fair,0,66,65,-1,1.52
MiddleAge,1,4,8,Normal,Fair,1,1,0,-1,100.0
MiddleAge,1,4,8,Normal,Fair,2,8,9,1,12.5
MiddleAge,1,4,8,Normal,Good,0,177,177,0,0.0
MiddleAge,1,4,8,Normal,Good,1,1,2,1,100.0
MiddleAge,1,4,8,Normal,Good,2,4,2,-2,50.0
MiddleAge,1,4,8,Normal,Poor,0,21,20,-1,4.76
MiddleAge,1,4,8,Normal,Poor,2,6,5,-1,16.67
MiddleAge,1,4,8,Obese,Fair,0,261,261,0,0.0
MiddleAge,1,4,8,Obese,Fair,1,10,9,-1,10.0
MiddleAge,1,4,8,Obese,Fair,2,112,112,0,0.0
MiddleAge,1,4,8,Obese,Good,0,423,421,-2,0.47
MiddleAge,1,4,8,Obese,Good,1,10,11,1,10.0
MiddleAge,1,4,8,Obese,Good,2,56,57,1,1.79
MiddleAge,1,4,8,Obese,Poor,0,70,69,-1,1.43
MiddleAge,1,4,8,Obese,Poor,1,3,5,2,66.67
MiddleAge,1,4,8,Obese,Poor,2,68,68,0,0.0
MiddleAge,1,4,8,Overweight,Fair,0,216,213,-3,1.39
MiddleAge,1,4,8,Overweight,Fair,1,2,0,-2,100.0
MiddleAge,1,4,8,Overweight,Fair,2,39,39,0,0.0
MiddleAge,1,4,8,Overweight,Good,0,505,508,3,0.59
MiddleAge,1,4,8,Overweight,Good,1,5,4,-1,20.0
MiddleAge,1,4,8,Overweight,Good,2,24,23,-1,4.17
MiddleAge,1,4,8,Overweight,Poor,0,69,68,-1,1.45
MiddleAge,1,4,8,Overweight,Poor,1,2,0,-2,100.0
MiddleAge,1,4,8,Overweight,Poor,2,15,14,-1,6.67
MiddleAge,1,5,1,Normal,Fair,0,19,19,0,0.0
MiddleAge,1,5,1,Normal,Fair,2,1,5,4,400.0
MiddleAge,1,5,1,Normal,Good,0,22,22,0,0.0
MiddleAge,1,5,1,Normal,Good,1,1,1,0,0.0
MiddleAge,1,5,1,Normal,Good,2,2,4,2,100.0
MiddleAge,1,5,1,Normal,Poor,0,24,26,2,8.33
MiddleAge,1,5,1,Normal,Poor,2,1,2,1,100.0
MiddleAge,1,5,1,Obese,Fair,0,24,24,0,0.0
MiddleAge,1,5,1,Obese,Fair,1,1,1,0,0.0
MiddleAge,1,5,1,Obese,Fair,2,14,16,2,14.29
MiddleAge,1,5,1,Obese,Good,0,12,13,1,8.33
MiddleAge,1,5,1,Obese,Good,1,1,1,0,0.0
MiddleAge,1,5,1,Obese,Poor,0,33,34,1,3.03
MiddleAge,1,5,1,Obese,Poor,1,4,5,1,25.0
MiddleAge,1,5,1,Obese,Poor,2,29,29,0,0.0
MiddleAge,1,5,1,Overweight,Fair,0,17,16,-1,5.88
MiddleAge,1,5,1,Overweight,Fair,1,1,2,1,100.0
MiddleAge,1,5,1,Overweight,Fair,2,3,3,0,0.0
MiddleAge,1,5,1,Overweight,Good,0,32,30,-2,6.25
MiddleAge,1,5,1,Overweight,Good,1,1,0,-1,100.0
MiddleAge,1,5,1,Overweight,Good,2,4,4,0,0.0
MiddleAge,1,5,1,Overweight,Poor,0,31,32,1,3.23
MiddleAge,1,5,1,Overweight,Poor,2,14,13,-1,7.14
MiddleAge,1,5,2,Normal,Fair,0,24,26,2,8.33
MiddleAge,1,5,2,Normal,Fair,2,3,3,0,0.0
MiddleAge,1,5,2,Normal,Good,0,28,27,-1,3.57
MiddleAge,1,5,2,Normal,Good,2,1,2,1,100.0
MiddleAge,1,5,2,Normal,Poor,0,39,39,0,0.0
MiddleAge,1,5,2,Normal,Poor,1,2,1,-1,50.0
MiddleAge,1,5,2,Normal,Poor,2,10,10,0,0.0
MiddleAge,1,5,2,Obese,Fair,0,21,21,0,0.0
MiddleAge,1,5,2,Obese,Fair,1,1,0,-1,100.0
MiddleAge,1,5,2,Obese,Fair,2,21,22,1,4.76
MiddleAge,1,5,2,Obese,Good,0,18,16,-2,11.11
MiddleAge,1,5,2,Obese,Good,1,1,0,-1,100.0
MiddleAge,1,5,2,Obese,Good,2,2,1,-1,50.0
MiddleAge,1,5,2,Obese,Poor,0,40,41,1,2.5
MiddleAge,1,5,2,Obese,Poor,1,5,5,0,0.0
MiddleAge,1,5,2,Obese,Poor,2,38,40,2,5.26
MiddleAge,1,5,2,Overweight,Fair,0,41,41,0,0.0
MiddleAge,1,5,2,Overweight,Fair,1,1,1,0,0.0
MiddleAge,1,5,2,Overweight,Fair,2,11,11,0,0.0
MiddleAge,1,5,2,Overweight,Good,0,26,27,1,3.85
MiddleAge,1,5,2,Overweight,Good,1,1,0,-1,100.0
MiddleAge,1,5,2,Overweight,Good,2,7,7,0,0.0
MiddleAge,1,5,2,Overweight,Poor,0,53,53,0,0.0
MiddleAge,1,5,2,Overweight,Poor,1,2,3,1,50.0
MiddleAge,1,5,2,Overweight,Poor,2,26,29,3,11.54
MiddleAge,1,5,2,Underweight,Poor,0,9,8,-1,11.11
MiddleAge,1,5,2,Underweight,Poor,2,1,0,-1,100.0
MiddleAge,1,5,3,Normal,Fair,0,31,32,1,3.23
MiddleAge,1,5,3,Normal,Fair,1,2,4,2,100.0
MiddleAge,1,5,3,Normal,Fair,2,9,9,0,0.0
MiddleAge,1,5,3,Normal,Good,0,52,52,0,0.0
MiddleAge,1,5,3,Normal,Good,1,1,1,0,0.0
MiddleAge,1,5,3,Normal,Good,2,1,0,-1,100.0
MiddleAge,1,5,3,Normal,Poor,0,42,41,-1,2.38
MiddleAge,1,5,3,Normal,Poor,1,2,3,1,50.0
MiddleAge,1,5,3,Normal,Poor,2,11,10,-1,9.09
MiddleAge,1,5,3,Obese,Fair,0,50,50,0,0.0
MiddleAge,1,5,3,Obese,Fair,1,2,2,0,0.0
MiddleAge,1,5,3,Obese,Fair,2,29,30,1,3.45
MiddleAge,1,5,3,Obese,Good,0,34,34,0,0.0
MiddleAge,1,5,3,Obese,Good,1,3,4,1,33.33
MiddleAge,1,5,3,Obese,Good,2,11,11,0,0.0
MiddleAge,1,5,3,Obese,Poor,0,55,54,-1,1.82
MiddleAge,1,5,3,Obese,Poor,1,5,4,-1,20.0
MiddleAge,1,5,3,Obese,Poor,2,69,69,0,0.0
MiddleAge,1,5,3,Overweight,Fair,0,65,66,1,1.54
MiddleAge,1,5,3,Overweight,Fair,1,1,1,0,0.0
MiddleAge,1,5,3,Overweight,Fair,2,14,14,0,0.0
MiddleAge,1,5,3,Overweight,Good,0,56,57,1,1.79
MiddleAge,1,5,3,Overweight,Good,1,2,2,0,0.0
MiddleAge,1,5,3,Overweight,Good,2,3,2,-1,33.33
MiddleAge,1,5,3,Overweight,Poor,0,44,44,0,0.0
MiddleAge,1,5,3,Overweight,Poor,1,2,0,-2,100.0
MiddleAge,1,5,3,Overweight,Poor,2,19,20,1,5.26
MiddleAge,1,5,3,Underweight,Poor,0,4,3,-1,25.0
MiddleAge,1,5,3,Underweight,Poor,2,1,0,-1,100.0
MiddleAge,1,5,4,Normal,Fair,0,43,45,2,4.65
MiddleAge,1,5,4,Normal,Fair,1,1,2,1,100.0
MiddleAge,1,5,4,Normal,Fair,2,4,1,-3,75.0
MiddleAge,1,5,4,Normal,Good,0,58,58,0,0.0
MiddleAge,1,5,4,Normal,Good,1,1,1,0,0.0
MiddleAge,1,5,4,Normal,Poor,0,36,35,-1,2.78
MiddleAge,1,5,4,Normal,Poor,1,1,1,0,0.0
MiddleAge,1,5,4,Normal,Poor,2,10,8,-2,20.0
MiddleAge,1,5,4,Obese,Fair,0,82,84,2,2.44
MiddleAge,1,5,4,Obese,Fair,1,1,0,-1,100.0
MiddleAge,1,5,4,Obese,Fair,2,49,49,0,0.0
MiddleAge,1,5,4,Obese,Good,0,54,54,0,0.0
MiddleAge,1,5,4,Obese,Good,2,17,19,2,11.76
MiddleAge,1,5,4,Obese,Poor,0,62,61,-1,1.61
MiddleAge,1,5,4,Obese,Poor,1,7,8,1,14.29
MiddleAge,1,5,4,Obese,Poor,2,72,71,-1,1.39
MiddleAge,1,5,4,Overweight,Fair,0,93,93,0,0.0
MiddleAge,1,5,4,Overweight,Fair,1,2,2,0,0.0
MiddleAge,1,5,4,Overweight,Fair,2,25,25,0,0.0
MiddleAge,1,5,4,Overweight,Good,0,90,90,0,0.0
MiddleAge,1,5,4,Overweight,Good,1,2,2,0,0.0
MiddleAge,1,5,4,Overweight,Good,2,11,10,-1,9.09
MiddleAge,1,5,4,Overweight,Poor,0,60,62,2,3.33
MiddleAge,1,5,4,Overweight,Poor,1,4,4,0,0.0
MiddleAge,1,5,4,Overweight,Poor,2,31,31,0,0.0
MiddleAge,1,5,4,Underweight,Poor,0,8,9,1,12.5
MiddleAge,1,5,4,Underweight,Poor,2,2,2,0,0.0
MiddleAge,1,5,5,Normal,Fair,0,59,57,-2,3.39
MiddleAge,1,5,5,Normal,Fair,1,1,6,5,500.0
MiddleAge,1,5,5,Normal,Fair,2,9,11,2,22.22
MiddleAge,1,5,5,Normal,Good,0,84,84,0,0.0
MiddleAge,1,5,5,Normal,Good,2,7,7,0,0.0
MiddleAge,1,5,5,Normal,Poor,0,36,36,0,0.0
MiddleAge,1,5,5,Normal,Poor,1,3,2,-1,33.33
MiddleAge,1,5,5,Normal,Poor,2,4,6,2,50.0
MiddleAge,1,5,5,Obese,Fair,0,122,121,-1,0.82
MiddleAge,1,5,5,Obese,Fair,1,6,3,-3,50.0
MiddleAge,1,5,5,Obese,Fair,2,73,73,0,0.0
MiddleAge,1,5,5,Obese,Good,0,97,97,0,0.0
MiddleAge,1,5,5,Obese,Good,1,6,1,-5,83.33
MiddleAge,1,5,5,Obese,Good,2,25,20,-5,20.0
MiddleAge,1,5,5,Obese,Poor,0,66,66,0,0.0
MiddleAge,1,5,5,Obese,Poor,1,2,2,0,0.0
MiddleAge,1,5,5,Obese,Poor,2,85,87,2,2.35
MiddleAge,1,5,5,Overweight,Fair,0,126,125,-1,0.79
MiddleAge,1,5,5,Overweight,Fair,1,3,3,0,0.0
MiddleAge,1,5,5,Overweight,Fair,2,22,21,-1,4.55
MiddleAge,1,5,5,Overweight,Good,0,183,183,0,0.0
MiddleAge,1,5,5,Overweight,Good,1,3,3,0,0.0
MiddleAge,1,5,5,Overweight,Good,2,12,10,-2,16.67
MiddleAge,1,5,5,Overweight,Poor,0,69,67,-2,2.9
MiddleAge,1,5,5,Overweight,Poor,1,1,1,0,0.0
MiddleAge,1,5,5,Overweight,Poor,2,35,36,1,2.86
MiddleAge,1,5,6,Normal,Fair,0,93,94,1,1.08
MiddleAge,1,5,6,Normal,Fair,1,1,0,-1,100.0
MiddleAge,1,5,6,Normal,Fair,2,15,14,-1,6.67
MiddleAge,1,5,6,Normal,Good,0,165,165,0,0.0
MiddleAge,1,5,6,Normal,Good,1,3,4,1,33.33
MiddleAge,1,5,6,Normal,Good,2,7,7,0,0.0
MiddleAge,1,5,6,Normal,Poor,0,39,40,1,2.56
MiddleAge,1,5,6,Normal,Poor,1,1,0,-1,100.0
MiddleAge,1,5,6,Normal,Poor,2,9,7,-2,22.22
MiddleAge,1,5,6,Obese,Fair,0,233,233,0,0.0
MiddleAge,1,5,6,Obese,Fair,1,8,9,1,12.5
MiddleAge,1,5,6,Obese,Fair,2,123,123,0,0.0
MiddleAge,1,5,6,Obese,Good,0,207,206,-1,0.48
MiddleAge,1,5,6,Obese,Good,1,11,12,1,9.09
MiddleAge,1,5,6,Obese,Good,2,46,47,1,2.17
MiddleAge,1,5,6,Obese,Poor,0,109,109,0,0.0
MiddleAge,1,5,6,Obese,Poor,1,8,8,0,0.0
MiddleAge,1,5,6,Obese,Poor,2,111,108,-3,2.7
MiddleAge,1,5,6,Overweight,Fair,0,211,212,1,0.47
MiddleAge,1,5,6,Overweight,Fair,1,4,5,1,25.0
MiddleAge,1,5,6,Overweight,Fair,2,44,44,0,0.0
MiddleAge,1,5,6,Overweight,Good,0,320,318,-2,0.62
MiddleAge,1,5,6,Overweight,Good,1,5,4,-1,20.0
MiddleAge,1,5,6,Overweight,Good,2,24,26,2,8.33
MiddleAge,1,5,6,Overweight,Poor,0,81,78,-3,3.7
MiddleAge,1,5,6,Overweight,Poor,1,2,0,-2,100.0
MiddleAge,1,5,6,Overweight,Poor,2,34,33,-1,2.94
MiddleAge,1,5,7,Normal,Fair,0,94,93,-1,1.06
MiddleAge,1,5,7,Normal,Fair,2,11,11,0,0.0
MiddleAge,1,5,7,Normal,Good,0,197,193,-4,2.03
MiddleAge,1,5,7,Normal,Good,1,1,0,-1,100.0
MiddleAge,1,5,7,Normal,Good,2,10,11,1,10.0
MiddleAge,1,5,7,Normal,Poor,0,38,38,0,0.0
MiddleAge,1,5,7,Normal,Poor,2,8,7,-1,12.5
MiddleAge,1,5,7,Obese,Fair,0,278,278,0,0.0
MiddleAge,1,5,7,Obese,Fair,1,9,11,2,22.22
MiddleAge,1,5,7,Obese,Fair,2,134,134,0,0.0
MiddleAge,1,5,7,Obese,Good,0,320,320,0,0.0
MiddleAge,1,5,7,Obese,Good,1,17,16,-1,5.88
MiddleAge,1,5,7,Obese,Good,2,76,75,-1,1.32
MiddleAge,1,5,7,Obese,Poor,0,99,99,0,0.0
MiddleAge,1,5,7,Obese,Poor,1,8,8,0,0.0
MiddleAge,1,5,7,Obese,Poor,2,105,105,0,0.0
MiddleAge,1,5,7,Overweight,Fair,0,243,243,0,0.0
MiddleAge,1,5,7,Overweight,Fair,1,4,4,0,0.0
MiddleAge,1,5,7,Overweight,Fair,2,67,65,-2,2.99
MiddleAge,1,5,7,Overweight,Good,0,461,460,-1,0.22
MiddleAge,1,5,7,Overweight,Good,1,10,11,1,10.0
MiddleAge,1,5,7,Overweight,Good,2,46,46,0,0.0
MiddleAge,1,5,7,Overweight,Poor,0,71,69,-2,2.82
MiddleAge,1,5,7,Overweight,Poor,1,5,7,2,40.0
MiddleAge,1,5,7,Overweight,Poor,2,45,45,0,0.0
MiddleAge,1,5,8,Normal,Fair,0,99,99,0,0.0
MiddleAge,1,5,8,Normal,Fair,2,11,11,0,0.0
MiddleAge,1,5,8,Normal,Good,0,251,251,0,0.0
MiddleAge,1,5,8,Normal,Good,1,4,3,-1,25.0
MiddleAge,1,5,8,Normal,Good,2,15,14,-1,6.67
MiddleAge,1,5,8,Normal,Poor,0,40,40,0,0.0
MiddleAge,1,5,8,Normal,Poor,1,1,1,0,0.0
MiddleAge,1,5,8,Normal,Poor,2,7,8,1,14.29
MiddleAge,1,5,8,Obese,Fair,0,385,385,0,0.0
MiddleAge,1,5,8,Obese,Fair,1,21,24,3,14.29
MiddleAge,1,5,8,Obese,Fair,2,174,173,-1,0.57
MiddleAge,1,5,8,Obese,Good,0,545,545,0,0.0
MiddleAge,1,5,8,Obese,Good,1,22,22,0,0.0
MiddleAge,1,5,8,Obese,Good,2,103,105,2,1.94
MiddleAge,1,5,8,Obese,Poor,0,104,105,1,0.96
MiddleAge,1,5,8,Obese,Poor,1,3,2,-1,33.33
MiddleAge,1,5,8,Obese,Poor,2,109,109,0,0.0
MiddleAge,1,5,8,Overweight,Fair,0,326,326,0,0.0
MiddleAge,1,5,8,Overweight,Fair,1,4,2,-2,50.0
MiddleAge,1,5,8,Overweight,Fair,2,77,76,-1,1.3
MiddleAge,1,5,8,Overweight,Good,0,729,729,0,0.0
MiddleAge,1,5,8,Overweight,Good,1,13,15,2,15.38
MiddleAge,1,5,8,Overweight,Good,2,68,66,-2,2.94
MiddleAge,1,5,8,Overweight,Poor,0,73,72,-1,1.37
MiddleAge,1,5,8,Overweight,Poor,1,3,4,1,33.33
MiddleAge,1,5,8,Overweight,Poor,2,46,45,-1,2.17
MiddleAge,1,5,8,Underweight,Good,0,5,1,-4,80.0
MiddleAge,1,6,1,Normal,Fair,0,15,16,1,6.67
MiddleAge,1,6,1,Normal,Good,0,24,25,1,4.17
MiddleAge,1,6,1,Normal,Good,1,1,2,1,100.0
MiddleAge,1,6,1,Normal,Good,2,2,1,-1,50.0
MiddleAge,1,6,1,Normal,Poor,0,15,19,4,26.67
MiddleAge,1,6,1,Normal,Poor,1,2,1,-1,50.0
MiddleAge,1,6,1,Normal,Poor,2,3,4,1,33.33
MiddleAge,1,6,1,Obese,Fair,0,17,16,-1,5.88
MiddleAge,1,6,1,Obese,Fair,2,4,4,0,0.0
MiddleAge,1,6,1,Obese,Good,0,17,16,-1,5.88
MiddleAge,1,6,1,Obese,Poor,0,20,19,-1,5.0
MiddleAge,1,6,1,Obese,Poor,2,18,18,0,0.0
MiddleAge,1,6,1,Overweight,Fair,0,21,21,0,0.0
MiddleAge,1,6,1,Overweight,Fair,1,1,1,0,0.0
MiddleAge,1,6,1,Overweight,Fair,2,3,4,1,33.33
MiddleAge,1,6,1,Overweight,Good,0,26,25,-1,3.85
MiddleAge,1,6,1,Overweight,Good,2,1,1,0,0.0
MiddleAge,1,6,1,Overweight,Poor,0,18,17,-1,5.56
MiddleAge,1,6,1,Overweight,Poor,2,4,4,0,0.0
MiddleAge,1,6,2,Normal,Fair,0,16,15,-1,6.25
MiddleAge,1,6,2,Normal,Fair,2,3,3,0,0.0
MiddleAge,1,6,2,Normal,Good,0,27,30,3,11.11
MiddleAge,1,6,2,Normal,Poor,0,9,9,0,0.0
MiddleAge,1,6,2,Normal,Poor,1,1,1,0,0.0
MiddleAge,1,6,2,Normal,Poor,2,6,4,-2,33.33
MiddleAge,1,6,2,Obese,Fair,0,20,19,-1,5.0
MiddleAge,1,6,2,Obese,Fair,2,13,12,-1,7.69
MiddleAge,1,6,2,Obese,Good,0,9,9,0,0.0
MiddleAge,1,6,2,Obese,Good,2,3,3,0,0.0
MiddleAge,1,6,2,Obese,Poor,0,20,20,0,0.0
MiddleAge,1,6,2,Obese,Poor,1,1,0,-1,100.0
MiddleAge,1,6,2,Obese,Poor,2,28,26,-2,7.14
MiddleAge,1,6,2,Overweight,Fair,0,23,22,-1,4.35
MiddleAge,1,6,2,Overweight,Fair,1,1,1,0,0.0
MiddleAge,1,6,2,Overweight,Fair,2,7,7,0,0.0
MiddleAge,1,6,2,Overweight,Good,0,34,34,0,0.0
MiddleAge,1,6,2,Overweight,Good,2,6,6,0,0.0
MiddleAge,1,6,2,Overweight,Poor,0,13,10,-3,23.08
MiddleAge,1,6,2,Overweight,Poor,1,2,0,-2,100.0
MiddleAge,1,6,2,Overweight,Poor,2,11,12,1,9.09
MiddleAge,1,6,3,Normal,Fair,0,16,17,1,6.25
MiddleAge,1,6,3,Normal,Fair,2,4,2,-2,50.0
MiddleAge,1,6,3,Normal,Good,0,41,41,0,0.0
MiddleAge,1,6,3,Normal,Good,2,2,1,-1,50.0
MiddleAge,1,6,3,Normal,Poor,0,19,18,-1,5.26
MiddleAge,1,6,3,Normal,Poor,2,5,5,0,0.0
MiddleAge,1,6,3,Obese,Fair,0,28,29,1,3.57
MiddleAge,1,6,3,Obese,Fair,2,24,25,1,4.17
MiddleAge,1,6,3,Obese,Good,0,24,23,-1,4.17
MiddleAge,1,6,3,Obese,Good,1,1,0,-1,100.0
MiddleAge,1,6,3,Obese,Good,2,6,7,1,16.67
MiddleAge,1,6,3,Obese,Poor,0,27,30,3,11.11
MiddleAge,1,6,3,Obese,Poor,2,27,27,0,0.0
MiddleAge,1,6,3,Overweight,Fair,0,38,37,-1,2.63
MiddleAge,1,6,3,Overweight,Fair,1,2,1,-1,50.0
MiddleAge,1,6,3,Overweight,Fair,2,9,12,3,33.33
MiddleAge,1,6,3,Overweight,Good,0,49,48,-1,2.04
MiddleAge,1,6,3,Overweight,Good,2,2,3,1,50.0
MiddleAge,1,6,3,Overweight,Poor,0,25,26,1,4.0
MiddleAge,1,6,3,Overweight,Poor,2,9,10,1,11.11
MiddleAge,1,6,4,Normal,Fair,0,21,19,-2,9.52
MiddleAge,1,6,4,Normal,Fair,2,3,5,2,66.67
MiddleAge,1,6,4,Normal,Good,0,68,66,-2,2.94
MiddleAge,1,6,4,Normal,Good,2,3,3,0,0.0
MiddleAge,1,6,4,Normal,Poor,0,19,19,0,0.0
MiddleAge,1,6,4,Normal,Poor,2,6,7,1,16.67
MiddleAge,1,6,4,Obese,Fair,0,37,42,5,13.51
MiddleAge,1,6,4,Obese,Fair,1,4,3,-1,25.0
MiddleAge,1,6,4,Obese,Fair,2,26,23,-3,11.54
MiddleAge,1,6,4,Obese,Good,0,46,49,3,6.52
MiddleAge,1,6,4,Obese,Good,1,3,3,0,0.0
MiddleAge,1,6,4,Obese,Good,2,11,12,1,9.09
MiddleAge,1,6,4,Obese,Poor,0,47,47,0,0.0
MiddleAge,1,6,4,Obese,Poor,1,1,1,0,0.0
MiddleAge,1,6,4,Obese,Poor,2,28,26,-2,7.14
MiddleAge,1,6,4,Overweight,Fair,0,48,49,1,2.08
MiddleAge,1,6,4,Overweight,Fair,1,4,4,0,0.0
MiddleAge,1,6,4,Overweight,Fair,2,12,9,-3,25.0
MiddleAge,1,6,4,Overweight,Good,0,92,94,2,2.17
MiddleAge,1,6,4,Overweight,Good,1,1,1,0,0.0
MiddleAge,1,6,4,Overweight,Good,2,11,13,2,18.18
MiddleAge,1,6,4,Overweight,Poor,0,29,31,2,6.9
MiddleAge,1,6,4,Overweight,Poor,1,1,1,0,0.0
MiddleAge,1,6,4,Overweight,Poor,2,17,16,-1,5.88
MiddleAge,1,6,5,Normal,Fair,0,48,48,0,0.0
MiddleAge,1,6,5,Normal,Fair,1,1,1,0,0.0
MiddleAge,1,6,5,Normal,Fair,2,10,11,1,10.0
MiddleAge,1,6,5,Normal,Good,0,127,126,-1,0.79
MiddleAge,1,6,5,Normal,Good,1,1,0,-1,100.0
MiddleAge,1,6,5,Normal,Good,2,2,3,1,50.0
MiddleAge,1,6,5,Normal,Poor,0,28,28,0,0.0
MiddleAge,1,6,5,Normal,Poor,1,1,2,1,100.0
MiddleAge,1,6,5,Normal,Poor,2,9,8,-1,11.11
MiddleAge,1,6,5,Obese,Fair,0,68,69,1,1.47
MiddleAge,1,6,5,Obese,Fair,1,3,3,0,0.0
MiddleAge,1,6,5,Obese,Fair,2,41,41,0,0.0
MiddleAge,1,6,5,Obese,Good,0,79,79,0,0.0
MiddleAge,1,6,5,Obese,Good,1,4,4,0,0.0
MiddleAge,1,6,5,Obese,Good,2,35,34,-1,2.86
MiddleAge,1,6,5,Obese,Poor,0,36,33,-3,8.33
MiddleAge,1,6,5,Obese,Poor,1,3,3,0,0.0
MiddleAge,1,6,5,Obese,Poor,2,55,55,0,0.0
MiddleAge,1,6,5,Overweight,Fair,0,90,93,3,3.33
MiddleAge,1,6,5,Overweight,Fair,1,3,1,-2,66.67
MiddleAge,1,6,5,Overweight,Fair,2,21,21,0,0.0
MiddleAge,1,6,5,Overweight,Good,0,151,152,1,0.66
MiddleAge,1,6,5,Overweight,Good,1,3,2,-1,33.33
MiddleAge,1,6,5,Overweight,Good,2,17,18,1,5.88
MiddleAge,1,6,5,Overweight,Poor,0,37,37,0,0.0
MiddleAge,1,6,5,Overweight,Poor,1,2,3,1,50.0
MiddleAge,1,6,5,Overweight,Poor,2,17,18,1,5.88
MiddleAge,1,6,5,Underweight,Good,0,4,4,0,0.0
MiddleAge,1,6,5,Underweight,Good,2,1,0,-1,100.0
MiddleAge,1,6,6,Normal,Fair,0,80,80,0,0.0
MiddleAge,1,6,6,Normal,Fair,1,1,1,0,0.0
MiddleAge,1,6,6,Normal,Fair,2,12,11,-1,8.33
MiddleAge,1,6,6,Normal,Good,0,210,210,0,0.0
MiddleAge,1,6,6,Normal,Good,1,3,2,-1,33.33
MiddleAge,1,6,6,Normal,Good,2,6,8,2,33.33
MiddleAge,1,6,6,Normal,Poor,0,43,39,-4,9.3
MiddleAge,1,6,6,Normal,Poor,1,1,1,0,0.0
MiddleAge,1,6,6,Normal,Poor,2,11,12,1,9.09
MiddleAge,1,6,6,Obese,Fair,0,174,173,-1,0.57
MiddleAge,1,6,6,Obese,Fair,1,2,2,0,0.0
MiddleAge,1,6,6,Obese,Fair,2,77,77,0,0.0
MiddleAge,1,6,6,Obese,Good,0,178,177,-1,0.56
MiddleAge,1,6,6,Obese,Good,1,7,4,-3,42.86
MiddleAge,1,6,6,Obese,Good,2,38,38,0,0.0
MiddleAge,1,6,6,Obese,Poor,0,53,53,0,0.0
MiddleAge,1,6,6,Obese,Poor,1,3,3,0,0.0
MiddleAge,1,6,6,Obese,Poor,2,70,70,0,0.0
MiddleAge,1,6,6,Overweight,Fair,0,139,139,0,0.0
MiddleAge,1,6,6,Overweight,Fair,1,6,6,0,0.0
MiddleAge,1,6,6,Overweight,Fair,2,54,56,2,3.7
MiddleAge,1,6,6,Overweight,Good,0,376,375,-1,0.27
MiddleAge,1,6,6,Overweight,Good,1,4,5,1,25.0
MiddleAge,1,6,6,Overweight,Good,2,23,24,1,4.35
MiddleAge,1,6,6,Overweight,Poor,0,56,56,0,0.0
MiddleAge,1,6,6,Overweight,Poor,1,1,1,0,0.0
MiddleAge,1,6,6,Overweight,Poor,2,25,23,-2,8.0
MiddleAge,1,6,7,Normal,Fair,0,113,114,1,0.88
MiddleAge,1,6,7,Normal,Fair,1,1,4,3,300.0
MiddleAge,1,6,7,Normal,Fair,2,21,22,1,4.76
MiddleAge,1,6,7,Normal,Good,0,367,369,2,0.54
MiddleAge,1,6,7,Normal,Good,1,5,4,-1,20.0
MiddleAge,1,6,7,Normal,Good,2,18,17,-1,5.56
MiddleAge,1,6,7,Normal,Poor,0,35,33,-2,5.71
MiddleAge,1,6,7,Normal,Poor,1,2,3,1,50.0
MiddleAge,1,6,7,Normal,Poor,2,4,2,-2,50.0
MiddleAge,1,6,7,Obese,Fair,0,257,256,-1,0.39
MiddleAge,1,6,7,Obese,Fair,1,8,9,1,12.5
MiddleAge,1,6,7,Obese,Fair,2,159,161,2,1.26
MiddleAge,1,6,7,Obese,Good,0,410,407,-3,0.73
MiddleAge,1,6,7,Obese,Good,1,15,16,1,6.67
MiddleAge,1,6,7,Obese,Good,2,105,104,-1,0.95
MiddleAge,1,6,7,Obese,Poor,0,64,63,-1,1.56
MiddleAge,1,6,7,Obese,Poor,1,5,5,0,0.0
MiddleAge,1,6,7,Obese,Poor,2,94,94,0,0.0
MiddleAge,1,6,7,Overweight,Fair,0,292,292,0,0.0
MiddleAge,1,6,7,Overweight,Fair,1,7,8,1,14.29
MiddleAge,1,6,7,Overweight,Fair,2,64,67,3,4.69
MiddleAge,1,6,7,Overweight,Good,0,652,654,2,0.31
MiddleAge,1,6,7,Overweight,Good,1,15,16,1,6.67
MiddleAge,1,6,7,Overweight,Good,2,56,56,0,0.0
MiddleAge,1,6,7,Overweight,Poor,0,83,81,-2,2.41
MiddleAge,1,6,7,Overweight,Poor,1,2,0,-2,100.0
MiddleAge,1,6,7,Overweight,Poor,2,34,34,0,0.0
MiddleAge,1,6,7,Underweight,Poor,0,5,5,0,0.0
MiddleAge,1,6,8,Normal,Fair,0,262,263,1,0.38
MiddleAge,1,6,8,Normal,Fair,1,7,8,1,14.29
MiddleAge,1,6,8,Normal,Fair,2,37,35,-2,5.41
MiddleAge,1,6,8,Normal,Good,0,1041,1040,-1,0.1
MiddleAge,1,6,8,Normal,Good,1,9,8,-1,11.11
MiddleAge,1,6,8,Normal,Good,2,57,55,-2,3.51
MiddleAge,1,6,8,Normal,Poor,0,69,69,0,0.0
MiddleAge,1,6,8,Normal,Poor,1,3,4,1,33.33
MiddleAge,1,6,8,Normal,Poor,2,14,15,1,7.14
MiddleAge,1,6,8,Obese,Fair,0,799,799,0,0.0
MiddleAge,1,6,8,Obese,Fair,1,32,31,-1,3.12
MiddleAge,1,6,8,Obese,Fair,2,336,338,2,0.6
MiddleAge,1,6,8,Obese,Good,0,1396,1397,1,0.07
MiddleAge,1,6,8,Obese,Good,1,27,26,-1,3.7
MiddleAge,1,6,8,Obese,Good,2,214,215,1,0.47
MiddleAge,1,6,8,Obese,Poor,0,167,169,2,1.2
MiddleAge,1,6,8,Obese,Poor,1,12,12,0,0.0
MiddleAge,1,6,8,Obese,Poor,2,157,158,1,0.64
MiddleAge,1,6,8,Overweight,Fair,0,762,763,1,0.13
MiddleAge,1,6,8,Overweight,Fair,1,21,21,0,0.0
MiddleAge,1,6,8,Overweight,Fair,2,172,173,1,0.58
MiddleAge,1,6,8,Overweight,Good,0,2057,2057,0,0.0
MiddleAge,1,6,8,Overweight,Good,1,41,40,-1,2.44
MiddleAge,1,6,8,Overweight,Good,2,207,208,1,0.48
MiddleAge,1,6,8,Overweight,Poor,0,131,132,1,0.76
MiddleAge,1,6,8,Overweight,Poor,1,2,4,2,100.0
MiddleAge,1,6,8,Overweight,Poor,2,84,86,2,2.38
MiddleAge,1,6,8,Underweight,Fair,0,11,11,0,0.0
MiddleAge,1,6,8,Underweight,Fair,2,2,0,-2,100.0
MiddleAge,1,6,8,Underweight,Good,0,20,20,0,0.0
MiddleAge,1,6,8,Underweight,Good,2,1,0,-1,100.0
Senior,0,1,1,Any,Poor,0,1,0,-1,100.0
Senior,0,1,1,Any,Poor,2,5,5,0,0.0
Senior,0,1,1,Overweight,Poor,0,4,2,-2,50.0
Senior,0,1,1,Overweight,Poor,2,3,1,-2,66.67
Senior,0,1,2,Any,Poor,0,5,5,0,0.0
Senior,0,1,2,Any,Poor,2,3,3,0,0.0
Senior,0,1,3,Any,Poor,0,4,4,0,0.0
Senior,0,1,3,Any,Poor,2,4,3,-1,25.0
Senior,0,2,1,Any,Fair,0,5,5,0,0.0
Senior,0,2,1,Normal,Fair,0,8,8,0,0.0
Senior,0,2,1,Normal,Fair,2,5,6,1,20.0
Senior,0,2,1,Normal,Good,0,8,8,0,0.0
Senior,0,2,1,Normal,Good,1,1,0,-1,100.0
Senior,0,2,1,Normal,Good,2,2,2,0,0.0
Senior,0,2,1,Normal,Poor,0,16,16,0,0.0
Senior,0,2,1,Normal,Poor,1,2,2,0,0.0
Senior,0,2,1,Normal,Poor,2,18,18,0,0.0
Senior,0,2,1,Obese,Fair,0,8,8,0,0.0
Senior,0,2,1,Obese,Fair,1,1,0,-1,100.0
Senior,0,2,1,Obese,Fair,2,12,12,0,0.0
Senior,0,2,1,Obese,Good,0,2,1,-1,50.0
Senior,0,2,1,Obese,Good,1,2,3,1,50.0
Senior,0,2,1,Obese,Good,2,3,2,-1,33.33
Senior,0,2,1,Obese,Poor,0,21,20,-1,4.76
Senior,0,2,1,Obese,Poor,1,1,1,0,0.0
Senior,0,2,1,Obese,Poor,2,30,29,-1,3.33
Senior,0,2,1,Overweight,Fair,0,11,10,-1,9.09
Senior,0,2,1,Overweight,Fair,1,1,3,2,200.0
Senior,0,2,1,Overweight,Fair,2,5,3,-2,40.0
Senior,0,2,1,Overweight,Good,0,9,9,0,0.0
Senior,0,2,1,Overweight,Good,2,1,1,0,0.0
Senior,0,2,1,Overweight,Poor,0,29,29,0,0.0
Senior,0,2,1,Overweight,Poor,1,4,1,-3,75.0
Senior,0,2,1,Overweight,Poor,2,22,25,3,13.64
Senior,0,2,1,Underweight,Poor,0,3,1,-2,66.67
Senior,0,2,1,Underweight,Poor,2,3,3,0,0.0
Senior,0,2,2,Any,Poor,0,5,5,0,0.0
Senior,0,2,2,Normal,Fair,0,10,8,-2,20.0
Senior,0,2,2,Normal,Fair,2,5,5,0,0.0
Senior,0,2,2,Normal,Good,0,6,6,0,0.0
Senior,0,2,2,Normal,Good,1,1,0,-1,100.0
Senior,0,2,2,Normal,Good,2,1,3,2,200.0
Senior,0,2,2,Normal,Poor,0,10,10,0,0.0
Senior,0,2,2,Normal,Poor,1,1,3,2,200.0
Senior,0,2,2,Normal,Poor,2,7,7,0,0.0
Senior,0,2,2,Obese,Fair,0,8,4,-4,50.0
Senior,0,2,2,Obese,Fair,1,2,3,1,50.0
Senior,0,2,2,Obese,Fair,2,10,9,-1,10.0
Senior,0,2,2,Obese,Good,0,4,2,-2,50.0
Senior,0,2,2,Obese,Good,2,2,2,0,0.0
Senior,0,2,2,Obese,Poor,0,23,23,0,0.0
Senior,0,2,2,Obese,Poor,1,1,2,1,100.0
Senior,0,2,2,Obese,Poor,2,36,38,2,5.56
Senior,0,2,2,Overweight,Fair,0,18,18,0,0.0
Senior,0,2,2,Overweight,Fair,1,1,3,2,200.0
Senior,0,2,2,Overweight,Fair,2,5,3,-2,40.0
Senior,0,2,2,Overweight,Good,0,8,8,0,0.0
Senior,0,2,2,Overweight,Good,1,1,1,0,0.0
Senior,0,2,2,Overweight,Good,2,2,2,0,0.0
Senior,0,2,2,Overweight,Poor,0,23,23,0,0.0
Senior,0,2,2,Overweight,Poor,1,1,0,-1,100.0
Senior,0,2,2,Overweight,Poor,2,9,8,-1,11.11
Senior,0,2,3,Any,Good,0,7,10,3,42.86
Senior,0,2,3,Any,Good,1,2,2,0,0.0
Senior,0,2,3,Any,Good,2,2,2,0,0.0
Senior,0,2,3,Normal,Fair,0,11,10,-1,9.09
Senior,0,2,3,Normal,Fair,2,1,1,0,0.0
Senior,0,2,3,Normal,Good,0,9,8,-1,11.11
Senior,0,2,3,Normal,Good,1,1,0,-1,100.0
Senior,0,2,3,Normal,Poor,0,12,13,1,8.33
Senior,0,2,3,Normal,Poor,2,4,6,2,50.0
Senior,0,2,3,Obese,Fair,0,11,11,0,0.0
Senior,0,2,3,Obese,Fair,1,1,0,-1,100.0
Senior,0,2,3,Obese,Fair,2,4,4,0,0.0
Senior,0,2,3,Obese,Poor,0,16,20,4,25.0
Senior,0,2,3,Obese,Poor,1,1,2,1,100.0
Senior,0,2,3,Obese,Poor,2,12,12,0,0.0
Senior,0,2,3,Overweight,Fair,0,11,12,1,9.09
Senior,0,2,3,Overweight,Fair,2,6,2,-4,66.67
Senior,0,2,3,Overweight,Good,0,7,7,0,0.0
Senior,0,2,3,Overweight,Good,1,1,0,-1,100.0
Senior,0,2,3,Overweight,Good,2,1,1,0,0.0
Senior,0,2,3,Overweight,Poor,0,17,18,1,5.88
Senior,0,2,3,Overweight,Poor,2,12,12,0,0.0
Senior,0,2,4,Any,Fair,0,3,2,-1,33.33
Senior,0,2,4,Any,Fair,2,2,2,0,0.0
Senior,0,2,4,Any,Good,0,5,2,-3,60.0
Senior,0,2,4,Normal,Fair,0,13,13,0,0.0
Senior,0,2,4,Normal,Good,0,6,7,1,16.67
Senior,0,2,4,Normal,Poor,0,12,12,0,0.0
Senior,0,2,4,Obese,Fair,0,10,9,-1,10.0
Senior,0,2,4,Obese,Fair,1,1,0,-1,100.0
Senior,0,2,4,Obese,Fair,2,7,7,0,0.0
Senior,0,2,4,Obese,Good,0,5,7,2,40.0
Senior,0,2,4,Obese,Good,2,1,1,0,0.0
Senior,0,2,4,Obese,Poor,0,7,7,0,0.0
Senior,0,2,4,Obese,Poor,1,2,2,0,0.0
Senior,0,2,4,Obese,Poor,2,10,9,-1,10.0
Senior,0,2,4,Overweight,Fair,0,9,9,0,0.0
Senior,0,2,4,Overweight,Fair,2,1,1,0,0.0
Senior,0,2,4,Overweight,Good,0,7,9,2,28.57
Senior,0,2,4,Overweight,Good,2,2,2,0,0.0
Senior,0,2,4,Overweight,Poor,0,9,10,1,11.11
Senior,0,2,4,Overweight,Poor,2,11,9,-2,18.18
Senior,0,2,5,Any,Poor,0,6,6,0,0.0
Senior,0,2,5,Any,Poor,2,4,5,1,25.0
Senior,0,2,5,Normal,Fair,0,7,7,0,0.0
Senior,0,2,5,Normal,Fair,2,1,3,2,200.0
Senior,0,2,5,Normal,Good,0,8,8,0,0.0
Senior,0,2,5,Normal,Good,2,1,1,0,0.0
Senior,0,2,5,Normal,Poor,0,4,4,0,0.0
Senior,0,2,5,Normal,Poor,2,1,1,0,0.0
Senior,0,2,5,Obese,Fair,0,4,4,0,0.0
Senior,0,2,5,Obese,Fair,1,1,0,-1,100.0
Senior,0,2,5,Obese,Fair,2,3,3,0,0.0
Senior,0,2,5,Obese,Good,0,6,7,1,16.67
Senior,0,2,5,Obese,Good,2,2,2,0,0.0
Senior,0,2,5,Overweight,Fair,0,6,6,0,0.0
Senior,0,2,5,Overweight,Good,0,5,5,0,0.0
Senior,0,2,5,Overweight,Good,2,2,2,0,0.0
Senior,0,2,5,Overweight,Poor,0,7,7,0,0.0
Senior,0,2,5,Overweight,Poor,1,1,0,-1,100.0
Senior,0,2,5,Overweight,Poor,2,6,7,1,16.67
Senior,0,2,6,Any,Good,0,5,5,0,0.0
Senior,0,2,6,Any,Poor,0,6,0,-6,100.0
Senior,0,2,6,Any,Poor,2,1,1,0,0.0
Senior,0,2,6,Normal,Poor,0,3,3,0,0.0
Senior,0,2,6,Normal,Poor,2,3,3,0,0.0
Senior,0,2,6,Overweight-Range,Fair,0,7,7,0,0.0
Senior,0,2,7,Any,Poor,0,4,3,-1,25.0
Senior,0,2,7,Any,Poor,1,1,0,-1,100.0
Senior,0,2,7,Any,Poor,2,1,2,1,100.0
Senior,0,2,8,Any,Fair,0,7,9,2,28.57
Senior,0,2,8,Any,Fair,2,2,2,0,0.0
Senior,0,2,8,Any,Good,0,9,10,1,11.11
Senior,0,2,8,Any,Good,1,1,0,-1,100.0
Senior,0,2,8,Any,Good,2,1,1,0,0.0
Senior,0,3,1,Normal,Fair,0,25,25,0,0.0
Senior,0,3,1,Normal,Fair,2,1,1,0,0.0
Senior,0,3,1,Normal,Good,0,16,16,0,0.0
Senior,0,3,1,Normal,Good,1,1,0,-1,100.0
Senior,0,3,1,Normal,Good,2,2,2,0,0.0
Senior,0,3,1,Normal,Poor,0,22,22,0,0.0
Senior,0,3,1,Normal,Poor,2,5,5,0,0.0
Senior,0,3,1,Obese,Fair,0,7,7,0,0.0
Senior,0,3,1,Obese,Fair,1,2,1,-1,50.0
Senior,0,3,1,Obese,Fair,2,15,12,-3,20.0
Senior,0,3,1,Obese,Good,0,6,4,-2,33.33
Senior,0,3,1,Obese,Good,2,6,6,0,0.0
Senior,0,3,1,Obese,Poor,0,31,30,-1,3.23
Senior,0,3,1,Obese,Poor,1,1,0,-1,100.0
Senior,0,3,1,Obese,Poor,2,34,35,1,2.94
Senior,0,3,1,Overweight,Fair,0,27,28,1,3.7
Senior,0,3,1,Overweight,Fair,1,1,0,-1,100.0
Senior,0,3,1,Overweight,Fair,2,7,7,0,0.0
Senior,0,3,1,Overweight,Good,0,12,12,0,0.0
Senior,0,3,1,Overweight,Good,1,2,4,2,100.0
Senior,0,3,1,Overweight,Poor,0,22,23,1,4.55
Senior,0,3,1,Overweight,Poor,1,5,6,1,20.0
Senior,0,3,1,Overweight,Poor,2,18,20,2,11.11
Senior,0,3,1,Underweight,Poor,0,5,5,0,0.0
Senior,0,3,1,Underweight,Poor,2,1,0,-1,100.0
Senior,0,3,2,Any,Fair,0,5,6,1,20.0
Senior,0,3,2,Normal,Fair,0,24,24,0,0.0
Senior,0,3,2,Normal,Fair,2,3,4,1,33.33
Senior,0,3,2,Normal,Good,0,17,17,0,0.0
Senior,0,3,2,Normal,Good,1,1,2,1,100.0
Senior,0,3,2,Normal,Good,2,1,0,-1,100.0
Senior,0,3,2,Normal,Poor,0,32,34,2,6.25
Senior,0,3,2,Normal,Poor,1,1,1,0,0.0
Senior,0,3,2,Normal,Poor,2,15,15,0,0.0
Senior,0,3,2,Obese,Fair,0,28,28,0,0.0
Senior,0,3,2,Obese,Fair,1,1,0,-1,100.0
Senior,0,3,2,Obese,Fair,2,16,17,1,6.25
Senior,0,3,2,Obese,Good,0,24,26,2,8.33
Senior,0,3,2,Obese,Good,2,16,17,1,6.25
Senior,0,3,2,Obese,Poor,0,38,37,-1,2.63
Senior,0,3,2,Obese,Poor,1,6,7,1,16.67
Senior,0,3,2,Obese,Poor,2,42,42,0,0.0
Senior,0,3,2,Overweight,Fair,0,37,37,0,0.0
Senior,0,3,2,Overweight,Fair,1,1,1,0,0.0
Senior,0,3,2,Overweight,Fair,2,18,14,-4,22.22
Senior,0,3,2,Overweight,Good,0,23,23,0,0.0
Senior,0,3,2,Overweight,Good,1,1,0,-1,100.0
Senior,0,3,2,Overweight,Good,2,6,4,-2,33.33
Senior,0,3,2,Overweight,Poor,0,35,35,0,0.0
Senior,0,3,2,Overweight,Poor,1,2,2,0,0.0
Senior,0,3,2,Overweight,Poor,2,27,28,1,3.7
Senior,0,3,3,Any,Good,0,5,3,-2,40.0
Senior,0,3,3,Normal,Fair,0,32,32,0,0.0
Senior,0,3,3,Normal,Fair,1,1,1,0,0.0
Senior,0,3,3,Normal,Fair,2,4,3,-1,25.0
Senior,0,3,3,Normal,Good,0,33,33,0,0.0
Senior,0,3,3,Normal,Good,2,3,3,0,0.0
Senior,0,3,3,Normal,Poor,0,32,31,-1,3.12
Senior,0,3,3,Normal,Poor,1,1,1,0,0.0
Senior,0,3,3,Normal,Poor,2,8,7,-1,12.5
Senior,0,3,3,Obese,Fair,0,25,26,1,4.0
Senior,0,3,3,Obese,Fair,1,1,1,0,0.0
Senior,0,3,3,Obese,Fair,2,15,18,3,20.0
Senior,0,3,3,Obese,Good,0,26,25,-1,3.85
Senior,0,3,3,Obese,Good,1,2,0,-2,100.0
Senior,0,3,3,Obese,Good,2,9,9,0,0.0
Senior,0,3,3,Obese,Poor,0,44,43,-1,2.27
Senior,0,3,3,Obese,Poor,1,2,2,0,0.0
Senior,0,3,3,Obese,Poor,2,41,41,0,0.0
Senior,0,3,3,Overweight,Fair,0,35,35,0,0.0
Senior,0,3,3,Overweight,Fair,1,1,1,0,0.0
Senior,0,3,3,Overweight,Fair,2,14,15,1,7.14
Senior,0,3,3,Overweight,Good,0,30,30,0,0.0
Senior,0,3,3,Overweight,Good,1,1,1,0,0.0
Senior,0,3,3,Overweight,Good,2,4,4,0,0.0
Senior,0,3,3,Overweight,Poor,0,43,38,-5,11.63
Senior,0,3,3,Overweight,Poor,1,2,3,1,50.0
Senior,0,3,3,Overweight,Poor,2,23,23,0,0.0
Senior,0,3,4,Any,Fair,0,4,4,0,0.0
Senior,0,3,4,Any,Fair,2,2,2,0,0.0
Senior,0,3,4,Any,Poor,0,6,5,-1,16.67
Senior,0,3,4,Any,Poor,2,2,3,1,50.0
Senior,0,3,4,Normal,Fair,0,21,21,0,0.0
Senior,0,3,4,Normal,Fair,1,2,2,0,0.0
Senior,0,3,4,Normal,Fair,2,8,9,1,12.5
Senior,0,3,4,Normal,Good,0,33,31,-2,6.06
Senior,0,3,4,Normal,Good,1,1,2,1,100.0
Senior,0,3,4,Normal,Poor,0,21,21,0,0.0
Senior,0,3,4,Normal,Poor,1,1,2,1,100.0
Senior,0,3,4,Normal,Poor,2,9,10,1,11.11
Senior,0,3,4,Obese,Fair,0,31,30,-1,3.23
Senior,0,3,4,Obese,Fair,1,2,2,0,0.0
Senior,0,3,4,Obese,Fair,2,19,19,0,0.0
Senior,0,3,4,Obese,Good,0,22,22,0,0.0
Senior,0,3,4,Obese,Good,1,1,1,0,0.0
Senior,0,3,4,Obese,Good,2,4,5,1,25.0
Senior,0,3,4,Obese,Poor,0,19,18,-1,5.26
Senior,0,3,4,Obese,Poor,1,4,4,0,0.0
Senior,0,3,4,Obese,Poor,2,21,25,4,19.05
Senior,0,3,4,Overweight,Fair,0,32,32,0,0.0
Senior,0,3,4,Overweight,Fair,1,1,0,-1,100.0
Senior,0,3,4,Overweight,Fair,2,10,9,-1,10.0
Senior,0,3,4,Overweight,Good,0,29,28,-1,3.45
Senior,0,3,4,Overweight,Good,2,9,10,1,11.11
Senior,0,3,4,Overweight,Poor,0,29,30,1,3.45
Senior,0,3,4,Overweight,Poor,1,3,1,-2,66.67
Senior,0,3,4,Overweight,Poor,2,11,10,-1,9.09
Senior,0,3,5,Any,Poor,0,4,5,1,25.0
Senior,0,3,5,Any,Poor,1,1,0,-1,100.0
Senior,0,3,5,Any,Poor,2,2,1,-1,50.0
Senior,0,3,5,Normal,Fair,0,14,14,0,0.0
Senior,0,3,5,Normal,Fair,2,5,5,0,0.0
Senior,0,3,5,Normal,Good,0,27,27,0,0.0
Senior,0,3,5,Normal,Good,2,1,0,-1,100.0
Senior,0,3,5,Normal,Poor,0,17,17,0,0.0
Senior,0,3,5,Normal,Poor,2,7,7,0,0.0
Senior,0,3,5,Obese,Fair,0,23,22,-1,4.35
Senior,0,3,5,Obese,Fair,1,2,1,-1,50.0
Senior,0,3,5,Obese,Fair,2,9,9,0,0.0
Senior,0,3,5,Obese,Good,0,13,14,1,7.69
Senior,0,3,5,Obese,Good,1,1,1,0,0.0
Senior,0,3,5,Obese,Good,2,5,8,3,60.0
Senior,0,3,5,Obese,Poor,0,19,19,0,0.0
Senior,0,3,5,Obese,Poor,2,16,16,0,0.0
Senior,0,3,5,Overweight,Fair,0,39,39,0,0.0
Senior,0,3,5,Overweight,Fair,1,1,1,0,0.0
Senior,0,3,5,Overweight,Fair,2,5,4,-1,20.0
Senior,0,3,5,Overweight,Good,0,22,22,0,0.0
Senior,0,3,5,Overweight,Good,2,5,5,0,0.0
Senior,0,3,5,Overweight,Poor,0,21,21,0,0.0
Senior,0,3,5,Overweight,Poor,1,1,0,-1,100.0
Senior,0,3,5,Overweight,Poor,2,7,6,-1,14.29
Senior,0,3,6,Normal,Fair,0,11,9,-2,18.18
Senior,0,3,6,Normal,Good,0,6,9,3,50.0
Senior,0,3,6,Normal,Good,2,1,0,-1,100.0
Senior,0,3,6,Normal,Poor,0,13,12,-1,7.69
Senior,0,3,6,Obese,Fair,0,18,17,-1,5.56
Senior,0,3,6,Obese,Fair,2,4,5,1,25.0
Senior,0,3,6,Obese,Good,0,6,7,1,16.67
Senior,0,3,6,Obese,Good,1,1,0,-1,100.0
Senior,0,3,6,Obese,Good,2,1,2,1,100.0
Senior,0,3,6,Obese,Poor,0,5,5,0,0.0
Senior,0,3,6,Obese,Poor,1,2,3,1,50.0
Senior,0,3,6,Obese,Poor,2,2,1,-1,50.0
Senior,0,3,6,Overweight,Fair,0,13,12,-1,7.69
Senior,0,3,6,Overweight,Fair,2,4,1,-3,75.0
Senior,0,3,6,Overweight,Good,0,18,21,3,16.67
Senior,0,3,6,Overweight,Good,1,1,0,-1,100.0
Senior,0,3,6,Overweight,Good,2,1,6,5,500.0
Senior,0,3,6,Overweight,Poor,0,13,13,0,0.0
Senior,0,3,6,Overweight,Poor,2,11,11,0,0.0
Senior,0,3,7,Any,Fair,0,6,5,-1,16.67
Senior,0,3,7,Any,Fair,1,1,1,0,0.0
Senior,0,3,7,Normal,Fair,0,6,8,2,33.33
Senior,0,3,7,Normal,Good,0,6,8,2,33.33
Senior,0,3,7,Normal,Good,2,1,2,1,100.0
Senior,0,3,7,Normal-Range,Poor,0,3,5,2,66.67
Senior,0,3,7,Normal-Range,Poor,2,2,1,-1,50.0
Senior,0,3,7,Obese,Fair,0,4,4,0,0.0
Senior,0,3,7,Obese,Fair,2,2,2,0,0.0
Senior,0,3,7,Obese,Good,0,4,4,0,0.0
Senior,0,3,7,Obese,Good,2,2,1,-1,50.0
Senior,0,3,7,Obese,Poor,0,5,6,1,20.0
Senior,0,3,7,Obese,Poor,2,1,0,-1,100.0
Senior,0,3,7,Overweight,Good,0,9,10,1,11.11
Senior,0,3,7,Overweight,Good,1,1,1,0,0.0
Senior,0,3,7,Overweight,Good,2,2,2,0,0.0
Senior,0,3,8,Any,Fair,0,5,4,-1,20.0
Senior,0,3,8,Any,Poor,0,5,7,2,40.0
Senior,0,3,8,Any,Poor,2,2,1,-1,50.0
Senior,0,3,8,Normal,Good,0,6,6,0,0.0
Senior,0,3,8,Obese,Good,0,6,3,-3,50.0
Senior,0,3,8,Obese,Good,1,1,1,0,0.0
Senior,0,3,8,Obese,Poor,0,3,0,-3,100.0
Senior,0,3,8,Obese,Poor,2,2,0,-2,100.0
Senior,0,3,8,Overweight-Range,Fair,0,4,4,0,0.0
Senior,0,3,8,Overweight-Range,Fair,2,2,1,-1,50.0
Senior,0,4,1,Normal,Fair,0,40,40,0,0.0
Senior,0,4,1,Normal,Fair,1,1,0,-1,100.0
Senior,0,4,1,Normal,Fair,2,8,10,2,25.0
Senior,0,4,1,Normal,Good,0,31,31,0,0.0
Senior,0,4,1,Normal,Good,1,1,0,-1,100.0
Senior,0,4,1,Normal,Good,2,4,4,0,0.0
Senior,0,4,1,Normal,Poor,0,39,39,0,0.0
Senior,0,4,1,Normal,Poor,1,3,3,0,0.0
Senior,0,4,1,Normal,Poor,2,25,26,1,4.0
Senior,0,4,1,Obese,Fair,0,35,35,0,0.0
Senior,0,4,1,Obese,Fair,1,3,3,0,0.0
Senior,0,4,1,Obese,Fair,2,21,20,-1,4.76
Senior,0,4,1,Obese,Good,0,25,24,-1,4.0
Senior,0,4,1,Obese,Good,2,14,12,-2,14.29
Senior,0,4,1,Obese,Poor,0,43,41,-2,4.65
Senior,0,4,1,Obese,Poor,1,4,5,1,25.0
Senior,0,4,1,Obese,Poor,2,46,46,0,0.0
Senior,0,4,1,Overweight,Fair,0,52,53,1,1.92
Senior,0,4,1,Overweight,Fair,1,4,5,1,25.0
Senior,0,4,1,Overweight,Fair,2,11,9,-2,18.18
Senior,0,4,1,Overweight,Good,0,33,33,0,0.0
Senior,0,4,1,Overweight,Good,1,2,3,1,50.0
Senior,0,4,1,Overweight,Good,2,8,9,1,12.5
Senior,0,4,1,Overweight,Poor,0,43,43,0,0.0
Senior,0,4,1,Overweight,Poor,1,2,2,0,0.0
Senior,0,4,1,Overweight,Poor,2,24,24,0,0.0
Senior,0,4,1,Underweight,Fair,0,6,6,0,0.0
Senior,0,4,1,Underweight,Good,0,5,3,-2,40.0
Senior,0,4,1,Underweight,Poor,0,9,9,0,0.0
Senior,0,4,1,Underweight,Poor,1,1,1,0,0.0
Senior,0,4,1,Underweight,Poor,2,1,0,-1,100.0
Senior,0,4,2,Normal,Fair,0,104,105,1,0.96
Senior,0,4,2,Normal,Fair,1,5,4,-1,20.0
Senior,0,4,2,Normal,Fair,2,22,23,1,4.55
Senior,0,4,2,Normal,Good,0,95,96,1,1.05
Senior,0,4,2,Normal,Good,1,2,0,-2,100.0
Senior,0,4,2,Normal,Good,2,3,0,-3,100.0
Senior,0,4,2,Normal,Poor,0,90,89,-1,1.11
Senior,0,4,2,Normal,Poor,1,3,2,-1,33.33
Senior,0,4,2,Normal,Poor,2,24,23,-1,4.17
Senior,0,4,2,Obese,Fair,0,89,88,-1,1.12
Senior,0,4,2,Obese,Fair,1,9,11,2,22.22
Senior,0,4,2,Obese,Fair,2,47,46,-1,2.13
Senior,0,4,2,Obese,Good,0,73,74,1,1.37
Senior,0,4,2,Obese,Good,1,3,3,0,0.0
Senior,0,4,2,Obese,Good,2,17,16,-1,5.88
Senior,0,4,2,Obese,Poor,0,86,86,0,0.0
Senior,0,4,2,Obese,Poor,1,9,9,0,0.0
Senior,0,4,2,Obese,Poor,2,108,106,-2,1.85
Senior,0,4,2,Overweight,Fair,0,114,114,0,0.0
Senior,0,4,2,Overweight,Fair,1,4,4,0,0.0
Senior,0,4,2,Overweight,Fair,2,47,48,1,2.13
Senior,0,4,2,Overweight,Good,0,89,91,2,2.25
Senior,0,4,2,Overweight,Good,1,5,6,1,20.0
Senior,0,4,2,Overweight,Good,2,23,23,0,0.0
Senior,0,4,2,Overweight,Poor,0,92,89,-3,3.26
Senior,0,4,2,Overweight,Poor,1,5,6,1,20.0
Senior,0,4,2,Overweight,Poor,2,63,63,0,0.0
Senior,0,4,2,Underweight,Fair,0,13,13,0,0.0
Senior,0,4,2,Underweight,Fair,2,2,3,1,50.0
Senior,0,4,2,Underweight,Good,0,7,7,0,0.0
Senior,0,4,2,Underweight,Poor,0,13,14,1,7.69
Senior,0,4,2,Underweight,Poor,2,1,1,0,0.0
Senior,0,4,3,Normal,Fair,0,154,155,1,0.65
Senior,0,4,3,Normal,Fair,1,5,8,3,60.0
Senior,0,4,3,Normal,Fair,2,21,18,-3,14.29
Senior,0,4,3,Normal,Good,0,175,176,1,0.57
Senior,0,4,3,Normal,Good,2,17,16,-1,5.88
Senior,0,4,3,Normal,Poor,0,140,137,-3,2.14
Senior,0,4,3,Normal,Poor,1,1,3,2,200.0
Senior,0,4,3,Normal,Poor,2,27,30,3,11.11
Senior,0,4,3,Obese,Fair,0,129,128,-1,0.78
Senior,0,4,3,Obese,Fair,1,6,6,0,0.0
Senior,0,4,3,Obese,Fair,2,91,91,0,0.0
Senior,0,4,3,Obese,Good,0,96,98,2,2.08
Senior,0,4,3,Obese,Good,1,5,6,1,20.0
Senior,0,4,3,Obese,Good,2,28,28,0,0.0
Senior,0,4,3,Obese,Poor,0,108,108,0,0.0
Senior,0,4,3,Obese,Poor,1,6,6,0,0.0
Senior,0,4,3,Obese,Poor,2,94,89,-5,5.32
Senior,0,4,3,Overweight,Fair,0,175,171,-4,2.29
Senior,0,4,3,Overweight,Fair,1,10,12,2,20.0
Senior,0,4,3,Overweight,Fair,2,60,61,1,1.67
Senior,0,4,3,Overweight,Good,0,197,196,-1,0.51
Senior,0,4,3,Overweight,Good,1,8,8,0,0.0
Senior,0,4,3,Overweight,Good,2,32,30,-2,6.25
Senior,0,4,3,Overweight,Poor,0,132,132,0,0.0
Senior,0,4,3,Overweight,Poor,1,6,7,1,16.67
Senior,0,4,3,Overweight,Poor,2,50,50,0,0.0
Senior,0,4,3,Underweight,Fair,0,12,10,-2,16.67
Senior,0,4,3,Underweight,Good,0,5,5,0,0.0
Senior,0,4,3,Underweight,Poor,0,19,20,1,5.26
Senior,0,4,3,Underweight,Poor,2,1,0,-1,100.0
Senior,0,4,4,Normal,Fair,0,196,196,0,0.0
Senior,0,4,4,Normal,Fair,1,5,4,-1,20.0
Senior,0,4,4,Normal,Fair,2,32,33,1,3.12
Senior,0,4,4,Normal,Good,0,214,214,0,0.0
Senior,0,4,4,Normal,Good,1,4,4,0,0.0
Senior,0,4,4,Normal,Good,2,21,20,-1,4.76
Senior,0,4,4,Normal,Poor,0,126,127,1,0.79
Senior,0,4,4,Normal,Poor,1,1,2,1,100.0
Senior,0,4,4,Normal,Poor,2,19,17,-2,10.53
Senior,0,4,4,Obese,Fair,0,186,186,0,0.0
Senior,0,4,4,Obese,Fair,1,8,9,1,12.5
Senior,0,4,4,Obese,Fair,2,90,90,0,0.0
Senior,0,4,4,Obese,Good,0,148,148,0,0.0
Senior,0,4,4,Obese,Good,1,4,3,-1,25.0
Senior,0,4,4,Obese,Good,2,34,38,4,11.76
Senior,0,4,4,Obese,Poor,0,104,105,1,0.96
Senior,0,4,4,Obese,Poor,1,9,10,1,11.11
Senior,0,4,4,Obese,Poor,2,95,95,0,0.0
Senior,0,4,4,Overweight,Fair,0,244,242,-2,0.82
Senior,0,4,4,Overweight,Fair,1,3,4,1,33.33
Senior,0,4,4,Overweight,Fair,2,82,84,2,2.44
Senior,0,4,4,Overweight,Good,0,278,278,0,0.0
Senior,0,4,4,Overweight,Good,1,4,3,-1,25.0
Senior,0,4,4,Overweight,Good,2,48,49,1,2.08
Senior,0,4,4,Overweight,Poor,0,154,154,0,0.0
Senior,0,4,4,Overweight,Poor,1,3,3,0,0.0
Senior,0,4,4,Overweight,Poor,2,58,60,2,3.45
Senior,0,4,4,Underweight,Fair,0,16,17,1,6.25
Senior,0,4,4,Underweight,Fair,1,1,0,-1,100.0
Senior,0,4,4,Underweight,Good,0,14,12,-2,14.29
Senior,0,4,4,Underweight,Good,2,1,1,0,0.0
Senior,0,4,4,Underweight,Poor,0,10,9,-1,10.0
Senior,0,4,4,Underweight,Poor,2,1,2,1,100.0
Senior,0,4,5,Normal,Fair,0,182,182,0,0.0
Senior,0,4,5,Normal,Fair,1,3,4,1,33.33
Senior,0,4,5,Normal,Fair,2,30,31,1,3.33
Senior,0,4,5,Normal,Good,0,252,252,0,0.0
Senior,0,4,5,Normal,Good,1,3,3,0,0.0
Senior,0,4,5,Normal,Good,2,23,21,-2,8.7
Senior,0,4,5,Normal,Poor,0,99,98,-1,1.01
Senior,0,4,5,Normal,Poor,1,1,0,-1,100.0
Senior,0,4,5,Normal,Poor,2,20,21,1,5.0
Senior,0,4,5,Obese,Fair,0,203,202,-1,0.49
Senior,0,4,5,Obese,Fair,1,13,13,0,0.0
Senior,0,4,5,Obese,Fair,2,75,76,1,1.33
Senior,0,4,5,Obese,Good,0,137,137,0,0.0
Senior,0,4,5,Obese,Good,1,8,8,0,0.0
Senior,0,4,5,Obese,Good,2,37,35,-2,5.41
Senior,0,4,5,Obese,Poor,0,95,97,2,2.11
Senior,0,4,5,Obese,Poor,1,4,3,-1,25.0
Senior,0,4,5,Obese,Poor,2,80,82,2,2.5
Senior,0,4,5,Overweight,Fair,0,208,212,4,1.92
Senior,0,4,5,Overweight,Fair,1,7,8,1,14.29
Senior,0,4,5,Overweight,Fair,2,60,61,1,1.67
Senior,0,4,5,Overweight,Good,0,302,301,-1,0.33
Senior,0,4,5,Overweight,Good,1,5,5,0,0.0
Senior,0,4,5,Overweight,Good,2,34,35,1,2.94
Senior,0,4,5,Overweight,Poor,0,99,99,0,0.0
Senior,0,4,5,Overweight,Poor,1,5,6,1,20.0
Senior,0,4,5,Overweight,Poor,2,50,50,0,0.0
Senior,0,4,5,Underweight,Fair,0,9,11,2,22.22
Senior,0,4,5,Underweight,Fair,2,3,0,-3,100.0
Senior,0,4,5,Underweight,Good,0,15,15,0,0.0
Senior,0,4,5,Underweight,Good,2,1,4,3,300.0
Senior,0,4,5,Underweight,Poor,0,17,17,0,0.0
Senior,0,4,5,Underweight,Poor,2,1,2,1,100.0
Senior,0,4,6,Normal,Fair,0,137,138,1,0.73
Senior,0,4,6,Normal,Fair,1,3,7,4,133.33
Senior,0,4,6,Normal,Fair,2,16,15,-1,6.25
Senior,0,4,6,Normal,Good,0,281,281,0,0.0
Senior,0,4,6,Normal,Good,1,3,3,0,0.0
Senior,0,4,6,Normal,Good,2,10,10,0,0.0
Senior,0,4,6,Normal,Poor,0,65,65,0,0.0
Senior,0,4,6,Normal,Poor,1,2,2,0,0.0
Senior,0,4,6,Normal,Poor,2,14,16,2,14.29
Senior,0,4,6,Obese,Fair,0,128,131,3,2.34
Senior,0,4,6,Obese,Fair,1,3,4,1,33.33
Senior,0,4,6,Obese,Fair,2,71,69,-2,2.82
Senior,0,4,6,Obese,Good,0,150,149,-1,0.67
Senior,0,4,6,Obese,Good,1,11,11,0,0.0
Senior,0,4,6,Obese,Good,2,29,28,-1,3.45
Senior,0,4,6,Obese,Poor,0,79,79,0,0.0
Senior,0,4,6,Obese,Poor,1,2,3,1,50.0
Senior,0,4,6,Obese,Poor,2,46,48,2,4.35
Senior,0,4,6,Overweight,Fair,0,207,209,2,0.97
Senior,0,4,6,Overweight,Fair,1,9,9,0,0.0
Senior,0,4,6,Overweight,Fair,2,52,52,0,0.0
Senior,0,4,6,Overweight,Good,0,286,288,2,0.7
Senior,0,4,6,Overweight,Good,1,5,6,1,20.0
Senior,0,4,6,Overweight,Good,2,32,32,0,0.0
Senior,0,4,6,Overweight,Poor,0,73,73,0,0.0
Senior,0,4,6,Overweight,Poor,1,6,6,0,0.0
Senior,0,4,6,Overweight,Poor,2,36,36,0,0.0
Senior,0,4,6,Underweight,Fair,0,14,14,0,0.0
Senior,0,4,6,Underweight,Good,0,8,9,1,12.5
Senior,0,4,6,Underweight,Poor,0,6,6,0,0.0
Senior,0,4,6,Underweight,Poor,2,1,1,0,0.0
Senior,0,4,7,Normal,Fair,0,77,78,1,1.3
Senior,0,4,7,Normal,Fair,1,1,1,0,0.0
Senior,0,4,7,Normal,Fair,2,8,9,1,12.5
Senior,0,4,7,Normal,Good,0,145,145,0,0.0
Senior,0,4,7,Normal,Good,1,1,0,-1,100.0
Senior,0,4,7,Normal,Good,2,9,10,1,11.11
Senior,0,4,7,Normal,Poor,0,26,26,0,0.0
Senior,0,4,7,Normal,Poor,1,1,0,-1,100.0
Senior,0,4,7,Normal,Poor,2,7,8,1,14.29
Senior,0,4,7,Obese,Fair,0,62,61,-1,1.61
Senior,0,4,7,Obese,Fair,1,3,3,0,0.0
Senior,0,4,7,Obese,Fair,2,19,19,0,0.0
Senior,0,4,7,Obese,Good,0,74,74,0,0.0
Senior,0,4,7,Obese,Good,1,2,3,1,50.0
Senior,0,4,7,Obese,Good,2,13,14,1,7.69
Senior,0,4,7,Obese,Poor,0,34,35,1,2.94
Senior,0,4,7,Obese,Poor,1,2,2,0,0.0
Senior,0,4,7,Obese,Poor,2,24,24,0,0.0
Senior,0,4,7,Overweight,Fair,0,89,88,-1,1.12
Senior,0,4,7,Overweight,Fair,1,2,2,0,0.0
Senior,0,4,7,Overweight,Fair,2,21,21,0,0.0
Senior,0,4,7,Overweight,Good,0,159,160,1,0.63
Senior,0,4,7,Overweight,Good,1,7,7,0,0.0
Senior,0,4,7,Overweight,Good,2,17,16,-1,5.88
Senior,0,4,7,Overweight,Poor,0,30,31,1,3.33
Senior,0,4,7,Overweight,Poor,1,1,2,1,100.0
Senior,0,4,7,Overweight,Poor,2,14,15,1,7.14
Senior,0,4,7,Underweight,Fair,0,4,4,0,0.0
Senior,0,4,7,Underweight,Fair,1,1,1,0,0.0
Senior,0,4,7,Underweight,Fair,2,1,1,0,0.0
Senior,0,4,7,Underweight,Good,0,5,4,-1,20.0
Senior,0,4,7,Underweight,Poor,0,3,4,1,33.33
Senior,0,4,7,Underweight,Poor,2,2,2,0,0.0
Senior,0,4,8,Normal,Fair,0,57,58,1,1.75
Senior,0,4,8,Normal,Fair,2,3,4,1,33.33
Senior,0,4,8,Normal,Good,0,117,118,1,0.85
Senior,0,4,8,Normal,Good,2,3,3,0,0.0
Senior,0,4,8,Normal,Poor,0,20,17,-3,15.0
Senior,0,4,8,Normal,Poor,2,1,0,-1,100.0
Senior,0,4,8,Obese,Fair,0,25,25,0,0.0
Senior,0,4,8,Obese,Fair,2,8,7,-1,12.5
Senior,0,4,8,Obese,Good,0,40,36,-4,10.0
Senior,0,4,8,Obese,Good,1,3,3,0,0.0
Senior,0,4,8,Obese,Good,2,4,4,0,0.0
Senior,0,4,8,Obese,Poor,0,9,6,-3,33.33
Senior,0,4,8,Obese,Poor,2,13,14,1,7.69
Senior,0,4,8,Overweight,Fair,0,65,64,-1,1.54
Senior,0,4,8,Overweight,Fair,1,3,5,2,66.67
Senior,0,4,8,Overweight,Fair,2,8,8,0,0.0
Senior,0,4,8,Overweight,Good,0,95,96,1,1.05
Senior,0,4,8,Overweight,Good,1,2,2,0,0.0
Senior,0,4,8,Overweight,Good,2,7,9,2,28.57
Senior,0,4,8,Overweight,Poor,0,21,21,0,0.0
Senior,0,4,8,Overweight,Poor,1,2,2,0,0.0
Senior,0,4,8,Overweight,Poor,2,8,7,-1,12.5
Senior,0,4,8,Underweight,Good,0,6,6,0,0.0
Senior,0,5,1,Any,Fair,0,5,6,1,20.0
Senior,0,5,1,Any,Good,0,7,8,1,14.29
Senior,0,5,1,Any,Good,1,1,1,0,0.0
Senior,0,5,1,Normal,Fair,0,17,17,0,0.0
Senior,0,5,1,Normal,Fair,2,5,4,-1,20.0
Senior,0,5,1,Normal,Good,0,18,18,0,0.0
Senior,0,5,1,Normal,Good,1,1,0,-1,100.0
Senior,0,5,1,Normal,Good,2,1,0,-1,100.0
Senior,0,5,1,Normal,Poor,0,24,25,1,4.17
Senior,0,5,1,Normal,Poor,1,2,1,-1,50.0
Senior,0,5,1,Normal,Poor,2,4,2,-2,50.0
Senior,0,5,1,Obese,Fair,0,14,13,-1,7.14
Senior,0,5,1,Obese,Fair,1,5,6,1,20.0
Senior,0,5,1,Obese,Fair,2,7,8,1,14.29
Senior,0,5,1,Obese,Good,0,10,10,0,0.0
Senior,0,5,1,Obese,Good,2,1,1,0,0.0
Senior,0,5,1,Obese,Poor,0,24,24,0,0.0
Senior,0,5,1,Obese,Poor,1,1,0,-1,100.0
Senior,0,5,1,Obese,Poor,2,22,23,1,4.55
Senior,0,5,1,Overweight,Fair,0,12,12,0,0.0
Senior,0,5,1,Overweight,Fair,2,8,8,0,0.0
Senior,0,5,1,Overweight,Good,0,19,21,2,10.53
Senior,0,5,1,Overweight,Good,1,1,3,2,200.0
Senior,0,5,1,Overweight,Good,2,5,4,-1,20.0
Senior,0,5,1,Overweight,Poor,0,24,27,3,12.5
Senior,0,5,1,Overweight,Poor,1,2,1,-1,50.0
Senior,0,5,1,Overweight,Poor,2,12,13,1,8.33
Senior,0,5,2,Any,Good,0,6,5,-1,16.67
Senior,0,5,2,Any,Good,2,1,3,2,200.0
Senior,0,5,2,Normal,Fair,0,50,51,1,2.0
Senior,0,5,2,Normal,Fair,1,1,1,0,0.0
Senior,0,5,2,Normal,Fair,2,6,6,0,0.0
Senior,0,5,2,Normal,Good,0,52,54,2,3.85
Senior,0,5,2,Normal,Good,1,1,2,1,100.0
Senior,0,5,2,Normal,Good,2,3,3,0,0.0
Senior,0,5,2,Normal,Poor,0,44,42,-2,4.55
Senior,0,5,2,Normal,Poor,1,2,1,-1,50.0
Senior,0,5,2,Normal,Poor,2,17,18,1,5.88
Senior,0,5,2,Obese,Fair,0,53,53,0,0.0
Senior,0,5,2,Obese,Fair,1,7,7,0,0.0
Senior,0,5,2,Obese,Fair,2,28,25,-3,10.71
Senior,0,5,2,Obese,Good,0,42,42,0,0.0
Senior,0,5,2,Obese,Good,1,1,0,-1,100.0
Senior,0,5,2,Obese,Good,2,8,8,0,0.0
Senior,0,5,2,Obese,Poor,0,54,53,-1,1.85
Senior,0,5,2,Obese,Poor,1,3,3,0,0.0
Senior,0,5,2,Obese,Poor,2,48,48,0,0.0
Senior,0,5,2,Overweight,Fair,0,49,50,1,2.04
Senior,0,5,2,Overweight,Fair,1,3,3,0,0.0
Senior,0,5,2,Overweight,Fair,2,23,26,3,13.04
Senior,0,5,2,Overweight,Good,0,54,54,0,0.0
Senior,0,5,2,Overweight,Good,1,1,0,-1,100.0
Senior,0,5,2,Overweight,Good,2,9,8,-1,11.11
Senior,0,5,2,Overweight,Poor,0,39,38,-1,2.56
Senior,0,5,2,Overweight,Poor,1,1,4,3,300.0
Senior,0,5,2,Overweight,Poor,2,34,33,-1,2.94
Senior,0,5,2,Underweight,Fair,0,9,9,0,0.0
Senior,0,5,2,Underweight,Poor,0,6,7,1,16.67
Senior,0,5,2,Underweight,Poor,2,1,1,0,0.0
Senior,0,5,3,Normal,Fair,0,93,93,0,0.0
Senior,0,5,3,Normal,Fair,1,3,2,-1,33.33
Senior,0,5,3,Normal,Fair,2,8,10,2,25.0
Senior,0,5,3,Normal,Good,0,114,116,2,1.75
Senior,0,5,3,Normal,Good,2,8,6,-2,25.0
Senior,0,5,3,Normal,Poor,0,61,62,1,1.64
Senior,0,5,3,Normal,Poor,2,14,14,0,0.0
Senior,0,5,3,Obese,Fair,0,74,72,-2,2.7
Senior,0,5,3,Obese,Fair,1,4,3,-1,25.0
Senior,0,5,3,Obese,Fair,2,53,53,0,0.0
Senior,0,5,3,Obese,Good,0,60,61,1,1.67
Senior,0,5,3,Obese,Good,1,2,3,1,50.0
Senior,0,5,3,Obese,Good,2,25,28,3,12.0
Senior,0,5,3,Obese,Poor,0,59,58,-1,1.69
Senior,0,5,3,Obese,Poor,1,5,5,0,0.0
Senior,0,5,3,Obese,Poor,2,50,50,0,0.0
Senior,0,5,3,Overweight,Fair,0,94,93,-1,1.06
Senior,0,5,3,Overweight,Fair,1,5,2,-3,60.0
Senior,0,5,3,Overweight,Fair,2,28,27,-1,3.57
Senior,0,5,3,Overweight,Good,0,110,112,2,1.82
Senior,0,5,3,Overweight,Good,1,3,3,0,0.0
Senior,0,5,3,Overweight,Good,2,24,24,0,0.0
Senior,0,5,3,Overweight,Poor,0,59,60,1,1.69
Senior,0,5,3,Overweight,Poor,1,2,3,1,50.0
Senior,0,5,3,Overweight,Poor,2,32,31,-1,3.12
Senior,0,5,3,Underweight,Fair,0,7,7,0,0.0
Senior,0,5,3,Underweight,Fair,1,1,0,-1,100.0
Senior,0,5,3,Underweight,Good,0,10,8,-2,20.0
Senior,0,5,3,Underweight,Poor,0,9,11,2,22.22
Senior,0,5,3,Underweight,Poor,2,2,3,1,50.0
Senior,0,5,4,Normal,Fair,0,150,148,-2,1.33
Senior,0,5,4,Normal,Fair,1,3,6,3,100.0
Senior,0,5,4,Normal,Fair,2,16,17,1,6.25
Senior,0,5,4,Normal,Good,0,164,165,1,0.61
Senior,0,5,4,Normal,Good,1,3,2,-1,33.33
Senior,0,5,4,Normal,Good,2,9,8,-1,11.11
Senior,0,5,4,Normal,Poor,0,88,91,3,3.41
Senior,0,5,4,Normal,Poor,1,2,4,2,100.0
Senior,0,5,4,Normal,Poor,2,13,11,-2,15.38
Senior,0,5,4,Obese,Fair,0,83,83,0,0.0
Senior,0,5,4,Obese,Fair,1,8,7,-1,12.5
Senior,0,5,4,Obese,Fair,2,57,57,0,0.0
Senior,0,5,4,Obese,Good,0,115,115,0,0.0
Senior,0,5,4,Obese,Good,1,4,3,-1,25.0
Senior,0,5,4,Obese,Good,2,20,19,-1,5.0
Senior,0,5,4,Obese,Poor,0,60,60,0,0.0
Senior,0,5,4,Obese,Poor,1,3,3,0,0.0
Senior,0,5,4,Obese,Poor,2,50,51,1,2.0
Senior,0,5,4,Overweight,Fair,0,131,131,0,0.0
Senior,0,5,4,Overweight,Fair,1,7,7,0,0.0
Senior,0,5,4,Overweight,Fair,2,39,39,0,0.0
Senior,0,5,4,Overweight,Good,0,193,196,3,1.55
Senior,0,5,4,Overweight,Good,1,7,7,0,0.0
Senior,0,5,4,Overweight,Good,2,31,31,0,0.0
Senior,0,5,4,Overweight,Poor,0,73,73,0,0.0
Senior,0,5,4,Overweight,Poor,1,4,3,-1,25.0
Senior,0,5,4,Overweight,Poor,2,44,45,1,2.27
Senior,0,5,4,Underweight,Fair,0,12,11,-1,8.33
Senior,0,5,4,Underweight,Good,0,19,20,1,5.26
Senior,0,5,4,Underweight,Good,2,1,0,-1,100.0
Senior,0,5,4,Underweight,Poor,0,12,13,1,8.33
Senior,0,5,5,Normal,Fair,0,132,132,0,0.0
Senior,0,5,5,Normal,Fair,1,5,6,1,20.0
Senior,0,5,5,Normal,Fair,2,28,25,-3,10.71
Senior,0,5,5,Normal,Good,0,260,258,-2,0.77
Senior,0,5,5,Normal,Good,1,6,6,0,0.0
Senior,0,5,5,Normal,Good,2,15,15,0,0.0
Senior,0,5,5,Normal,Poor,0,75,75,0,0.0
Senior,0,5,5,Normal,Poor,1,1,4,3,300.0
Senior,0,5,5,Normal,Poor,2,20,19,-1,5.0
Senior,0,5,5,Obese,Fair,0,135,136,1,0.74
Senior,0,5,5,Obese,Fair,1,6,8,2,33.33
Senior,0,5,5,Obese,Fair,2,59,56,-3,5.08
Senior,0,5,5,Obese,Good,0,149,150,1,0.67
Senior,0,5,5,Obese,Good,1,5,6,1,20.0
Senior,0,5,5,Obese,Good,2,23,21,-2,8.7
Senior,0,5,5,Obese,Poor,0,67,67,0,0.0
Senior,0,5,5,Obese,Poor,1,7,6,-1,14.29
Senior,0,5,5,Obese,Poor,2,55,52,-3,5.45
Senior,0,5,5,Overweight,Fair,0,182,182,0,0.0
Senior,0,5,5,Overweight,Fair,1,4,1,-3,75.0
Senior,0,5,5,Overweight,Fair,2,51,50,-1,1.96
Senior,0,5,5,Overweight,Good,0,280,279,-1,0.36
Senior,0,5,5,Overweight,Good,1,11,10,-1,9.09
Senior,0,5,5,Overweight,Good,2,28,27,-1,3.57
Senior,0,5,5,Overweight,Poor,0,67,69,2,2.99
Senior,0,5,5,Overweight,Poor,1,4,4,0,0.0
Senior,0,5,5,Overweight,Poor,2,39,39,0,0.0
Senior,0,5,5,Underweight,Fair,0,20,20,0,0.0
Senior,0,5,5,Underweight,Good,0,22,24,2,9.09
Senior,0,5,5,Underweight,Poor,0,9,6,-3,33.33
Senior,0,5,5,Underweight,Poor,2,4,4,0,0.0
Senior,0,5,6,Normal,Fair,0,155,153,-2,1.29
Senior,0,5,6,Normal,Fair,1,6,9,3,50.0
Senior,0,5,6,Normal,Fair,2,19,24,5,26.32
Senior,0,5,6,Normal,Good,0,282,281,-1,0.35
Senior,0,5,6,Normal,Good,1,5,6,1,20.0
Senior,0,5,6,Normal,Good,2,15,15,0,0.0
Senior,0,5,6,Normal,Poor,0,67,70,3,4.48
Senior,0,5,6,Normal,Poor,2,11,11,0,0.0
Senior,0,5,6,Obese,Fair,0,120,121,1,0.83
Senior,0,5,6,Obese,Fair,1,8,8,0,0.0
Senior,0,5,6,Obese,Fair,2,57,56,-1,1.75
Senior,0,5,6,Obese,Good,0,126,127,1,0.79
Senior,0,5,6,Obese,Good,1,6,5,-1,16.67
Senior,0,5,6,Obese,Good,2,35,35,0,0.0
Senior,0,5,6,Obese,Poor,0,62,62,0,0.0
Senior,0,5,6,Obese,Poor,1,3,2,-1,33.33
Senior,0,5,6,Obese,Poor,2,39,41,2,5.13
Senior,0,5,6,Overweight,Fair,0,188,189,1,0.53
Senior,0,5,6,Overweight,Fair,1,9,12,3,33.33
Senior,0,5,6,Overweight,Fair,2,41,42,1,2.44
Senior,0,5,6,Overweight,Good,0,300,299,-1,0.33
Senior,0,5,6,Overweight,Good,1,7,6,-1,14.29
Senior,0,5,6,Overweight,Good,2,34,34,0,0.0
Senior,0,5,6,Overweight,Poor,0,53,54,1,1.89
Senior,0,5,6,Overweight,Poor,1,2,2,0,0.0
Senior,0,5,6,Overweight,Poor,2,24,24,0,0.0
Senior,0,5,6,Underweight,Fair,0,11,11,0,0.0
Senior,0,5,6,Underweight,Fair,2,2,3,1,50.0
Senior,0,5,6,Underweight,Good,0,12,12,0,0.0
Senior,0,5,6,Underweight,Good,2,1,2,1,100.0
Senior,0,5,6,Underweight,Poor,0,8,8,0,0.0
Senior,0,5,6,Underweight,Poor,2,1,1,0,0.0
Senior,0,5,7,Normal,Fair,0,111,113,2,1.8
Senior,0,5,7,Normal,Fair,1,7,8,1,14.29
Senior,0,5,7,Normal,Fair,2,11,11,0,0.0
Senior,0,5,7,Normal,Good,0,240,240,0,0.0
Senior,0,5,7,Normal,Good,1,6,5,-1,16.67
Senior,0,5,7,Normal,Good,2,7,5,-2,28.57
Senior,0,5,7,Normal,Poor,0,39,40,1,2.56
Senior,0,5,7,Normal,Poor,1,1,2,1,100.0
Senior,0,5,7,Normal,Poor,2,10,11,1,10.0
Senior,0,5,7,Obese,Fair,0,78,77,-1,1.28
Senior,0,5,7,Obese,Fair,1,3,2,-1,33.33
Senior,0,5,7,Obese,Fair,2,36,37,1,2.78
Senior,0,5,7,Obese,Good,0,89,89,0,0.0
Senior,0,5,7,Obese,Good,1,4,3,-1,25.0
Senior,0,5,7,Obese,Good,2,33,33,0,0.0
Senior,0,5,7,Obese,Poor,0,31,28,-3,9.68
Senior,0,5,7,Obese,Poor,1,2,2,0,0.0
Senior,0,5,7,Obese,Poor,2,24,23,-1,4.17
Senior,0,5,7,Overweight,Fair,0,116,114,-2,1.72
Senior,0,5,7,Overweight,Fair,1,3,0,-3,100.0
Senior,0,5,7,Overweight,Fair,2,29,29,0,0.0
Senior,0,5,7,Overweight,Good,0,203,205,2,0.99
Senior,0,5,7,Overweight,Good,1,2,0,-2,100.0
Senior,0,5,7,Overweight,Good,2,26,26,0,0.0
Senior,0,5,7,Overweight,Poor,0,35,34,-1,2.86
Senior,0,5,7,Overweight,Poor,1,3,2,-1,33.33
Senior,0,5,7,Overweight,Poor,2,12,11,-1,8.33
Senior,0,5,7,Underweight,Fair,0,7,9,2,28.57
Senior,0,5,7,Underweight,Fair,2,1,0,-1,100.0
Senior,0,5,7,Underweight,Good,0,13,11,-2,15.38
Senior,0,5,8,Any,Poor,0,5,8,3,60.0
Senior,0,5,8,Any,Poor,2,1,0,-1,100.0
Senior,0,5,8,Normal,Fair,0,103,103,0,0.0
Senior,0,5,8,Normal,Fair,2,13,13,0,0.0
Senior,0,5,8,Normal,Good,0,245,246,1,0.41
Senior,0,5,8,Normal,Good,1,4,5,1,25.0
Senior,0,5,8,Normal,Good,2,8,9,1,12.5
Senior,0,5,8,Normal,Poor,0,39,39,0,0.0
Senior,0,5,8,Normal,Poor,2,4,4,0,0.0
Senior,0,5,8,Obese,Fair,0,48,48,0,0.0
Senior,0,5,8,Obese,Fair,1,3,2,-1,33.33
Senior,0,5,8,Obese,Fair,2,18,17,-1,5.56
Senior,0,5,8,Obese,Good,0,82,79,-3,3.66
Senior,0,5,8,Obese,Good,1,1,4,3,300.0
Senior,0,5,8,Obese,Good,2,12,11,-1,8.33
Senior,0,5,8,Obese,Poor,0,21,21,0,0.0
Senior,0,5,8,Obese,Poor,2,23,24,1,4.35
Senior,0,5,8,Overweight,Fair,0,103,103,0,0.0
Senior,0,5,8,Overweight,Fair,1,6,6,0,0.0
Senior,0,5,8,Overweight,Fair,2,21,21,0,0.0
Senior,0,5,8,Overweight,Good,0,206,206,0,0.0
Senior,0,5,8,Overweight,Good,1,4,1,-3,75.0
Senior,0,5,8,Overweight,Good,2,28,26,-2,7.14
Senior,0,5,8,Overweight,Poor,0,27,25,-2,7.41
Senior,0,5,8,Overweight,Poor,1,2,2,0,0.0
Senior,0,5,8,Overweight,Poor,2,8,7,-1,12.5
Senior,0,5,8,Underweight,Good,0,10,11,1,10.0
Senior,0,5,8,Underweight,Good,1,1,2,1,100.0
Senior,0,6,1,Any,Fair,0,5,6,1,20.0
Senior,0,6,1,Any,Good,0,4,5,1,25.0
Senior,0,6,1,Any,Good,2,1,2,1,100.0
Senior,0,6,1,Any,Poor,0,4,5,1,25.0
Senior,0,6,1,Any,Poor,2,1,0,-1,100.0
Senior,0,6,1,Normal,Fair,0,12,10,-2,16.67
Senior,0,6,1,Normal,Fair,2,3,4,1,33.33
Senior,0,6,1,Normal,Good,0,12,13,1,8.33
Senior,0,6,1,Normal,Good,1,1,1,0,0.0
Senior,0,6,1,Normal,Poor,0,4,5,1,25.0
Senior,0,6,1,Normal,Poor,1,1,1,0,0.0
Senior,0,6,1,Normal,Poor,2,2,5,3,150.0
Senior,0,6,1,Obese,Fair,0,9,11,2,22.22
Senior,0,6,1,Obese,Fair,2,3,4,1,33.33
Senior,0,6,1,Obese,Good,0,4,3,-1,25.0
Senior,0,6,1,Obese,Good,2,3,3,0,0.0
Senior,0,6,1,Obese,Poor,0,7,11,4,57.14
Senior,0,6,1,Obese,Poor,2,4,4,0,0.0
Senior,0,6,1,Overweight,Fair,0,4,7,3,75.0
Senior,0,6,1,Overweight,Fair,2,2,2,0,0.0
Senior,0,6,1,Overweight,Poor,0,9,9,0,0.0
Senior,0,6,1,Overweight,Poor,1,2,1,-1,50.0
Senior,0,6,1,Overweight,Poor,2,4,3,-1,25.0
Senior,0,6,2,Any,Fair,0,5,6,1,20.0
Senior,0,6,2,Any,Good,0,5,6,1,20.0
Senior,0,6,2,Normal,Fair,0,21,23,2,9.52
Senior,0,6,2,Normal,Fair,1,2,2,0,0.0
Senior,0,6,2,Normal,Fair,2,2,2,0,0.0
Senior,0,6,2,Normal,Good,0,35,37,2,5.71
Senior,0,6,2,Normal,Good,2,2,3,1,50.0
Senior,0,6,2,Normal,Poor,0,18,19,1,5.56
Senior,0,6,2,Normal,Poor,1,1,1,0,0.0
Senior,0,6,2,Normal,Poor,2,1,3,2,200.0
Senior,0,6,2,Obese,Fair,0,19,19,0,0.0
Senior,0,6,2,Obese,Fair,1,1,1,0,0.0
Senior,0,6,2,Obese,Fair,2,7,9,2,28.57
Senior,0,6,2,Obese,Good,0,12,16,4,33.33
Senior,0,6,2,Obese,Good,2,3,3,0,0.0
Senior,0,6,2,Obese,Poor,0,12,12,0,0.0
Senior,0,6,2,Obese,Poor,1,1,0,-1,100.0
Senior,0,6,2,Obese,Poor,2,7,6,-1,14.29
Senior,0,6,2,Overweight,Fair,0,14,14,0,0.0
Senior,0,6,2,Overweight,Fair,1,1,0,-1,100.0
Senior,0,6,2,Overweight,Fair,2,6,5,-1,16.67
Senior,0,6,2,Overweight,Good,0,20,20,0,0.0
Senior,0,6,2,Overweight,Good,2,5,4,-1,20.0
Senior,0,6,2,Overweight,Poor,0,16,14,-2,12.5
Senior,0,6,2,Overweight,Poor,1,1,0,-1,100.0
Senior,0,6,2,Overweight,Poor,2,7,6,-1,14.29
Senior,0,6,3,Normal,Fair,0,32,31,-1,3.12
Senior,0,6,3,Normal,Fair,1,1,2,1,100.0
Senior,0,6,3,Normal,Fair,2,5,6,1,20.0
Senior,0,6,3,Normal,Good,0,60,61,1,1.67
Senior,0,6,3,Normal,Good,2,4,4,0,0.0
Senior,0,6,3,Normal,Poor,0,24,23,-1,4.17
Senior,0,6,3,Normal,Poor,1,3,2,-1,33.33
Senior,0,6,3,Normal,Poor,2,5,6,1,20.0
Senior,0,6,3,Obese,Fair,0,28,27,-1,3.57
Senior,0,6,3,Obese,Fair,1,3,2,-1,33.33
Senior,0,6,3,Obese,Fair,2,15,15,0,0.0
Senior,0,6,3,Obese,Good,0,17,17,0,0.0
Senior,0,6,3,Obese,Good,2,5,7,2,40.0
Senior,0,6,3,Obese,Poor,0,20,21,1,5.0
Senior,0,6,3,Obese,Poor,1,1,2,1,100.0
Senior,0,6,3,Obese,Poor,2,21,18,-3,14.29
Senior,0,6,3,Overweight,Fair,0,51,50,-1,1.96
Senior,0,6,3,Overweight,Fair,1,3,2,-1,33.33
Senior,0,6,3,Overweight,Fair,2,4,4,0,0.0
Senior,0,6,3,Overweight,Good,0,50,49,-1,2.0
Senior,0,6,3,Overweight,Good,1,2,3,1,50.0
Senior,0,6,3,Overweight,Good,2,4,5,1,25.0
Senior,0,6,3,Overweight,Poor,0,29,30,1,3.45
Senior,0,6,3,Overweight,Poor,2,15,15,0,0.0
Senior,0,6,3,Underweight,Good,0,5,5,0,0.0
Senior,0,6,3,Underweight,Good,2,1,1,0,0.0
Senior,0,6,4,Any,Poor,0,5,5,0,0.0
Senior,0,6,4,Any,Poor,2,1,1,0,0.0
Senior,0,6,4,Normal,Fair,0,81,78,-3,3.7
Senior,0,6,4,Normal,Fair,2,9,8,-1,11.11
Senior,0,6,4,Normal,Good,0,121,120,-1,0.83
Senior,0,6,4,Normal,Good,1,1,2,1,100.0
Senior,0,6,4,Normal,Good,2,7,8,1,14.29
Senior,0,6,4,Normal,Poor,0,33,31,-2,6.06
Senior,0,6,4,Normal,Poor,1,1,2,1,100.0
Senior,0,6,4,Normal,Poor,2,3,4,1,33.33
Senior,0,6,4,Obese,Fair,0,35,34,-1,2.86
Senior,0,6,4,Obese,Fair,1,4,3,-1,25.0
Senior,0,6,4,Obese,Fair,2,19,19,0,0.0
Senior,0,6,4,Obese,Good,0,44,44,0,0.0
Senior,0,6,4,Obese,Good,1,1,1,0,0.0
Senior,0,6,4,Obese,Good,2,9,10,1,11.11
Senior,0,6,4,Obese,Poor,0,33,32,-1,3.03
Senior,0,6,4,Obese,Poor,1,2,2,0,0.0
Senior,0,6,4,Obese,Poor,2,28,21,-7,25.0
Senior,0,6,4,Overweight,Fair,0,57,56,-1,1.75
Senior,0,6,4,Overweight,Fair,1,2,1,-1,50.0
Senior,0,6,4,Overweight,Fair,2,16,15,-1,6.25
Senior,0,6,4,Overweight,Good,0,109,109,0,0.0
Senior,0,6,4,Overweight,Good,1,1,0,-1,100.0
Senior,0,6,4,Overweight,Good,2,14,14,0,0.0
Senior,0,6,4,Overweight,Poor,0,36,37,1,2.78
Senior,0,6,4,Overweight,Poor,1,3,1,-2,66.67
Senior,0,6,4,Overweight,Poor,2,19,18,-1,5.26
Senior,0,6,5,Normal,Fair,0,112,112,0,0.0
Senior,0,6,5,Normal,Fair,2,14,16,2,14.29
Senior,0,6,5,Normal,Good,0,223,223,0,0.0
Senior,0,6,5,Normal,Good,1,4,4,0,0.0
Senior,0,6,5,Normal,Good,2,12,11,-1,8.33
Senior,0,6,5,Normal,Poor,0,51,54,3,5.88
Senior,0,6,5,Normal,Poor,1,1,0,-1,100.0
Senior,0,6,5,Normal,Poor,2,13,13,0,0.0
Senior,0,6,5,Obese,Fair,0,86,88,2,2.33
Senior,0,6,5,Obese,Fair,1,4,4,0,0.0
Senior,0,6,5,Obese,Fair,2,41,41,0,0.0
Senior,0,6,5,Obese,Good,0,85,87,2,2.35
Senior,0,6,5,Obese,Good,1,3,4,1,33.33
Senior,0,6,5,Obese,Good,2,22,21,-1,4.55
Senior,0,6,5,Obese,Poor,0,29,29,0,0.0
Senior,0,6,5,Obese,Poor,1,2,1,-1,50.0
Senior,0,6,5,Obese,Poor,2,42,41,-1,2.38
Senior,0,6,5,Overweight,Fair,0,131,131,0,0.0
Senior,0,6,5,Overweight,Fair,1,5,8,3,60.0
Senior,0,6,5,Overweight,Fair,2,28,28,0,0.0
Senior,0,6,5,Overweight,Good,0,205,205,0,0.0
Senior,0,6,5,Overweight,Good,1,5,4,-1,20.0
Senior,0,6,5,Overweight,Good,2,15,15,0,0.0
Senior,0,6,5,Overweight,Poor,0,46,47,1,2.17
Senior,0,6,5,Overweight,Poor,1,3,4,1,33.33
Senior,0,6,5,Overweight,Poor,2,16,13,-3,18.75
Senior,0,6,5,Underweight,Fair,0,6,5,-1,16.67
Senior,0,6,5,Underweight,Good,0,14,14,0,0.0
Senior,0,6,6,Normal,Fair,0,142,141,-1,0.7
Senior,0,6,6,Normal,Fair,1,5,2,-3,60.0
Senior,0,6,6,Normal,Fair,2,13,12,-1,7.69
Senior,0,6,6,Normal,Good,0,348,349,1,0.29
Senior,0,6,6,Normal,Good,1,6,6,0,0.0
Senior,0,6,6,Normal,Good,2,20,19,-1,5.0
Senior,0,6,6,Normal,Poor,0,68,68,0,0.0
Senior,0,6,6,Normal,Poor,1,1,2,1,100.0
Senior,0,6,6,Normal,Poor,2,8,9,1,12.5
Senior,0,6,6,Obese,Fair,0,130,130,0,0.0
Senior,0,6,6,Obese,Fair,1,10,10,0,0.0
Senior,0,6,6,Obese,Fair,2,69,68,-1,1.45
Senior,0,6,6,Obese,Good,0,147,149,2,1.36
Senior,0,6,6,Obese,Good,1,7,7,0,0.0
Senior,0,6,6,Obese,Good,2,35,35,0,0.0
Senior,0,6,6,Obese,Poor,0,48,48,0,0.0
Senior,0,6,6,Obese,Poor,1,3,5,2,66.67
Senior,0,6,6,Obese,Poor,2,39,39,0,0.0
Senior,0,6,6,Overweight,Fair,0,194,194,0,0.0
Senior,0,6,6,Overweight,Fair,1,10,11,1,10.0
Senior,0,6,6,Overweight,Fair,2,37,37,0,0.0
Senior,0,6,6,Overweight,Good,0,353,355,2,0.57
Senior,0,6,6,Overweight,Good,1,1,1,0,0.0
Senior,0,6,6,Overweight,Good,2,37,36,-1,2.7
Senior,0,6,6,Overweight,Poor,0,67,67,0,0.0
Senior,0,6,6,Overweight,Poor,2,24,22,-2,8.33
Senior,0,6,6,Underweight,Fair,0,11,11,0,0.0
Senior,0,6,6,Underweight,Fair,2,1,3,2,200.0
Senior,0,6,6,Underweight,Good,0,24,23,-1,4.17
Senior,0,6,6,Underweight,Good,2,2,4,2,100.0
Senior,0,6,6,Underweight,Poor,0,6,5,-1,16.67
Senior,0,6,6,Underweight,Poor,2,1,1,0,0.0
Senior,0,6,7,Normal,Fair,0,171,170,-1,0.58
Senior,0,6,7,Normal,Fair,1,3,7,4,133.33
Senior,0,6,7,Normal,Fair,2,14,15,1,7.14
Senior,0,6,7,Normal,Good,0,433,435,2,0.46
Senior,0,6,7,Normal,Good,1,9,9,0,0.0
Senior,0,6,7,Normal,Good,2,19,20,1,5.26
Senior,0,6,7,Normal,Poor,0,49,49,0,0.0
Senior,0,6,7,Normal,Poor,1,1,3,2,200.0
Senior,0,6,7,Normal,Poor,2,8,5,-3,37.5
Senior,0,6,7,Obese,Fair,0,102,102,0,0.0
Senior,0,6,7,Obese,Fair,1,4,4,0,0.0
Senior,0,6,7,Obese,Fair,2,60,59,-1,1.67
Senior,0,6,7,Obese,Good,0,162,162,0,0.0
Senior,0,6,7,Obese,Good,1,5,0,-5,100.0
Senior,0,6,7,Obese,Good,2,37,38,1,2.7
Senior,0,6,7,Obese,Poor,0,36,35,-1,2.78
Senior,0,6,7,Obese,Poor,1,2,2,0,0.0
Senior,0,6,7,Obese,Poor,2,29,29,0,0.0
Senior,0,6,7,Overweight,Fair,0,185,185,0,0.0
Senior,0,6,7,Overweight,Fair,1,5,5,0,0.0
Senior,0,6,7,Overweight,Fair,2,33,33,0,0.0
Senior,0,6,7,Overweight,Good,0,360,359,-1,0.28
Senior,0,6,7,Overweight,Good,1,9,10,1,11.11
Senior,0,6,7,Overweight,Good,2,21,20,-1,4.76
Senior,0,6,7,Overweight,Poor,0,50,49,-1,2.0
Senior,0,6,7,Overweight,Poor,1,2,4,2,100.0
Senior,0,6,7,Overweight,Poor,2,27,28,1,3.7
Senior,0,6,7,Underweight,Fair,0,7,5,-2,28.57
Senior,0,6,7,Underweight,Fair,2,1,0,-1,100.0
Senior,0,6,7,Underweight,Good,0,14,14,0,0.0
Senior,0,6,7,Underweight,Poor,0,5,7,2,40.0
Senior,0,6,8,Normal,Fair,0,204,204,0,0.0
Senior,0,6,8,Normal,Fair,1,5,7,2,40.0
Senior,0,6,8,Normal,Fair,2,26,27,1,3.85
Senior,0,6,8,Normal,Good,0,695,692,-3,0.43
Senior,0,6,8,Normal,Good,1,11,11,0,0.0
Senior,0,6,8,Normal,Good,2,20,21,1,5.0
Senior,0,6,8,Normal,Poor,0,63,64,1,1.59
Senior,0,6,8,Normal,Poor,2,15,13,-2,13.33
Senior,0,6,8,Obese,Fair,0,131,131,0,0.0
Senior,0,6,8,Obese,Fair,1,3,3,0,0.0
Senior,0,6,8,Obese,Fair,2,45,45,0,0.0
Senior,0,6,8,Obese,Good,0,207,206,-1,0.48
Senior,0,6,8,Obese,Good,1,8,6,-2,25.0
Senior,0,6,8,Obese,Good,2,33,34,1,3.03
Senior,0,6,8,Obese,Poor,0,37,37,0,0.0
Senior,0,6,8,Obese,Poor,1,5,6,1,20.0
Senior,0,6,8,Obese,Poor,2,10,9,-1,10.0
Senior,0,6,8,Overweight,Fair,0,198,199,1,0.51
Senior,0,6,8,Overweight,Fair,1,8,4,-4,50.0
Senior,0,6,8,Overweight,Fair,2,46,47,1,2.17
Senior,0,6,8,Overweight,Good,0,519,515,-4,0.77
Senior,0,6,8,Overweight,Good,1,7,7,0,0.0
Senior,0,6,8,Overweight,Good,2,30,28,-2,6.67
Senior,0,6,8,Overweight,Poor,0,43,43,0,0.0
Senior,0,6,8,Overweight,Poor,1,2,2,0,0.0
Senior,0,6,8,Overweight,Poor,2,16,17,1,6.25
Senior,0,6,8,Underweight,Fair,0,11,12,1,9.09
Senior,0,6,8,Underweight,Good,0,42,42,0,0.0
Senior,0,6,8,Underweight,Good,2,1,0,-1,100.0
Senior,0,6,8,Underweight,Poor,0,11,9,-2,18.18
Senior,0,6,8,Underweight,Poor,1,1,0,-1,100.0
Senior,0,6,8,Underweight,Poor,2,1,2,1,100.0
Senior,1,1,2,Any,Poor,0,1,2,1,100.0
Senior,1,1,2,Any,Poor,2,4,3,-1,25.0
Senior,1,2,1,Normal,Fair,0,4,4,0,0.0
Senior,1,2,1,Normal,Fair,2,1,3,2,200.0
Senior,1,2,1,Normal,Good,0,5,7,2,40.0
Senior,1,2,1,Normal,Poor,0,17,17,0,0.0
Senior,1,2,1,Normal,Poor,2,2,3,1,50.0
Senior,1,2,1,Obese,Fair,0,6,7,1,16.67
Senior,1,2,1,Obese,Fair,2,1,1,0,0.0
Senior,1,2,1,Obese,Good,0,4,4,0,0.0
Senior,1,2,1,Obese,Good,2,2,7,5,250.0
Senior,1,2,1,Obese,Poor,0,7,6,-1,14.29
Senior,1,2,1,Obese,Poor,2,19,16,-3,15.79
Senior,1,2,1,Overweight,Fair,0,9,10,1,11.11
Senior,1,2,1,Overweight,Fair,2,5,6,1,20.0
Senior,1,2,1,Overweight,Good,0,5,5,0,0.0
Senior,1,2,1,Overweight,Poor,0,10,9,-1,10.0
Senior,1,2,1,Overweight,Poor,2,13,12,-1,7.69
Senior,1,2,2,Normal,Fair,0,4,2,-2,50.0
Senior,1,2,2,Normal,Fair,2,1,2,1,100.0
Senior,1,2,2,Normal,Good,0,5,5,0,0.0
Senior,1,2,2,Normal,Good,2,1,1,0,0.0
Senior,1,2,2,Normal,Poor,0,6,8,2,33.33
Senior,1,2,2,Normal,Poor,2,10,11,1,10.0
Senior,1,2,2,Obese,Fair,0,7,4,-3,42.86
Senior,1,2,2,Obese,Fair,2,3,3,0,0.0
Senior,1,2,2,Obese,Good,0,2,1,-1,50.0
Senior,1,2,2,Obese,Good,1,1,0,-1,100.0
Senior,1,2,2,Obese,Good,2,2,2,0,0.0
Senior,1,2,2,Obese,Poor,0,8,8,0,0.0
Senior,1,2,2,Obese,Poor,1,1,0,-1,100.0
Senior,1,2,2,Obese,Poor,2,8,9,1,12.5
Senior,1,2,2,Overweight,Fair,0,9,10,1,11.11
Senior,1,2,2,Overweight,Fair,2,5,5,0,0.0
Senior,1,2,2,Overweight,Good,0,3,2,-1,33.33
Senior,1,2,2,Overweight,Good,1,1,1,0,0.0
Senior,1,2,2,Overweight,Good,2,2,2,0,0.0
Senior,1,2,2,Overweight,Poor,0,18,18,0,0.0
Senior,1,2,2,Overweight,Poor,2,16,15,-1,6.25
Senior,1,2,3,Normal,Fair,0,12,14,2,16.67
Senior,1,2,3,Normal,Poor,0,11,10,-1,9.09
Senior,1,2,3,Normal,Poor,1,2,2,0,0.0
Senior,1,2,3,Normal,Poor,2,5,5,0,0.0
Senior,1,2,3,Normal-Range,Good,0,5,5,0,0.0
Senior,1,2,3,Obese,Fair,0,6,6,0,0.0
Senior,1,2,3,Obese,Fair,1,2,2,0,0.0
Senior,1,2,3,Obese,Fair,2,5,6,1,20.0
Senior,1,2,3,Obese,Good,0,5,7,2,40.0
Senior,1,2,3,Obese,Good,2,3,3,0,0.0
Senior,1,2,3,Obese,Poor,0,10,10,0,0.0
Senior,1,2,3,Obese,Poor,1,4,5,1,25.0
Senior,1,2,3,Obese,Poor,2,20,20,0,0.0
Senior,1,2,3,Overweight,Fair,0,15,18,3,20.0
Senior,1,2,3,Overweight,Fair,1,1,1,0,0.0
Senior,1,2,3,Overweight,Fair,2,4,3,-1,25.0
Senior,1,2,3,Overweight,Good,0,10,10,0,0.0
Senior,1,2,3,Overweight,Poor,0,19,19,0,0.0
Senior,1,2,3,Overweight,Poor,2,13,14,1,7.69
Senior,1,2,4,Normal,Fair,0,7,8,1,14.29
Senior,1,2,4,Normal,Good,0,11,13,2,18.18
Senior,1,2,4,Normal,Good,2,1,2,1,100.0
Senior,1,2,4,Normal,Poor,0,9,7,-2,22.22
Senior,1,2,4,Normal,Poor,2,5,5,0,0.0
Senior,1,2,4,Obese,Fair,0,14,16,2,14.29
Senior,1,2,4,Obese,Fair,1,1,2,1,100.0
Senior,1,2,4,Obese,Fair,2,4,4,0,0.0
Senior,1,2,4,Obese,Good,0,5,8,3,60.0
Senior,1,2,4,Obese,Good,2,1,0,-1,100.0
Senior,1,2,4,Obese,Poor,0,6,5,-1,16.67
Senior,1,2,4,Obese,Poor,1,2,2,0,0.0
Senior,1,2,4,Obese,Poor,2,8,7,-1,12.5
Senior,1,2,4,Overweight,Fair,0,16,14,-2,12.5
Senior,1,2,4,Overweight,Fair,1,1,1,0,0.0
Senior,1,2,4,Overweight,Fair,2,1,2,1,100.0
Senior,1,2,4,Overweight,Good,0,11,12,1,9.09
Senior,1,2,4,Overweight,Good,2,2,2,0,0.0
Senior,1,2,4,Overweight,Poor,0,12,13,1,8.33
Senior,1,2,4,Overweight,Poor,2,15,13,-2,13.33
Senior,1,2,5,Normal,Fair,0,4,4,0,0.0
Senior,1,2,5,Normal,Fair,2,1,1,0,0.0
Senior,1,2,5,Normal,Poor,0,5,6,1,20.0
Senior,1,2,5,Normal,Poor,1,1,3,2,200.0
Senior,1,2,5,Normal,Poor,2,2,2,0,0.0
Senior,1,2,5,Obese,Fair,0,9,9,0,0.0
Senior,1,2,5,Obese,Fair,2,5,5,0,0.0
Senior,1,2,5,Obese,Good,0,9,13,4,44.44
Senior,1,2,5,Obese,Good,1,2,2,0,0.0
Senior,1,2,5,Obese,Good,2,2,3,1,50.0
Senior,1,2,5,Obese,Poor,0,4,4,0,0.0
Senior,1,2,5,Obese,Poor,2,7,8,1,14.29
Senior,1,2,5,Overweight,Fair,0,15,16,1,6.67
Senior,1,2,5,Overweight,Fair,2,5,4,-1,20.0
Senior,1,2,5,Overweight,Good,0,8,6,-2,25.0
Senior,1,2,5,Overweight,Good,2,2,2,0,0.0
Senior,1,2,5,Overweight,Poor,0,10,8,-2,20.0
Senior,1,2,5,Overweight,Poor,2,7,8,1,14.29
Senior,1,2,6,Any,Good,0,5,4,-1,20.0
Senior,1,2,6,Any,Good,2,1,2,1,100.0
Senior,1,2,6,Any,Poor,0,3,3,0,0.0
Senior,1,2,6,Any,Poor,2,2,3,1,50.0
Senior,1,2,6,Normal,Fair,0,7,5,-2,28.57
Senior,1,2,6,Normal,Fair,2,1,1,0,0.0
Senior,1,2,6,Normal,Poor,0,2,2,0,0.0
Senior,1,2,6,Normal,Poor,2,3,3,0,0.0
Senior,1,2,6,Obese,Fair,0,5,3,-2,40.0
Senior,1,2,6,Obese,Fair,2,3,3,0,0.0
Senior,1,2,6,Obese,Good,0,2,2,0,0.0
Senior,1,2,6,Obese,Good,2,3,2,-1,33.33
Senior,1,2,6,Overweight,Fair,0,7,7,0,0.0
Senior,1,2,6,Overweight,Fair,2,4,5,1,25.0
Senior,1,2,6,Overweight,Good,0,6,7,1,16.67
Senior,1,2,6,Overweight,Good,1,1,0,-1,100.0
Senior,1,2,6,Overweight,Good,2,1,4,3,300.0
Senior,1,2,6,Overweight,Poor,0,8,6,-2,25.0
Senior,1,2,6,Overweight,Poor,1,1,0,-1,100.0
Senior,1,2,6,Overweight,Poor,2,1,1,0,0.0
Senior,1,2,7,Normal,Fair,0,3,3,0,0.0
Senior,1,2,7,Normal,Fair,2,3,0,-3,100.0
Senior,1,2,7,Obese,Good,0,5,4,-1,20.0
Senior,1,2,7,Obese,Good,2,1,0,-1,100.0
Senior,1,2,7,Overweight,Good,0,6,8,2,33.33
Senior,1,2,7,Overweight-Range,Fair,0,6,6,0,0.0
Senior,1,2,7,Overweight-Range,Fair,2,1,1,0,0.0
Senior,1,2,7,Overweight-Range,Poor,0,4,6,2,50.0
Senior,1,2,7,Overweight-Range,Poor,2,2,1,-1,50.0
Senior,1,2,8,Normal,Good,0,5,4,-1,20.0
Senior,1,2,8,Obese,Poor,0,2,1,-1,50.0
Senior,1,2,8,Obese,Poor,1,1,1,0,0.0
Senior,1,2,8,Obese,Poor,2,2,2,0,0.0
Senior,1,2,8,Overweight-Range,Fair,0,6,7,1,16.67
Senior,1,2,8,Overweight-Range,Good,0,5,8,3,60.0
Senior,1,2,8,Overweight-Range,Good,2,1,1,0,0.0
Senior,1,3,1,Any,Fair,0,5,5,0,0.0
Senior,1,3,1,Any,Fair,1,1,0,-1,100.0
Senior,1,3,1,Any,Fair,2,1,0,-1,100.0
Senior,1,3,1,Any,Good,0,4,4,0,0.0
Senior,1,3,1,Any,Good,1,1,0,-1,100.0
Senior,1,3,1,Normal,Fair,0,9,9,0,0.0
Senior,1,3,1,Normal,Fair,2,2,3,1,50.0
Senior,1,3,1,Normal,Poor,0,8,7,-1,12.5
Senior,1,3,1,Normal,Poor,2,4,4,0,0.0
Senior,1,3,1,Obese,Poor,0,4,4,0,0.0
Senior,1,3,1,Obese,Poor,1,1,1,0,0.0
Senior,1,3,1,Obese,Poor,2,6,7,1,16.67
Senior,1,3,1,Overweight,Fair,0,7,5,-2,28.57
Senior,1,3,1,Overweight,Fair,1,1,2,1,100.0
Senior,1,3,1,Overweight,Fair,2,2,2,0,0.0
Senior,1,3,1,Overweight,Good,0,8,8,0,0.0
Senior,1,3,1,Overweight,Good,2,1,1,0,0.0
Senior,1,3,1,Overweight,Poor,0,7,7,0,0.0
Senior,1,3,1,Overweight,Poor,1,1,2,1,100.0
Senior,1,3,1,Overweight,Poor,2,3,2,-1,33.33
Senior,1,3,2,Any,Poor,0,5,5,0,0.0
Senior,1,3,2,Any,Poor,2,2,2,0,0.0
Senior,1,3,2,Normal,Fair,0,8,8,0,0.0
Senior,1,3,2,Normal,Fair,2,1,1,0,0.0
Senior,1,3,2,Normal,Good,0,7,7,0,0.0
Senior,1,3,2,Normal,Good,2,3,3,0,0.0
Senior,1,3,2,Normal,Poor,0,9,9,0,0.0
Senior,1,3,2,Normal,Poor,2,1,0,-1,100.0
Senior,1,3,2,Obese,Fair,0,11,12,1,9.09
Senior,1,3,2,Obese,Fair,1,1,1,0,0.0
Senior,1,3,2,Obese,Fair,2,7,7,0,0.0
Senior,1,3,2,Obese,Good,0,4,4,0,0.0
Senior,1,3,2,Obese,Good,2,1,1,0,0.0
Senior,1,3,2,Obese,Poor,0,12,10,-2,16.67
Senior,1,3,2,Obese,Poor,1,2,2,0,0.0
Senior,1,3,2,Obese,Poor,2,12,12,0,0.0
Senior,1,3,2,Overweight,Fair,0,15,16,1,6.67
Senior,1,3,2,Overweight,Fair,1,1,0,-1,100.0
Senior,1,3,2,Overweight,Fair,2,6,5,-1,16.67
Senior,1,3,2,Overweight,Good,0,7,4,-3,42.86
Senior,1,3,2,Overweight,Poor,0,12,8,-4,33.33
Senior,1,3,2,Overweight,Poor,2,11,8,-3,27.27
Senior,1,3,3,Normal,Fair,0,10,10,0,0.0
Senior,1,3,3,Normal,Fair,2,2,3,1,50.0
Senior,1,3,3,Normal,Good,0,14,14,0,0.0
Senior,1,3,3,Normal,Good,2,2,3,1,50.0
Senior,1,3,3,Normal,Poor,0,14,14,0,0.0
Senior,1,3,3,Normal,Poor,2,9,10,1,11.11
Senior,1,3,3,Obese,Fair,0,8,9,1,12.5
Senior,1,3,3,Obese,Fair,2,7,7,0,0.0
Senior,1,3,3,Obese,Good,0,9,9,0,0.0
Senior,1,3,3,Obese,Good,2,7,8,1,14.29
Senior,1,3,3,Obese,Poor,0,20,18,-2,10.0
Senior,1,3,3,Obese,Poor,1,1,4,3,300.0
Senior,1,3,3,Obese,Poor,2,20,21,1,5.0
Senior,1,3,3,Overweight,Fair,0,21,20,-1,4.76
Senior,1,3,3,Overweight,Fair,1,2,2,0,0.0
Senior,1,3,3,Overweight,Fair,2,11,11,0,0.0
Senior,1,3,3,Overweight,Good,0,11,11,0,0.0
Senior,1,3,3,Overweight,Good,2,3,5,2,66.67
Senior,1,3,3,Overweight,Poor,0,18,17,-1,5.56
Senior,1,3,3,Overweight,Poor,1,3,1,-2,66.67
Senior,1,3,3,Overweight,Poor,2,7,8,1,14.29
Senior,1,3,4,Normal,Fair,0,10,10,0,0.0
Senior,1,3,4,Normal,Fair,2,5,5,0,0.0
Senior,1,3,4,Normal,Good,0,10,11,1,10.0
Senior,1,3,4,Normal,Good,2,2,3,1,50.0
Senior,1,3,4,Normal,Poor,0,10,11,1,10.0
Senior,1,3,4,Normal,Poor,2,8,6,-2,25.0
Senior,1,3,4,Obese,Fair,0,12,12,0,0.0
Senior,1,3,4,Obese,Fair,1,2,0,-2,100.0
Senior,1,3,4,Obese,Fair,2,19,20,1,5.26
Senior,1,3,4,Obese,Good,0,11,11,0,0.0
Senior,1,3,4,Obese,Good,2,4,4,0,0.0
Senior,1,3,4,Obese,Poor,0,7,7,0,0.0
Senior,1,3,4,Obese,Poor,1,1,2,1,100.0
Senior,1,3,4,Obese,Poor,2,22,23,1,4.55
Senior,1,3,4,Overweight,Fair,0,22,18,-4,18.18
Senior,1,3,4,Overweight,Fair,1,1,2,1,100.0
Senior,1,3,4,Overweight,Fair,2,7,9,2,28.57
Senior,1,3,4,Overweight,Good,0,13,15,2,15.38
Senior,1,3,4,Overweight,Good,2,1,1,0,0.0
Senior,1,3,4,Overweight,Poor,0,17,16,-1,5.88
Senior,1,3,4,Overweight,Poor,1,1,1,0,0.0
Senior,1,3,4,Overweight,Poor,2,12,12,0,0.0
Senior,1,3,5,Normal,Fair,0,15,15,0,0.0
Senior,1,3,5,Normal,Fair,2,4,3,-1,25.0
Senior,1,3,5,Normal,Good,0,7,6,-1,14.29
Senior,1,3,5,Normal,Good,2,3,4,1,33.33
Senior,1,3,5,Normal,Poor,0,7,6,-1,14.29
Senior,1,3,5,Normal,Poor,2,4,3,-1,25.0
Senior,1,3,5,Obese,Fair,0,10,15,5,50.0
Senior,1,3,5,Obese,Fair,1,1,2,1,100.0
Senior,1,3,5,Obese,Fair,2,9,7,-2,22.22
Senior,1,3,5,Obese,Good,0,8,4,-4,50.0
Senior,1,3,5,Obese,Good,1,1,1,0,0.0
Senior,1,3,5,Obese,Good,2,2,3,1,50.0
Senior,1,3,5,Obese,Poor,0,10,10,0,0.0
Senior,1,3,5,Obese,Poor,2,15,15,0,0.0
Senior,1,3,5,Overweight,Fair,0,18,18,0,0.0
Senior,1,3,5,Overweight,Fair,1,4,4,0,0.0
Senior,1,3,5,Overweight,Fair,2,6,6,0,0.0
Senior,1,3,5,Overweight,Good,0,19,19,0,0.0
Senior,1,3,5,Overweight,Good,1,1,2,1,100.0
Senior,1,3,5,Overweight,Good,2,5,4,-1,20.0
Senior,1,3,5,Overweight,Poor,0,21,22,1,4.76
Senior,1,3,5,Overweight,Poor,1,2,2,0,0.0
Senior,1,3,5,Overweight,Poor,2,8,8,0,0.0
Senior,1,3,6,Normal,Fair,0,6,5,-1,16.67
Senior,1,3,6,Normal,Fair,2,2,3,1,50.0
Senior,1,3,6,Normal,Good,0,11,11,0,0.0
Senior,1,3,6,Normal,Good,1,1,3,2,200.0
Senior,1,3,6,Normal,Good,2,3,3,0,0.0
Senior,1,3,6,Normal,Poor,0,8,8,0,0.0
Senior,1,3,6,Normal,Poor,2,2,2,0,0.0
Senior,1,3,6,Obese,Fair,0,11,13,2,18.18
Senior,1,3,6,Obese,Fair,1,1,0,-1,100.0
Senior,1,3,6,Obese,Fair,2,10,11,1,10.0
Senior,1,3,6,Obese,Good,0,4,5,1,25.0
Senior,1,3,6,Obese,Good,2,5,6,1,20.0
Senior,1,3,6,Obese,Poor,0,8,7,-1,12.5
Senior,1,3,6,Obese,Poor,1,2,4,2,100.0
Senior,1,3,6,Obese,Poor,2,7,7,0,0.0
Senior,1,3,6,Overweight,Fair,0,24,22,-2,8.33
Senior,1,3,6,Overweight,Fair,1,1,1,0,0.0
Senior,1,3,6,Overweight,Fair,2,8,8,0,0.0
Senior,1,3,6,Overweight,Good,0,13,14,1,7.69
Senior,1,3,6,Overweight,Good,1,3,3,0,0.0
Senior,1,3,6,Overweight,Good,2,4,4,0,0.0
Senior,1,3,6,Overweight,Poor,0,9,9,0,0.0
Senior,1,3,6,Overweight,Poor,2,2,1,-1,50.0
Senior,1,3,7,Obese,Fair,0,9,8,-1,11.11
Senior,1,3,7,Obese,Fair,1,1,1,0,0.0
Senior,1,3,7,Obese,Fair,2,2,2,0,0.0
Senior,1,3,7,Obese,Good,0,3,2,-1,33.33
Senior,1,3,7,Obese,Good,1,1,1,0,0.0
Senior,1,3,7,Obese,Good,2,5,4,-1,20.0
Senior,1,3,7,Obese,Poor,0,6,6,0,0.0
Senior,1,3,7,Obese,Poor,2,1,1,0,0.0
Senior,1,3,7,Overweight,Fair,0,5,4,-1,20.0
Senior,1,3,7,Overweight,Fair,2,8,12,4,50.0
Senior,1,3,7,Overweight,Good,0,16,14,-2,12.5
Senior,1,3,7,Overweight,Good,1,1,0,-1,100.0
Senior,1,3,7,Overweight,Good,2,1,1,0,0.0
Senior,1,3,7,Overweight,Poor,0,5,5,0,0.0
Senior,1,3,7,Overweight,Poor,2,1,5,4,400.0
Senior,1,3,8,Any,Poor,0,6,4,-2,33.33
Senior,1,3,8,Any,Poor,2,2,2,0,0.0
Senior,1,3,8,Normal,Fair,0,7,7,0,0.0
Senior,1,3,8,Normal,Fair,2,1,1,0,0.0
Senior,1,3,8,Obese,Good,0,6,6,0,0.0
Senior,1,3,8,Obese,Good,1,1,3,2,200.0
Senior,1,3,8,Obese,Good,2,4,3,-1,25.0
Senior,1,3,8,Overweight,Fair,0,11,12,1,9.09
Senior,1,3,8,Overweight,Fair,2,4,5,1,25.0
Senior,1,3,8,Overweight,Good,0,9,9,0,0.0
Senior,1,3,8,Overweight,Good,2,2,2,0,0.0
Senior,1,3,8,Overweight,Poor,0,5,4,-1,20.0
Senior,1,3,8,Overweight,Poor,2,3,3,0,0.0
Senior,1,4,1,Normal,Fair,0,6,7,1,16.67
Senior,1,4,1,Normal,Fair,2,3,2,-1,33.33
Senior,1,4,1,Normal,Good,0,6,5,-1,16.67
Senior,1,4,1,Normal,Poor,0,11,11,0,0.0
Senior,1,4,1,Normal,Poor,1,1,1,0,0.0
Senior,1,4,1,Normal,Poor,2,1,1,0,0.0
Senior,1,4,1,Obese,Fair,0,6,8,2,33.33
Senior,1,4,1,Obese,Fair,2,6,3,-3,50.0
Senior,1,4,1,Obese,Poor,0,4,2,-2,50.0
Senior,1,4,1,Obese,Poor,2,11,11,0,0.0
Senior,1,4,1,Overweight,Fair,0,8,9,1,12.5
Senior,1,4,1,Overweight,Fair,2,4,5,1,25.0
Senior,1,4,1,Overweight,Good,0,11,10,-1,9.09
Senior,1,4,1,Overweight,Good,1,1,1,0,0.0
Senior,1,4,1,Overweight,Poor,0,17,17,0,0.0
Senior,1,4,1,Overweight,Poor,2,10,10,0,0.0
Senior,1,4,2,Normal,Fair,0,23,22,-1,4.35
Senior,1,4,2,Normal,Fair,2,3,4,1,33.33
Senior,1,4,2,Normal,Good,0,21,21,0,0.0
Senior,1,4,2,Normal,Good,1,1,0,-1,100.0
Senior,1,4,2,Normal,Good,2,1,3,2,200.0
Senior,1,4,2,Normal,Poor,0,29,27,-2,6.9
Senior,1,4,2,Normal,Poor,1,1,1,0,0.0
Senior,1,4,2,Normal,Poor,2,17,18,1,5.88
Senior,1,4,2,Obese,Fair,0,15,19,4,26.67
Senior,1,4,2,Obese,Fair,1,3,4,1,33.33
Senior,1,4,2,Obese,Fair,2,10,11,1,10.0
Senior,1,4,2,Obese,Good,0,12,13,1,8.33
Senior,1,4,2,Obese,Good,1,1,0,-1,100.0
Senior,1,4,2,Obese,Good,2,7,9,2,28.57
Senior,1,4,2,Obese,Poor,0,20,19,-1,5.0
Senior,1,4,2,Obese,Poor,1,2,5,3,150.0
Senior,1,4,2,Obese,Poor,2,23,23,0,0.0
Senior,1,4,2,Overweight,Fair,0,24,25,1,4.17
Senior,1,4,2,Overweight,Fair,1,2,1,-1,50.0
Senior,1,4,2,Overweight,Fair,2,10,10,0,0.0
Senior,1,4,2,Overweight,Good,0,23,23,0,0.0
Senior,1,4,2,Overweight,Good,1,1,2,1,100.0
Senior,1,4,2,Overweight,Good,2,9,9,0,0.0
Senior,1,4,2,Overweight,Poor,0,23,23,0,0.0
Senior,1,4,2,Overweight,Poor,1,3,2,-1,33.33
Senior,1,4,2,Overweight,Poor,2,26,25,-1,3.85
Senior,1,4,2,Underweight,Poor,0,5,5,0,0.0
Senior,1,4,3,Normal,Fair,0,40,41,1,2.5
Senior,1,4,3,Normal,Fair,1,2,0,-2,100.0
Senior,1,4,3,Normal,Fair,2,3,3,0,0.0
Senior,1,4,3,Normal,Good,0,35,34,-1,2.86
Senior,1,4,3,Normal,Good,1,1,0,-1,100.0
Senior,1,4,3,Normal,Good,2,6,7,1,16.67
Senior,1,4,3,Normal,Poor,0,44,45,1,2.27
Senior,1,4,3,Normal,Poor,2,11,11,0,0.0
Senior,1,4,3,Obese,Fair,0,25,23,-2,8.0
Senior,1,4,3,Obese,Fair,1,1,0,-1,100.0
Senior,1,4,3,Obese,Fair,2,29,29,0,0.0
Senior,1,4,3,Obese,Good,0,22,19,-3,13.64
Senior,1,4,3,Obese,Good,1,2,2,0,0.0
Senior,1,4,3,Obese,Good,2,7,6,-1,14.29
Senior,1,4,3,Obese,Poor,0,41,39,-2,4.88
Senior,1,4,3,Obese,Poor,1,2,1,-1,50.0
Senior,1,4,3,Obese,Poor,2,35,40,5,14.29
Senior,1,4,3,Overweight,Fair,0,56,55,-1,1.79
Senior,1,4,3,Overweight,Fair,1,4,3,-1,25.0
Senior,1,4,3,Overweight,Fair,2,25,24,-1,4.0
Senior,1,4,3,Overweight,Good,0,60,59,-1,1.67
Senior,1,4,3,Overweight,Good,1,1,0,-1,100.0
Senior,1,4,3,Overweight,Good,2,6,5,-1,16.67
Senior,1,4,3,Overweight,Poor,0,54,57,3,5.56
Senior,1,4,3,Overweight,Poor,1,6,6,0,0.0
Senior,1,4,3,Overweight,Poor,2,36,37,1,2.78
Senior,1,4,4,Any,Fair,0,4,3,-1,25.0
Senior,1,4,4,Any,Fair,2,1,0,-1,100.0
Senior,1,4,4,Normal,Fair,0,68,72,4,5.88
Senior,1,4,4,Normal,Fair,1,4,1,-3,75.0
Senior,1,4,4,Normal,Fair,2,17,18,1,5.88
Senior,1,4,4,Normal,Good,0,52,50,-2,3.85
Senior,1,4,4,Normal,Good,1,2,0,-2,100.0
Senior,1,4,4,Normal,Good,2,13,13,0,0.0
Senior,1,4,4,Normal,Poor,0,60,60,0,0.0
Senior,1,4,4,Normal,Poor,2,24,24,0,0.0
Senior,1,4,4,Obese,Fair,0,66,66,0,0.0
Senior,1,4,4,Obese,Fair,1,4,4,0,0.0
Senior,1,4,4,Obese,Fair,2,42,42,0,0.0
Senior,1,4,4,Obese,Good,0,44,44,0,0.0
Senior,1,4,4,Obese,Good,1,4,4,0,0.0
Senior,1,4,4,Obese,Good,2,23,23,0,0.0
Senior,1,4,4,Obese,Poor,0,53,51,-2,3.77
Senior,1,4,4,Obese,Poor,1,4,3,-1,25.0
Senior,1,4,4,Obese,Poor,2,53,52,-1,1.89
Senior,1,4,4,Overweight,Fair,0,98,97,-1,1.02
Senior,1,4,4,Overweight,Fair,1,5,6,1,20.0
Senior,1,4,4,Overweight,Fair,2,47,49,2,4.26
Senior,1,4,4,Overweight,Good,0,91,89,-2,2.2
Senior,1,4,4,Overweight,Good,1,3,1,-2,66.67
Senior,1,4,4,Overweight,Good,2,20,20,0,0.0
Senior,1,4,4,Overweight,Poor,0,65,64,-1,1.54
Senior,1,4,4,Overweight,Poor,1,3,2,-1,33.33
Senior,1,4,4,Overweight,Poor,2,48,46,-2,4.17
Senior,1,4,5,Any,Good,0,5,3,-2,40.0
Senior,1,4,5,Normal,Fair,0,61,63,2,3.28
Senior,1,4,5,Normal,Fair,1,2,5,3,150.0
Senior,1,4,5,Normal,Fair,2,20,19,-1,5.0
Senior,1,4,5,Normal,Good,0,96,95,-1,1.04
Senior,1,4,5,Normal,Good,1,1,1,0,0.0
Senior,1,4,5,Normal,Good,2,13,11,-2,15.38
Senior,1,4,5,Normal,Poor,0,71,72,1,1.41
Senior,1,4,5,Normal,Poor,1,1,1,0,0.0
Senior,1,4,5,Normal,Poor,2,19,19,0,0.0
Senior,1,4,5,Obese,Fair,0,87,86,-1,1.15
Senior,1,4,5,Obese,Fair,1,7,11,4,57.14
Senior,1,4,5,Obese,Fair,2,62,62,0,0.0
Senior,1,4,5,Obese,Good,0,70,69,-1,1.43
Senior,1,4,5,Obese,Good,1,5,5,0,0.0
Senior,1,4,5,Obese,Good,2,26,26,0,0.0
Senior,1,4,5,Obese,Poor,0,70,70,0,0.0
Senior,1,4,5,Obese,Poor,1,1,1,0,0.0
Senior,1,4,5,Obese,Poor,2,68,67,-1,1.47
Senior,1,4,5,Overweight,Fair,0,134,133,-1,0.75
Senior,1,4,5,Overweight,Fair,1,3,4,1,33.33
Senior,1,4,5,Overweight,Fair,2,45,44,-1,2.22
Senior,1,4,5,Overweight,Good,0,143,142,-1,0.7
Senior,1,4,5,Overweight,Good,1,5,5,0,0.0
Senior,1,4,5,Overweight,Good,2,23,22,-1,4.35
Senior,1,4,5,Overweight,Poor,0,86,87,1,1.16
Senior,1,4,5,Overweight,Poor,1,2,4,2,100.0
Senior,1,4,5,Overweight,Poor,2,44,45,1,2.27
Senior,1,4,5,Underweight,Poor,0,3,7,4,133.33
Senior,1,4,5,Underweight,Poor,2,2,4,2,100.0
Senior,1,4,6,Any,Fair,0,5,4,-1,20.0
Senior,1,4,6,Normal,Fair,0,73,73,0,0.0
Senior,1,4,6,Normal,Fair,1,3,1,-2,66.67
Senior,1,4,6,Normal,Fair,2,17,17,0,0.0
Senior,1,4,6,Normal,Good,0,102,103,1,0.98
Senior,1,4,6,Normal,Good,1,5,7,2,40.0
Senior,1,4,6,Normal,Good,2,15,19,4,26.67
Senior,1,4,6,Normal,Poor,0,57,57,0,0.0
Senior,1,4,6,Normal,Poor,1,1,0,-1,100.0
Senior,1,4,6,Normal,Poor,2,24,24,0,0.0
Senior,1,4,6,Obese,Fair,0,125,126,1,0.8
Senior,1,4,6,Obese,Fair,1,4,3,-1,25.0
Senior,1,4,6,Obese,Fair,2,63,60,-3,4.76
Senior,1,4,6,Obese,Good,0,104,106,2,1.92
Senior,1,4,6,Obese,Good,1,7,8,1,14.29
Senior,1,4,6,Obese,Good,2,28,31,3,10.71
Senior,1,4,6,Obese,Poor,0,65,68,3,4.62
Senior,1,4,6,Obese,Poor,1,4,4,0,0.0
Senior,1,4,6,Obese,Poor,2,52,53,1,1.92
Senior,1,4,6,Overweight,Fair,0,167,167,0,0.0
Senior,1,4,6,Overweight,Fair,1,12,11,-1,8.33
Senior,1,4,6,Overweight,Fair,2,59,59,0,0.0
Senior,1,4,6,Overweight,Good,0,198,198,0,0.0
Senior,1,4,6,Overweight,Good,1,7,9,2,28.57
Senior,1,4,6,Overweight,Good,2,25,24,-1,4.0
Senior,1,4,6,Overweight,Poor,0,74,75,1,1.35
Senior,1,4,6,Overweight,Poor,1,6,9,3,50.0
Senior,1,4,6,Overweight,Poor,2,36,37,1,2.78
Senior,1,4,7,Normal,Fair,0,58,57,-1,1.72
Senior,1,4,7,Normal,Fair,1,1,2,1,100.0
Senior,1,4,7,Normal,Fair,2,8,5,-3,37.5
Senior,1,4,7,Normal,Good,0,73,73,0,0.0
Senior,1,4,7,Normal,Good,2,4,5,1,25.0
Senior,1,4,7,Normal,Poor,0,29,29,0,0.0
Senior,1,4,7,Normal,Poor,2,6,7,1,16.67
Senior,1,4,7,Obese,Fair,0,71,71,0,0.0
Senior,1,4,7,Obese,Fair,1,7,6,-1,14.29
Senior,1,4,7,Obese,Fair,2,42,43,1,2.38
Senior,1,4,7,Obese,Good,0,94,96,2,2.13
Senior,1,4,7,Obese,Good,1,2,2,0,0.0
Senior,1,4,7,Obese,Good,2,24,25,1,4.17
Senior,1,4,7,Obese,Poor,0,33,34,1,3.03
Senior,1,4,7,Obese,Poor,1,2,1,-1,50.0
Senior,1,4,7,Obese,Poor,2,42,42,0,0.0
Senior,1,4,7,Overweight,Fair,0,120,122,2,1.67
Senior,1,4,7,Overweight,Fair,1,6,6,0,0.0
Senior,1,4,7,Overweight,Fair,2,31,31,0,0.0
Senior,1,4,7,Overweight,Good,0,147,147,0,0.0
Senior,1,4,7,Overweight,Good,1,6,4,-2,33.33
Senior,1,4,7,Overweight,Good,2,25,22,-3,12.0
Senior,1,4,7,Overweight,Poor,0,71,69,-2,2.82
Senior,1,4,7,Overweight,Poor,1,3,2,-1,33.33
Senior,1,4,7,Overweight,Poor,2,24,24,0,0.0
Senior,1,4,8,Normal,Fair,0,35,34,-1,2.86
Senior,1,4,8,Normal,Fair,1,1,0,-1,100.0
Senior,1,4,8,Normal,Fair,2,7,9,2,28.57
Senior,1,4,8,Normal,Good,0,54,55,1,1.85
Senior,1,4,8,Normal,Good,1,1,1,0,0.0
Senior,1,4,8,Normal,Good,2,5,5,0,0.0
Senior,1,4,8,Normal,Poor,0,11,12,1,9.09
Senior,1,4,8,Normal,Poor,2,5,9,4,80.0
Senior,1,4,8,Obese,Fair,0,30,31,1,3.33
Senior,1,4,8,Obese,Fair,1,2,4,2,100.0
Senior,1,4,8,Obese,Fair,2,23,21,-2,8.7
Senior,1,4,8,Obese,Good,0,56,59,3,5.36
Senior,1,4,8,Obese,Good,2,21,20,-1,4.76
Senior,1,4,8,Obese,Poor,0,38,39,1,2.63
Senior,1,4,8,Obese,Poor,1,2,2,0,0.0
Senior,1,4,8,Obese,Poor,2,19,20,1,5.26
Senior,1,4,8,Overweight,Fair,0,68,69,1,1.47
Senior,1,4,8,Overweight,Fair,1,1,2,1,100.0
Senior,1,4,8,Overweight,Fair,2,25,23,-2,8.0
Senior,1,4,8,Overweight,Good,0,137,136,-1,0.73
Senior,1,4,8,Overweight,Good,1,5,5,0,0.0
Senior,1,4,8,Overweight,Good,2,21,19,-2,9.52
Senior,1,4,8,Overweight,Poor,0,23,24,1,4.35
Senior,1,4,8,Overweight,Poor,1,1,1,0,0.0
Senior,1,4,8,Overweight,Poor,2,10,11,1,10.0
Senior,1,5,1,Any,Poor,0,6,5,-1,16.67
Senior,1,5,1,Any,Poor,2,1,2,1,100.0
Senior,1,5,1,Normal,Fair,0,5,3,-2,40.0
Senior,1,5,1,Normal,Fair,2,3,3,0,0.0
Senior,1,5,1,Normal,Good,0,6,4,-2,33.33
Senior,1,5,1,Normal,Good,2,1,1,0,0.0
Senior,1,5,1,Normal,Poor,0,5,5,0,0.0
Senior,1,5,1,Obese,Fair,0,6,7,1,16.67
Senior,1,5,1,Obese,Fair,2,5,6,1,20.0
Senior,1,5,1,Overweight,Fair,0,4,3,-1,25.0
Senior,1,5,1,Overweight,Fair,2,1,1,0,0.0
Senior,1,5,1,Overweight,Good,0,5,6,1,20.0
Senior,1,5,1,Overweight,Poor,0,5,7,2,40.0
Senior,1,5,1,Overweight,Poor,1,1,2,1,100.0
Senior,1,5,1,Overweight,Poor,2,1,2,1,100.0
Senior,1,5,2,Normal,Fair,0,8,9,1,12.5
Senior,1,5,2,Normal,Fair,2,5,4,-1,20.0
Senior,1,5,2,Normal,Good,0,12,12,0,0.0
Senior,1,5,2,Normal,Good,2,1,1,0,0.0
Senior,1,5,2,Normal,Poor,0,17,17,0,0.0
Senior,1,5,2,Normal,Poor,2,3,2,-1,33.33
Senior,1,5,2,Obese,Fair,0,12,8,-4,33.33
Senior,1,5,2,Obese,Fair,1,2,2,0,0.0
Senior,1,5,2,Obese,Fair,2,8,8,0,0.0
Senior,1,5,2,Obese,Good,0,9,9,0,0.0
Senior,1,5,2,Obese,Good,1,2,2,0,0.0
Senior,1,5,2,Obese,Good,2,4,5,1,25.0
Senior,1,5,2,Obese,Poor,0,14,14,0,0.0
Senior,1,5,2,Obese,Poor,1,2,3,1,50.0
Senior,1,5,2,Obese,Poor,2,11,9,-2,18.18
Senior,1,5,2,Overweight,Fair,0,16,16,0,0.0
Senior,1,5,2,Overweight,Fair,1,1,0,-1,100.0
Senior,1,5,2,Overweight,Fair,2,8,6,-2,25.0
Senior,1,5,2,Overweight,Good,0,22,22,0,0.0
Senior,1,5,2,Overweight,Good,2,4,4,0,0.0
Senior,1,5,2,Overweight,Poor,0,17,17,0,0.0
Senior,1,5,2,Overweight,Poor,1,1,3,2,200.0
Senior,1,5,2,Overweight,Poor,2,8,8,0,0.0
Senior,1,5,3,Any,Good,0,5,5,0,0.0
Senior,1,5,3,Normal,Fair,0,18,19,1,5.56
Senior,1,5,3,Normal,Fair,1,2,2,0,0.0
Senior,1,5,3,Normal,Fair,2,5,2,-3,60.0
Senior,1,5,3,Normal,Good,0,17,16,-1,5.88
Senior,1,5,3,Normal,Good,2,4,3,-1,25.0
Senior,1,5,3,Normal,Poor,0,21,21,0,0.0
Senior,1,5,3,Normal,Poor,2,7,7,0,0.0
Senior,1,5,3,Obese,Fair,0,15,15,0,0.0
Senior,1,5,3,Obese,Fair,1,2,1,-1,50.0
Senior,1,5,3,Obese,Fair,2,15,13,-2,13.33
Senior,1,5,3,Obese,Good,0,14,15,1,7.14
Senior,1,5,3,Obese,Good,1,1,1,0,0.0
Senior,1,5,3,Obese,Good,2,7,7,0,0.0
Senior,1,5,3,Obese,Poor,0,19,20,1,5.26
Senior,1,5,3,Obese,Poor,2,10,10,0,0.0
Senior,1,5,3,Overweight,Fair,0,28,27,-1,3.57
Senior,1,5,3,Overweight,Fair,2,12,12,0,0.0
Senior,1,5,3,Overweight,Good,0,41,41,0,0.0
Senior,1,5,3,Overweight,Good,2,5,6,1,20.0
Senior,1,5,3,Overweight,Poor,0,30,30,0,0.0
Senior,1,5,3,Overweight,Poor,2,8,7,-1,12.5
Senior,1,5,4,Normal,Fair,0,29,29,0,0.0
Senior,1,5,4,Normal,Fair,1,1,0,-1,100.0
Senior,1,5,4,Normal,Fair,2,8,8,0,0.0
Senior,1,5,4,Normal,Good,0,53,53,0,0.0
Senior,1,5,4,Normal,Good,2,3,2,-1,33.33
Senior,1,5,4,Normal,Poor,0,29,28,-1,3.45
Senior,1,5,4,Normal,Poor,1,1,4,3,300.0
Senior,1,5,4,Normal,Poor,2,7,7,0,0.0
Senior,1,5,4,Obese,Fair,0,21,22,1,4.76
Senior,1,5,4,Obese,Fair,1,1,0,-1,100.0
Senior,1,5,4,Obese,Fair,2,33,33,0,0.0
Senior,1,5,4,Obese,Good,0,25,24,-1,4.0
Senior,1,5,4,Obese,Good,1,3,0,-3,100.0
Senior,1,5,4,Obese,Good,2,13,12,-1,7.69
Senior,1,5,4,Obese,Poor,0,19,18,-1,5.26
Senior,1,5,4,Obese,Poor,1,2,2,0,0.0
Senior,1,5,4,Obese,Poor,2,38,39,1,2.63
Senior,1,5,4,Overweight,Fair,0,49,45,-4,8.16
Senior,1,5,4,Overweight,Fair,1,1,2,1,100.0
Senior,1,5,4,Overweight,Fair,2,23,23,0,0.0
Senior,1,5,4,Overweight,Good,0,58,56,-2,3.45
Senior,1,5,4,Overweight,Good,1,3,3,0,0.0
Senior,1,5,4,Overweight,Good,2,13,13,0,0.0
Senior,1,5,4,Overweight,Poor,0,34,35,1,2.94
Senior,1,5,4,Overweight,Poor,1,2,1,-1,50.0
Senior,1,5,4,Overweight,Poor,2,27,25,-2,7.41
Senior,1,5,5,Any,Poor,0,5,5,0,0.0
Senior,1,5,5,Normal,Fair,0,65,65,0,0.0
Senior,1,5,5,Normal,Fair,1,1,2,1,100.0
Senior,1,5,5,Normal,Fair,2,8,9,1,12.5
Senior,1,5,5,Normal,Good,0,69,67,-2,2.9
Senior,1,5,5,Normal,Good,1,1,0,-1,100.0
Senior,1,5,5,Normal,Good,2,11,12,1,9.09
Senior,1,5,5,Normal,Poor,0,42,40,-2,4.76
Senior,1,5,5,Normal,Poor,1,2,1,-1,50.0
Senior,1,5,5,Normal,Poor,2,19,19,0,0.0
Senior,1,5,5,Obese,Fair,0,57,57,0,0.0
Senior,1,5,5,Obese,Fair,1,6,6,0,0.0
Senior,1,5,5,Obese,Fair,2,41,40,-1,2.44
Senior,1,5,5,Obese,Good,0,63,62,-1,1.59
Senior,1,5,5,Obese,Good,1,3,3,0,0.0
Senior,1,5,5,Obese,Good,2,25,25,0,0.0
Senior,1,5,5,Obese,Poor,0,32,26,-6,18.75
Senior,1,5,5,Obese,Poor,1,3,3,0,0.0
Senior,1,5,5,Obese,Poor,2,57,58,1,1.75
Senior,1,5,5,Overweight,Fair,0,113,113,0,0.0
Senior,1,5,5,Overweight,Fair,1,4,4,0,0.0
Senior,1,5,5,Overweight,Fair,2,42,42,0,0.0
Senior,1,5,5,Overweight,Good,0,125,124,-1,0.8
Senior,1,5,5,Overweight,Good,1,6,6,0,0.0
Senior,1,5,5,Overweight,Good,2,25,25,0,0.0
Senior,1,5,5,Overweight,Poor,0,48,46,-2,4.17
Senior,1,5,5,Overweight,Poor,1,4,4,0,0.0
Senior,1,5,5,Overweight,Poor,2,36,35,-1,2.78
Senior,1,5,6,Any,Fair,0,5,6,1,20.0
Senior,1,5,6,Any,Poor,0,4,3,-1,25.0
Senior,1,5,6,Any,Poor,2,1,0,-1,100.0
Senior,1,5,6,Normal,Fair,0,66,66,0,0.0
Senior,1,5,6,Normal,Fair,2,13,10,-3,23.08
Senior,1,5,6,Normal,Good,0,101,101,0,0.0
Senior,1,5,6,Normal,Good,1,3,5,2,66.67
Senior,1,5,6,Normal,Good,2,14,14,0,0.0
Senior,1,5,6,Normal,Poor,0,29,28,-1,3.45
Senior,1,5,6,Normal,Poor,2,17,17,0,0.0
Senior,1,5,6,Obese,Fair,0,95,95,0,0.0
Senior,1,5,6,Obese,Fair,1,7,6,-1,14.29
Senior,1,5,6,Obese,Fair,2,64,59,-5,7.81
Senior,1,5,6,Obese,Good,0,96,96,0,0.0
Senior,1,5,6,Obese,Good,1,4,4,0,0.0
Senior,1,5,6,Obese,Good,2,30,30,0,0.0
Senior,1,5,6,Obese,Poor,0,41,41,0,0.0
Senior,1,5,6,Obese,Poor,1,2,0,-2,100.0
Senior,1,5,6,Obese,Poor,2,46,46,0,0.0
Senior,1,5,6,Overweight,Fair,0,133,134,1,0.75
Senior,1,5,6,Overweight,Fair,1,6,6,0,0.0
Senior,1,5,6,Overweight,Fair,2,52,53,1,1.92
Senior,1,5,6,Overweight,Good,0,191,192,1,0.52
Senior,1,5,6,Overweight,Good,1,15,11,-4,26.67
Senior,1,5,6,Overweight,Good,2,24,24,0,0.0
Senior,1,5,6,Overweight,Poor,0,63,63,0,0.0
Senior,1,5,6,Overweight,Poor,1,4,4,0,0.0
Senior,1,5,6,Overweight,Poor,2,36,35,-1,2.78
Senior,1,5,7,Any,Good,0,5,7,2,40.0
Senior,1,5,7,Any,Good,2,1,0,-1,100.0
Senior,1,5,7,Normal,Fair,0,67,67,0,0.0
Senior,1,5,7,Normal,Fair,1,3,3,0,0.0
Senior,1,5,7,Normal,Fair,2,19,19,0,0.0
Senior,1,5,7,Normal,Good,0,90,90,0,0.0
Senior,1,5,7,Normal,Good,1,2,2,0,0.0
Senior,1,5,7,Normal,Good,2,14,16,2,14.29
Senior,1,5,7,Normal,Poor,0,16,16,0,0.0
Senior,1,5,7,Normal,Poor,1,1,0,-1,100.0
Senior,1,5,7,Normal,Poor,2,6,7,1,16.67
Senior,1,5,7,Obese,Fair,0,92,92,0,0.0
Senior,1,5,7,Obese,Fair,1,4,5,1,25.0
Senior,1,5,7,Obese,Fair,2,52,53,1,1.92
Senior,1,5,7,Obese,Good,0,101,101,0,0.0
Senior,1,5,7,Obese,Good,1,9,10,1,11.11
Senior,1,5,7,Obese,Good,2,35,38,3,8.57
Senior,1,5,7,Obese,Poor,0,39,41,2,5.13
Senior,1,5,7,Obese,Poor,1,2,2,0,0.0
Senior,1,5,7,Obese,Poor,2,30,29,-1,3.33
Senior,1,5,7,Overweight,Fair,0,107,107,0,0.0
Senior,1,5,7,Overweight,Fair,1,9,7,-2,22.22
Senior,1,5,7,Overweight,Fair,2,42,42,0,0.0
Senior,1,5,7,Overweight,Good,0,201,202,1,0.5
Senior,1,5,7,Overweight,Good,1,4,3,-1,25.0
Senior,1,5,7,Overweight,Good,2,31,33,2,6.45
Senior,1,5,7,Overweight,Poor,0,43,43,0,0.0
Senior,1,5,7,Overweight,Poor,1,1,2,1,100.0
Senior,1,5,7,Overweight,Poor,2,26,26,0,0.0
Senior,1,5,8,Normal,Fair,0,37,37,0,0.0
Senior,1,5,8,Normal,Fair,2,7,7,0,0.0
Senior,1,5,8,Normal,Good,0,91,96,5,5.49
Senior,1,5,8,Normal,Good,1,2,2,0,0.0
Senior,1,5,8,Normal,Good,2,10,12,2,20.0
Senior,1,5,8,Normal,Poor,0,21,22,1,4.76
Senior,1,5,8,Normal,Poor,1,1,1,0,0.0
Senior,1,5,8,Normal,Poor,2,4,6,2,50.0
Senior,1,5,8,Obese,Fair,0,59,57,-2,3.39
Senior,1,5,8,Obese,Fair,1,3,3,0,0.0
Senior,1,5,8,Obese,Fair,2,49,48,-1,2.04
Senior,1,5,8,Obese,Good,0,96,95,-1,1.04
Senior,1,5,8,Obese,Good,1,3,3,0,0.0
Senior,1,5,8,Obese,Good,2,34,33,-1,2.94
Senior,1,5,8,Obese,Poor,0,21,20,-1,4.76
Senior,1,5,8,Obese,Poor,1,3,1,-2,66.67
Senior,1,5,8,Obese,Poor,2,36,37,1,2.78
Senior,1,5,8,Overweight,Fair,0,100,101,1,1.0
Senior,1,5,8,Overweight,Fair,1,4,5,1,25.0
Senior,1,5,8,Overweight,Fair,2,38,39,1,2.63
Senior,1,5,8,Overweight,Good,0,218,218,0,0.0
Senior,1,5,8,Overweight,Good,1,7,7,0,0.0
Senior,1,5,8,Overweight,Good,2,36,36,0,0.0
Senior,1,5,8,Overweight,Poor,0,40,41,1,2.5
Senior,1,5,8,Overweight,Poor,2,25,23,-2,8.0
Senior,1,6,1,Any,Poor,0,5,7,2,40.0
Senior,1,6,1,Any,Poor,2,1,0,-1,100.0
Senior,1,6,1,Normal,Fair,0,4,6,2,50.0
Senior,1,6,1,Normal,Fair,1,1,2,1,100.0
Senior,1,6,1,Normal,Fair,2,1,0,-1,100.0
Senior,1,6,1,Normal,Good,0,6,5,-1,16.67
Senior,1,6,1,Normal,Good,2,1,1,0,0.0
Senior,1,6,1,Obese,Fair,0,7,9,2,28.57
Senior,1,6,1,Obese,Fair,1,1,2,1,100.0
Senior,1,6,1,Obese,Fair,2,2,4,2,100.0
Senior,1,6,1,Obese,Good,0,3,3,0,0.0
Senior,1,6,1,Obese,Good,2,2,3,1,50.0
Senior,1,6,1,Overweight,Fair,0,9,7,-2,22.22
Senior,1,6,1,Overweight,Fair,2,1,0,-1,100.0
Senior,1,6,1,Overweight,Good,0,7,7,0,0.0
Senior,1,6,1,Overweight,Poor,0,5,7,2,40.0
Senior,1,6,1,Overweight,Poor,2,3,4,1,33.33
Senior,1,6,2,Normal,Fair,0,17,19,2,11.76
Senior,1,6,2,Normal,Fair,2,1,2,1,100.0
Senior,1,6,2,Normal,Good,0,12,10,-2,16.67
Senior,1,6,2,Normal,Good,2,2,2,0,0.0
Senior,1,6,2,Normal,Poor,0,15,15,0,0.0
Senior,1,6,2,Normal,Poor,1,1,1,0,0.0
Senior,1,6,2,Obese,Fair,0,11,10,-1,9.09
Senior,1,6,2,Obese,Fair,2,6,5,-1,16.67
Senior,1,6,2,Obese,Good,0,6,2,-4,66.67
Senior,1,6,2,Obese,Good,2,1,0,-1,100.0
Senior,1,6,2,Obese,Poor,0,4,2,-2,50.0
Senior,1,6,2,Obese,Poor,1,1,0,-1,100.0
Senior,1,6,2,Obese,Poor,2,10,10,0,0.0
Senior,1,6,2,Overweight,Fair,0,11,8,-3,27.27
Senior,1,6,2,Overweight,Fair,1,1,5,4,400.0
Senior,1,6,2,Overweight,Fair,2,6,8,2,33.33
Senior,1,6,2,Overweight,Good,0,9,8,-1,11.11
Senior,1,6,2,Overweight,Good,2,6,6,0,0.0
Senior,1,6,2,Overweight,Poor,0,7,4,-3,42.86
Senior,1,6,2,Overweight,Poor,1,2,2,0,0.0
Senior,1,6,2,Overweight,Poor,2,5,6,1,20.0
Senior,1,6,3,Normal,Fair,0,11,11,0,0.0
Senior,1,6,3,Normal,Fair,1,1,1,0,0.0
Senior,1,6,3,Normal,Fair,2,3,2,-1,33.33
Senior,1,6,3,Normal,Good,0,25,25,0,0.0
Senior,1,6,3,Normal,Good,2,4,3,-1,25.0
Senior,1,6,3,Normal,Poor,0,15,17,2,13.33
Senior,1,6,3,Normal,Poor,2,2,1,-1,50.0
Senior,1,6,3,Obese,Fair,0,14,16,2,14.29
Senior,1,6,3,Obese,Fair,2,12,14,2,16.67
Senior,1,6,3,Obese,Good,0,5,5,0,0.0
Senior,1,6,3,Obese,Good,1,1,0,-1,100.0
Senior,1,6,3,Obese,Good,2,4,0,-4,100.0
Senior,1,6,3,Obese,Poor,0,5,6,1,20.0
Senior,1,6,3,Obese,Poor,2,18,19,1,5.56
Senior,1,6,3,Overweight,Fair,0,20,21,1,5.0
Senior,1,6,3,Overweight,Fair,1,1,0,-1,100.0
Senior,1,6,3,Overweight,Fair,2,12,14,2,16.67
Senior,1,6,3,Overweight,Good,0,23,24,1,4.35
Senior,1,6,3,Overweight,Good,2,6,6,0,0.0
Senior,1,6,3,Overweight,Poor,0,8,8,0,0.0
Senior,1,6,3,Overweight,Poor,1,1,2,1,100.0
Senior,1,6,3,Overweight,Poor,2,7,8,1,14.29
Senior,1,6,4,Normal,Fair,0,26,27,1,3.85
Senior,1,6,4,Normal,Fair,2,4,5,1,25.0
Senior,1,6,4,Normal,Good,0,52,52,0,0.0
Senior,1,6,4,Normal,Good,2,2,2,0,0.0
Senior,1,6,4,Normal,Poor,0,18,17,-1,5.56
Senior,1,6,4,Normal,Poor,1,2,0,-2,100.0
Senior,1,6,4,Normal,Poor,2,5,6,1,20.0
Senior,1,6,4,Obese,Fair,0,17,16,-1,5.88
Senior,1,6,4,Obese,Fair,1,1,1,0,0.0
Senior,1,6,4,Obese,Fair,2,17,17,0,0.0
Senior,1,6,4,Obese,Good,0,26,27,1,3.85
Senior,1,6,4,Obese,Good,1,1,1,0,0.0
Senior,1,6,4,Obese,Good,2,7,7,0,0.0
Senior,1,6,4,Obese,Poor,0,12,13,1,8.33
Senior,1,6,4,Obese,Poor,1,1,0,-1,100.0
Senior,1,6,4,Obese,Poor,2,12,11,-1,8.33
Senior,1,6,4,Overweight,Fair,0,41,40,-1,2.44
Senior,1,6,4,Overweight,Fair,1,2,2,0,0.0
Senior,1,6,4,Overweight,Fair,2,15,15,0,0.0
Senior,1,6,4,Overweight,Good,0,58,57,-1,1.72
Senior,1,6,4,Overweight,Good,2,11,11,0,0.0
Senior,1,6,4,Overweight,Poor,0,30,29,-1,3.33
Senior,1,6,4,Overweight,Poor,1,1,1,0,0.0
Senior,1,6,4,Overweight,Poor,2,13,10,-3,23.08
Senior,1,6,5,Normal,Fair,0,69,70,1,1.45
Senior,1,6,5,Normal,Fair,1,2,0,-2,100.0
Senior,1,6,5,Normal,Fair,2,13,16,3,23.08
Senior,1,6,5,Normal,Good,0,99,95,-4,4.04
Senior,1,6,5,Normal,Good,1,5,4,-1,20.0
Senior,1,6,5,Normal,Good,2,10,12,2,20.0
Senior,1,6,5,Normal,Poor,0,38,39,1,2.63
Senior,1,6,5,Normal,Poor,1,2,0,-2,100.0
Senior,1,6,5,Normal,Poor,2,10,10,0,0.0
Senior,1,6,5,Obese,Fair,0,49,50,1,2.04
Senior,1,6,5,Obese,Fair,1,5,5,0,0.0
Senior,1,6,5,Obese,Fair,2,26,28,2,7.69
Senior,1,6,5,Obese,Good,0,51,50,-1,1.96
Senior,1,6,5,Obese,Good,1,3,3,0,0.0
Senior,1,6,5,Obese,Good,2,24,24,0,0.0
Senior,1,6,5,Obese,Poor,0,20,23,3,15.0
Senior,1,6,5,Obese,Poor,2,31,31,0,0.0
Senior,1,6,5,Overweight,Fair,0,78,76,-2,2.56
Senior,1,6,5,Overweight,Fair,1,3,3,0,0.0
Senior,1,6,5,Overweight,Fair,2,30,31,1,3.33
Senior,1,6,5,Overweight,Good,0,121,119,-2,1.65
Senior,1,6,5,Overweight,Good,1,6,6,0,0.0
Senior,1,6,5,Overweight,Good,2,19,20,1,5.26
Senior,1,6,5,Overweight,Poor,0,44,44,0,0.0
Senior,1,6,5,Overweight,Poor,1,1,1,0,0.0
Senior,1,6,5,Overweight,Poor,2,32,33,1,3.12
Senior,1,6,5,Underweight,Good,0,4,4,0,0.0
Senior,1,6,5,Underweight,Good,2,1,0,-1,100.0
Senior,1,6,6,Any,Fair,0,4,6,2,50.0
Senior,1,6,6,Any,Fair,2,2,0,-2,100.0
Senior,1,6,6,Any,Good,0,7,6,-1,14.29
Senior,1,6,6,Any,Good,1,1,0,-1,100.0
Senior,1,6,6,Any,Poor,0,5,5,0,0.0
Senior,1,6,6,Any,Poor,2,1,1,0,0.0
Senior,1,6,6,Normal,Fair,0,112,112,0,0.0
Senior,1,6,6,Normal,Fair,1,4,4,0,0.0
Senior,1,6,6,Normal,Fair,2,26,24,-2,7.69
Senior,1,6,6,Normal,Good,0,198,199,1,0.51
Senior,1,6,6,Normal,Good,1,3,3,0,0.0
Senior,1,6,6,Normal,Good,2,20,20,0,0.0
Senior,1,6,6,Normal,Poor,0,53,53,0,0.0
Senior,1,6,6,Normal,Poor,1,3,4,1,33.33
Senior,1,6,6,Normal,Poor,2,15,15,0,0.0
Senior,1,6,6,Obese,Fair,0,95,95,0,0.0
Senior,1,6,6,Obese,Fair,1,8,7,-1,12.5
Senior,1,6,6,Obese,Fair,2,80,79,-1,1.25
Senior,1,6,6,Obese,Good,0,121,122,1,0.83
Senior,1,6,6,Obese,Good,1,5,5,0,0.0
Senior,1,6,6,Obese,Good,2,45,45,0,0.0
Senior,1,6,6,Obese,Poor,0,37,35,-2,5.41
Senior,1,6,6,Obese,Poor,1,5,7,2,40.0
Senior,1,6,6,Obese,Poor,2,43,43,0,0.0
Senior,1,6,6,Overweight,Fair,0,183,183,0,0.0
Senior,1,6,6,Overweight,Fair,1,4,3,-1,25.0
Senior,1,6,6,Overweight,Fair,2,65,66,1,1.54
Senior,1,6,6,Overweight,Good,0,279,278,-1,0.36
Senior,1,6,6,Overweight,Good,1,16,15,-1,6.25
Senior,1,6,6,Overweight,Good,2,47,47,0,0.0
Senior,1,6,6,Overweight,Poor,0,69,67,-2,2.9
Senior,1,6,6,Overweight,Poor,1,3,3,0,0.0
Senior,1,6,6,Overweight,Poor,2,38,38,0,0.0
Senior,1,6,7,Normal,Fair,0,144,144,0,0.0
Senior,1,6,7,Normal,Fair,1,7,5,-2,28.57
Senior,1,6,7,Normal,Fair,2,41,41,0,0.0
Senior,1,6,7,Normal,Good,0,277,277,0,0.0
Senior,1,6,7,Normal,Good,1,4,4,0,0.0
Senior,1,6,7,Normal,Good,2,30,28,-2,6.67
Senior,1,6,7,Normal,Poor,0,62,61,-1,1.61
Senior,1,6,7,Normal,Poor,2,12,12,0,0.0
Senior,1,6,7,Obese,Fair,0,138,138,0,0.0
Senior,1,6,7,Obese,Fair,1,14,14,0,0.0
Senior,1,6,7,Obese,Fair,2,78,78,0,0.0
Senior,1,6,7,Obese,Good,0,195,194,-1,0.51
Senior,1,6,7,Obese,Good,1,11,11,0,0.0
Senior,1,6,7,Obese,Good,2,66,67,1,1.52
Senior,1,6,7,Obese,Poor,0,45,44,-1,2.22
Senior,1,6,7,Obese,Poor,1,5,7,2,40.0
Senior,1,6,7,Obese,Poor,2,63,65,2,3.17
Senior,1,6,7,Overweight,Fair,0,239,239,0,0.0
Senior,1,6,7,Overweight,Fair,1,12,12,0,0.0
Senior,1,6,7,Overweight,Fair,2,62,62,0,0.0
Senior,1,6,7,Overweight,Good,0,475,475,0,0.0
Senior,1,6,7,Overweight,Good,1,14,15,1,7.14
Senior,1,6,7,Overweight,Good,2,68,68,0,0.0
Senior,1,6,7,Overweight,Poor,0,90,89,-1,1.11
Senior,1,6,7,Overweight,Poor,1,3,4,1,33.33
Senior,1,6,7,Overweight,Poor,2,35,36,1,2.86
Senior,1,6,7,Underweight,Good,0,6,6,0,0.0
Senior,1,6,8,Any,Poor,0,5,3,-2,40.0
Senior,1,6,8,Any,Poor,2,1,1,0,0.0
Senior,1,6,8,Normal,Fair,0,255,256,1,0.39
Senior,1,6,8,Normal,Fair,1,8,6,-2,25.0
Senior,1,6,8,Normal,Fair,2,61,61,0,0.0
Senior,1,6,8,Normal,Good,0,619,617,-2,0.32
Senior,1,6,8,Normal,Good,1,13,13,0,0.0
Senior,1,6,8,Normal,Good,2,59,59,0,0.0
Senior,1,6,8,Normal,Poor,0,98,99,1,1.02
Senior,1,6,8,Normal,Poor,1,2,0,-2,100.0
Senior,1,6,8,Normal,Poor,2,28,31,3,10.71
Senior,1,6,8,Obese,Fair,0,251,252,1,0.4
Senior,1,6,8,Obese,Fair,1,17,18,1,5.88
Senior,1,6,8,Obese,Fair,2,130,129,-1,0.77
Senior,1,6,8,Obese,Good,0,427,427,0,0.0
Senior,1,6,8,Obese,Good,1,19,19,0,0.0
Senior,1,6,8,Obese,Good,2,116,116,0,0.0
Senior,1,6,8,Obese,Poor,0,74,72,-2,2.7
Senior,1,6,8,Obese,Poor,1,6,6,0,0.0
Senior,1,6,8,Obese,Poor,2,75,75,0,0.0
Senior,1,6,8,Overweight,Fair,0,438,439,1,0.23
Senior,1,6,8,Overweight,Fair,1,19,19,0,0.0
Senior,1,6,8,Overweight,Fair,2,116,117,1,0.86
Senior,1,6,8,Overweight,Good,0,987,988,1,0.1
Senior,1,6,8,Overweight,Good,1,25,25,0,0.0
Senior,1,6,8,Overweight,Good,2,158,158,0,0.0
Senior,1,6,8,Overweight,Poor,0,149,149,0,0.0
Senior,1,6,8,Overweight,Poor,1,2,2,0,0.0
Senior,1,6,8,Overweight,Poor,2,54,53,-1,1.85
Senior,1,6,8,Underweight,Fair,0,5,3,-2,40.0
Senior,1,6,8,Underweight,Good,0,9,9,0,0.0
Young,0,2,1,Any,Fair,0,5,4,-1,20.0
Young,0,2,1,Obese,Fair,0,4,3,-1,25.0
Young,0,2,1,Obese,Fair,2,2,3,1,50.0
Young,0,2,1,Overweight-Range,Good,0,5,5,0,0.0
Young,0,2,1,Overweight-Range,Good,2,1,0,-1,100.0
Young,0,2,1,Overweight-Range,Poor,0,4,6,2,50.0
Young,0,2,1,Overweight-Range,Poor,1,1,0,-1,100.0
Young,0,2,1,Overweight-Range,Poor,2,2,4,2,100.0
Young,0,2,2,Obese,Fair,0,5,5,0,0.0
Young,0,2,2,Obese,Poor,0,3,0,-3,100.0
Young,0,2,2,Obese,Poor,1,1,1,0,0.0
Young,0,2,2,Obese,Poor,2,1,2,1,100.0
Young,0,2,3,Obese,Poor,0,5,5,0,0.0
Young,0,2,3,Overweight-Range,Fair,0,6,6,0,0.0
Young,0,2,3,Overweight-Range,Fair,1,1,3,2,200.0
Young,0,2,4,Overweight-Range,Fair,0,4,5,1,25.0
Young,0,2,4,Overweight-Range,Fair,2,1,2,1,100.0
Young,0,2,5,Overweight-Range,Poor,0,4,1,-3,75.0
Young,0,2,5,Overweight-Range,Poor,2,1,0,-1,100.0
Young,0,2,6,Any,Good,0,5,2,-3,60.0
Young,0,3,1,Normal,Fair,0,10,10,0,0.0
Young,0,3,1,Normal,Fair,2,2,2,0,0.0
Young,0,3,1,Normal,Good,0,5,5,0,0.0
Young,0,3,1,Normal,Good,2,1,3,2,200.0
Young,0,3,1,Normal,Poor,0,5,4,-1,20.0
Young,0,3,1,Obese,Fair,0,6,6,0,0.0
Young,0,3,1,Obese,Good,0,12,13,1,8.33
Young,0,3,1,Obese,Good,2,1,1,0,0.0
Young,0,3,1,Obese,Poor,0,8,8,0,0.0
Young,0,3,1,Obese,Poor,2,5,6,1,20.0
Young,0,3,1,Overweight,Fair,0,14,14,0,0.0
Young,0,3,1,Overweight,Good,0,7,8,1,14.29
Young,0,3,1,Overweight,Poor,0,4,5,1,25.0
Young,0,3,1,Overweight,Poor,2,1,3,2,200.0
Young,0,3,2,Normal,Good,0,5,5,0,0.0
Young,0,3,2,Obese,Fair,0,9,6,-3,33.33
Young,0,3,2,Obese,Poor,0,5,4,-1,20.0
Young,0,3,2,Obese,Poor,1,1,0,-1,100.0
Young,0,3,2,Obese,Poor,2,1,0,-1,100.0
Young,0,3,2,Overweight,Fair,0,5,6,1,20.0
Young,0,3,2,Overweight,Poor,0,5,4,-1,20.0
Young,0,3,2,Overweight-Range,Good,0,8,8,0,0.0
Young,0,3,3,Normal,Fair,0,9,9,0,0.0
Young,0,3,3,Normal,Fair,1,1,2,1,100.0
Young,0,3,3,Normal,Fair,2,1,0,-1,100.0
Young,0,3,3,Normal,Good,0,8,7,-1,12.5
Young,0,3,3,Obese,Fair,0,15,16,1,6.67
Young,0,3,3,Obese,Fair,2,1,0,-1,100.0
Young,0,3,3,Obese,Good,0,10,9,-1,10.0
Young,0,3,3,Obese,Poor,0,5,5,0,0.0
Young,0,3,3,Obese,Poor,1,1,0,-1,100.0
Young,0,3,3,Obese,Poor,2,2,2,0,0.0
Young,0,3,3,Overweight,Good,0,8,8,0,0.0
Young,0,3,3,Overweight,Good,2,1,1,0,0.0
Young,0,3,3,Overweight,Poor,0,5,6,1,20.0
Young,0,3,4,Any,Poor,0,5,6,1,20.0
Young,0,3,4,Any,Poor,2,2,2,0,0.0
Young,0,3,4,Normal-Range,Good,0,5,5,0,0.0
Young,0,3,4,Obese,Fair,0,13,12,-1,7.69
Young,0,3,4,Obese,Fair,2,1,1,0,0.0
Young,0,3,4,Obese,Good,0,9,6,-3,33.33
Young,0,3,4,Obese,Good,1,1,1,0,0.0
Young,0,3,4,Obese,Poor,0,5,5,0,0.0
Young,0,3,4,Obese,Poor,1,1,2,1,100.0
Young,0,3,4,Obese,Poor,2,2,4,2,100.0
Young,0,3,4,Overweight,Fair,0,12,16,4,33.33
Young,0,3,4,Overweight,Fair,2,1,1,0,0.0
Young,0,3,4,Overweight,Good,0,10,10,0,0.0
Young,0,3,5,Any,Poor,0,6,5,-1,16.67
Young,0,3,5,Normal-Range,Good,0,6,5,-1,16.67
Young,0,3,5,Obese,Fair,0,12,13,1,8.33
Young,0,3,5,Obese,Fair,2,1,0,-1,100.0
Young,0,3,5,Obese,Good,0,6,5,-1,16.67
Young,0,3,5,Obese,Poor,0,2,3,1,50.0
Young,0,3,5,Obese,Poor,1,2,3,1,50.0
Young,0,3,5,Obese,Poor,2,1,2,1,100.0
Young,0,3,5,Overweight,Fair,0,5,4,-1,20.0
Young,0,3,6,Any,Good,0,7,6,-1,14.29
Young,0,3,6,Normal,Fair,0,6,7,1,16.67
Young,0,3,6,Obese,Fair,0,10,10,0,0.0
Young,0,3,6,Obese,Good,0,7,6,-1,14.29
Young,0,3,7,Normal,Fair,0,8,8,0,0.0
Young,0,3,7,Obese,Good,0,5,4,-1,20.0
Young,0,3,8,Normal-Range,Good,0,5,5,0,0.0
Young,0,4,1,Normal,Fair,0,35,38,3,8.57
Young,0,4,1,Normal,Good,0,47,47,0,0.0
Young,0,4,1,Normal,Poor,0,13,14,1,7.69
Young,0,4,1,Obese,Fair,0,39,40,1,2.56
Young,0,4,1,Obese,Fair,1,1,4,3,300.0
Young,0,4,1,Obese,Fair,2,5,5,0,0.0
Young,0,4,1,Obese,Good,0,29,27,-2,6.9
Young,0,4,1,Obese,Poor,0,30,30,0,0.0
Young,0,4,1,Obese,Poor,1,1,1,0,0.0
Young,0,4,1,Obese,Poor,2,4,4,0,0.0
Young,0,4,1,Overweight,Fair,0,23,23,0,0.0
Young,0,4,1,Overweight,Fair,2,1,0,-1,100.0
Young,0,4,1,Overweight,Good,0,27,27,0,0.0
Young,0,4,1,Overweight,Good,2,1,1,0,0.0
Young,0,4,1,Overweight,Poor,0,15,16,1,6.67
Young,0,4,2,Any,Poor,0,5,4,-1,20.0
Young,0,4,2,Normal,Fair,0,21,21,0,0.0
Young,0,4,2,Normal,Good,0,16,16,0,0.0
Young,0,4,2,Normal,Poor,0,9,12,3,33.33
Young,0,4,2,Normal,Poor,1,1,0,-1,100.0
Young,0,4,2,Normal,Poor,2,2,3,1,50.0
Young,0,4,2,Obese,Fair,0,27,27,0,0.0
Young,0,4,2,Obese,Fair,1,1,0,-1,100.0
Young,0,4,2,Obese,Fair,2,5,4,-1,20.0
Young,0,4,2,Obese,Good,0,22,22,0,0.0
Young,0,4,2,Obese,Poor,0,20,21,1,5.0
Young,0,4,2,Obese,Poor,2,4,6,2,50.0
Young,0,4,2,Overweight,Fair,0,11,11,0,0.0
Young,0,4,2,Overweight,Good,0,19,19,0,0.0
Young,0,4,3,Normal,Fair,0,18,17,-1,5.56
Young,0,4,3,Normal,Fair,1,1,2,1,100.0
Young,0,4,3,Normal,Good,0,40,40,0,0.0
Young,0,4,3,Normal,Poor,0,11,11,0,0.0
Young,0,4,3,Normal,Poor,2,2,2,0,0.0
Young,0,4,3,Obese,Fair,0,46,46,0,0.0
Young,0,4,3,Obese,Fair,1,1,2,1,100.0
Young,0,4,3,Obese,Fair,2,4,4,0,0.0
Young,0,4,3,Obese,Good,0,45,44,-1,2.22
Young,0,4,3,Obese,Good,1,1,1,0,0.0
Young,0,4,3,Obese,Good,2,1,0,-1,100.0
Young,0,4,3,Obese,Poor,0,29,28,-1,3.45
Young,0,4,3,Obese,Poor,1,1,0,-1,100.0
Young,0,4,3,Obese,Poor,2,6,6,0,0.0
Young,0,4,3,Overweight,Fair,0,30,33,3,10.0
Young,0,4,3,Overweight,Fair,2,2,3,1,50.0
Young,0,4,3,Overweight,Good,0,39,40,1,2.56
Young,0,4,3,Overweight,Poor,0,12,10,-2,16.67
Young,0,4,3,Overweight,Poor,2,4,4,0,0.0
Young,0,4,3,Underweight,Good,0,5,5,0,0.0
Young,0,4,4,Normal,Fair,0,30,30,0,0.0
Young,0,4,4,Normal,Fair,2,1,4,3,300.0
Young,0,4,4,Normal,Good,0,53,50,-3,5.66
Young,0,4,4,Normal,Poor,0,12,11,-1,8.33
Young,0,4,4,Normal,Poor,2,1,1,0,0.0
Young,0,4,4,Obese,Fair,0,49,49,0,0.0
Young,0,4,4,Obese,Fair,1,2,0,-2,100.0
Young,0,4,4,Obese,Fair,2,3,3,0,0.0
Young,0,4,4,Obese,Good,0,46,49,3,6.52
Young,0,4,4,Obese,Good,2,1,0,-1,100.0
Young,0,4,4,Obese,Poor,0,24,24,0,0.0
Young,0,4,4,Obese,Poor,2,8,11,3,37.5
Young,0,4,4,Overweight,Fair,0,40,41,1,2.5
Young,0,4,4,Overweight,Good,0,41,43,2,4.88
Young,0,4,4,Overweight,Poor,0,8,9,1,12.5
Young,0,4,5,Normal,Fair,0,33,33,0,0.0
Young,0,4,5,Normal,Good,0,67,66,-1,1.49
Young,0,4,5,Normal-Range,Poor,0,6,5,-1,16.67
Young,0,4,5,Obese,Fair,0,52,53,1,1.92
Young,0,4,5,Obese,Fair,1,1,1,0,0.0
Young,0,4,5,Obese,Good,0,50,50,0,0.0
Young,0,4,5,Obese,Poor,0,12,13,1,8.33
Young,0,4,5,Obese,Poor,2,4,3,-1,25.0
Young,0,4,5,Overweight,Fair,0,29,29,0,0.0
Young,0,4,5,Overweight,Good,0,61,60,-1,1.64
Young,0,4,5,Overweight,Good,2,1,4,3,300.0
Young,0,4,5,Overweight,Poor,0,5,7,2,40.0
Young,0,4,5,Overweight,Poor,2,2,2,0,0.0
Young,0,4,6,Normal,Fair,0,27,27,0,0.0
Young,0,4,6,Normal,Good,0,59,60,1,1.69
Young,0,4,6,Normal,Good,2,1,2,1,100.0
Young,0,4,6,Normal,Poor,0,8,5,-3,37.5
Young,0,4,6,Normal,Poor,2,1,2,1,100.0
Young,0,4,6,Obese,Fair,0,45,48,3,6.67
Young,0,4,6,Obese,Fair,1,2,2,0,0.0
Young,0,4,6,Obese,Fair,2,6,8,2,33.33
Young,0,4,6,Obese,Good,0,52,50,-2,3.85
Young,0,4,6,Obese,Poor,0,11,13,2,18.18
Young,0,4,6,Obese,Poor,1,1,1,0,0.0
Young,0,4,6,Obese,Poor,2,8,5,-3,37.5
Young,0,4,6,Overweight,Fair,0,28,27,-1,3.57
Young,0,4,6,Overweight,Good,0,41,42,1,2.44
Young,0,4,6,Overweight,Poor,0,7,6,-1,14.29
Young,0,4,7,Normal,Fair,0,27,26,-1,3.7
Young,0,4,7,Normal,Good,0,61,63,2,3.28
Young,0,4,7,Normal,Poor,0,6,4,-2,33.33
Young,0,4,7,Obese,Fair,0,32,35,3,9.38
Young,0,4,7,Obese,Fair,1,1,1,0,0.0
Young,0,4,7,Obese,Fair,2,1,1,0,0.0
Young,0,4,7,Obese,Good,0,34,33,-1,2.94
Young,0,4,7,Obese,Poor,0,8,8,0,0.0
Young,0,4,7,Obese,Poor,2,1,1,0,0.0
Young,0,4,7,Overweight,Fair,0,24,24,0,0.0
Young,0,4,7,Overweight,Fair,1,1,0,-1,100.0
Young,0,4,7,Overweight,Good,0,45,44,-1,2.22
Young,0,4,7,Overweight,Good,1,1,3,2,200.0
Young,0,4,7,Overweight,Poor,0,7,4,-3,42.86
Young,0,4,7,Underweight,Good,0,7,7,0,0.0
Young,0,4,8,Normal,Fair,0,20,20,0,0.0
Young,0,4,8,Normal,Good,0,92,92,0,0.0
Young,0,4,8,Normal,Good,2,1,1,0,0.0
Young,0,4,8,Obese,Fair,0,22,21,-1,4.55
Young,0,4,8,Obese,Fair,1,1,1,0,0.0
Young,0,4,8,Obese,Fair,2,3,4,1,33.33
Young,0,4,8,Obese,Good,0,29,29,0,0.0
Young,0,4,8,Obese,Good,2,1,1,0,0.0
Young,0,4,8,Obese,Poor,0,10,13,3,30.0
Young,0,4,8,Obese,Poor,2,4,3,-1,25.0
Young,0,4,8,Overweight,Fair,0,24,23,-1,4.17
Young,0,4,8,Overweight,Fair,2,2,4,2,100.0
Young,0,4,8,Overweight,Good,0,56,58,2,3.57
Young,0,4,8,Overweight,Good,2,1,0,-1,100.0
Young,0,4,8,Overweight,Poor,0,8,8,0,0.0
Young,0,5,1,Normal,Fair,0,23,23,0,0.0
Young,0,5,1,Normal,Fair,1,1,2,1,100.0
Young,0,5,1,Normal,Fair,2,1,4,3,300.0
Young,0,5,1,Normal,Good,0,56,57,1,1.79
Young,0,5,1,Normal,Poor,0,12,12,0,0.0
Young,0,5,1,Obese,Fair,0,27,27,0,0.0
Young,0,5,1,Obese,Fair,1,1,4,3,300.0
Young,0,5,1,Obese,Fair,2,1,1,0,0.0
Young,0,5,1,Obese,Good,0,33,33,0,0.0
Young,0,5,1,Obese,Good,1,1,2,1,100.0
Young,0,5,1,Obese,Good,2,1,1,0,0.0
Young,0,5,1,Obese,Poor,0,24,25,1,4.17
Young,0,5,1,Obese,Poor,2,5,5,0,0.0
Young,0,5,1,Overweight,Fair,0,21,23,2,9.52
Young,0,5,1,Overweight,Fair,2,2,2,0,0.0
Young,0,5,1,Overweight,Good,0,15,13,-2,13.33
Young,0,5,1,Overweight,Good,2,1,3,2,200.0
Young,0,5,1,Overweight,Poor,0,8,9,1,12.5
Young,0,5,2,Normal,Fair,0,16,15,-1,6.25
Young,0,5,2,Normal,Fair,1,1,1,0,0.0
Young,0,5,2,Normal,Good,0,42,43,1,2.38
Young,0,5,2,Normal,Poor,0,6,8,2,33.33
Young,0,5,2,Normal,Poor,2,1,1,0,0.0
Young,0,5,2,Obese,Fair,0,28,28,0,0.0
Young,0,5,2,Obese,Good,0,38,37,-1,2.63
Young,0,5,2,Obese,Poor,0,19,19,0,0.0
Young,0,5,2,Obese,Poor,2,3,4,1,33.33
Young,0,5,2,Overweight,Fair,0,16,17,1,6.25
Young,0,5,2,Overweight,Fair,2,1,1,0,0.0
Young,0,5,2,Overweight,Good,0,21,20,-1,4.76
Young,0,5,2,Overweight,Poor,0,5,5,0,0.0
Young,0,5,2,Overweight,Poor,1,1,1,0,0.0
Young,0,5,2,Overweight,Poor,2,2,3,1,50.0
Young,0,5,3,Normal,Fair,0,43,42,-1,2.33
Young,0,5,3,Normal,Good,0,61,62,1,1.64
Young,0,5,3,Normal,Good,2,1,0,-1,100.0
Young,0,5,3,Normal-Range,Poor,0,4,1,-3,75.0
Young,0,5,3,Normal-Range,Poor,2,1,1,0,0.0
Young,0,5,3,Obese,Fair,0,50,47,-3,6.0
Young,0,5,3,Obese,Fair,1,3,3,0,0.0
Young,0,5,3,Obese,Fair,2,5,5,0,0.0
Young,0,5,3,Obese,Good,0,51,51,0,0.0
Young,0,5,3,Obese,Poor,0,29,30,1,3.45
Young,0,5,3,Obese,Poor,1,2,1,-1,50.0
Young,0,5,3,Obese,Poor,2,6,6,0,0.0
Young,0,5,3,Overweight,Fair,0,39,38,-1,2.56
Young,0,5,3,Overweight,Good,0,55,55,0,0.0
Young,0,5,3,Overweight,Good,2,1,5,4,400.0
Young,0,5,3,Overweight,Poor,0,12,11,-1,8.33
Young,0,5,3,Overweight,Poor,1,1,1,0,0.0
Young,0,5,3,Overweight,Poor,2,1,0,-1,100.0
Young,0,5,4,Normal,Fair,0,36,36,0,0.0
Young,0,5,4,Normal,Good,0,97,98,1,1.03
Young,0,5,4,Normal,Poor,0,15,18,3,20.0
Young,0,5,4,Obese,Fair,0,75,72,-3,4.0
Young,0,5,4,Obese,Fair,1,2,0,-2,100.0
Young,0,5,4,Obese,Fair,2,4,3,-1,25.0
Young,0,5,4,Obese,Good,0,60,60,0,0.0
Young,0,5,4,Obese,Good,1,1,1,0,0.0
Young,0,5,4,Obese,Good,2,1,2,1,100.0
Young,0,5,4,Obese,Poor,0,28,29,1,3.57
Young,0,5,4,Obese,Poor,1,4,4,0,0.0
Young,0,5,4,Obese,Poor,2,12,13,1,8.33
Young,0,5,4,Overweight,Fair,0,45,45,0,0.0
Young,0,5,4,Overweight,Fair,2,1,0,-1,100.0
Young,0,5,4,Overweight,Good,0,65,65,0,0.0
Young,0,5,4,Overweight,Good,2,3,3,0,0.0
Young,0,5,4,Overweight,Poor,0,17,17,0,0.0
Young,0,5,4,Overweight,Poor,2,1,0,-1,100.0
Young,0,5,4,Underweight,Good,0,5,5,0,0.0
Young,0,5,5,Normal,Fair,0,43,45,2,4.65
Young,0,5,5,Normal,Fair,1,1,1,0,0.0
Young,0,5,5,Normal,Fair,2,1,1,0,0.0
Young,0,5,5,Normal,Good,0,111,111,0,0.0
Young,0,5,5,Normal,Good,1,2,2,0,0.0
Young,0,5,5,Normal,Poor,0,17,18,1,5.88
Young,0,5,5,Obese,Fair,0,94,95,1,1.06
Young,0,5,5,Obese,Fair,1,1,0,-1,100.0
Young,0,5,5,Obese,Fair,2,8,8,0,0.0
Young,0,5,5,Obese,Good,0,85,84,-1,1.18
Young,0,5,5,Obese,Good,1,1,1,0,0.0
Young,0,5,5,Obese,Good,2,2,1,-1,50.0
Young,0,5,5,Obese,Poor,0,27,26,-1,3.7
Young,0,5,5,Obese,Poor,1,4,4,0,0.0
Young,0,5,5,Obese,Poor,2,3,2,-1,33.33
Young,0,5,5,Overweight,Fair,0,40,40,0,0.0
Young,0,5,5,Overweight,Fair,1,1,0,-1,100.0
Young,0,5,5,Overweight,Good,0,91,91,0,0.0
Young,0,5,5,Overweight,Good,1,2,2,0,0.0
Young,0,5,5,Overweight,Poor,0,4,5,1,25.0
Young,0,5,5,Overweight,Poor,2,2,3,1,50.0
Young,0,5,5,Underweight,Good,0,6,4,-2,33.33
Young,0,5,6,Normal,Fair,0,41,41,0,0.0
Young,0,5,6,Normal,Good,0,168,168,0,0.0
Young,0,5,6,Normal,Good,2,1,0,-1,100.0
Young,0,5,6,Normal,Poor,0,16,16,0,0.0
Young,0,5,6,Normal,Poor,2,1,1,0,0.0
Young,0,5,6,Obese,Fair,0,86,86,0,0.0
Young,0,5,6,Obese,Fair,1,1,6,5,500.0
Young,0,5,6,Obese,Fair,2,3,4,1,33.33
Young,0,5,6,Obese,Good,0,110,108,-2,1.82
Young,0,5,6,Obese,Good,1,2,2,0,0.0
Young,0,5,6,Obese,Good,2,2,2,0,0.0
Young,0,5,6,Obese,Poor,0,22,20,-2,9.09
Young,0,5,6,Obese,Poor,1,4,4,0,0.0
Young,0,5,6,Obese,Poor,2,4,2,-2,50.0
Young,0,5,6,Overweight,Fair,0,49,47,-2,4.08
Young,0,5,6,Overweight,Fair,2,1,0,-1,100.0
Young,0,5,6,Overweight,Good,0,119,117,-2,1.68
Young,0,5,6,Overweight,Good,1,1,0,-1,100.0
Young,0,5,6,Overweight,Good,2,2,3,1,50.0
Young,0,5,6,Overweight,Poor,0,11,12,1,9.09
Young,0,5,6,Underweight,Good,0,11,11,0,0.0
Young,0,5,7,Normal,Fair,0,36,36,0,0.0
Young,0,5,7,Normal,Fair,2,1,3,2,200.0
Young,0,5,7,Normal,Good,0,177,177,0,0.0
Young,0,5,7,Normal,Good,1,1,2,1,100.0
Young,0,5,7,Normal,Poor,0,7,2,-5,71.43
Young,0,5,7,Obese,Fair,0,68,66,-2,2.94
Young,0,5,7,Obese,Fair,2,2,1,-1,50.0
Young,0,5,7,Obese,Good,0,103,101,-2,1.94
Young,0,5,7,Obese,Good,1,2,1,-1,50.0
Young,0,5,7,Obese,Good,2,2,3,1,50.0
Young,0,5,7,Obese,Poor,0,16,16,0,0.0
Young,0,5,7,Obese,Poor,1,1,0,-1,100.0
Young,0,5,7,Obese,Poor,2,4,3,-1,25.0
Young,0,5,7,Overweight,Fair,0,41,42,1,2.44
Young,0,5,7,Overweight,Fair,1,2,1,-1,50.0
Young,0,5,7,Overweight,Fair,2,2,3,1,50.0
Young,0,5,7,Overweight,Good,0,118,117,-1,0.85
Young,0,5,7,Overweight,Poor,0,7,7,0,0.0
Young,0,5,7,Underweight,Good,0,13,13,0,0.0
Young,0,5,8,Normal,Fair,0,50,49,-1,2.0
Young,0,5,8,Normal,Good,0,286,285,-1,0.35
Young,0,5,8,Normal,Good,2,1,1,0,0.0
Young,0,5,8,Normal,Poor,0,14,14,0,0.0
Young,0,5,8,Obese,Fair,0,80,80,0,0.0
Young,0,5,8,Obese,Fair,1,2,3,1,50.0
Young,0,5,8,Obese,Fair,2,5,6,1,20.0
Young,0,5,8,Obese,Good,0,104,104,0,0.0
Young,0,5,8,Obese,Good,1,1,1,0,0.0
Young,0,5,8,Obese,Good,2,2,2,0,0.0
Young,0,5,8,Obese,Poor,0,21,21,0,0.0
Young,0,5,8,Obese,Poor,1,1,0,-1,100.0
Young,0,5,8,Obese,Poor,2,2,2,0,0.0
Young,0,5,8,Overweight,Fair,0,45,44,-1,2.22
Young,0,5,8,Overweight,Fair,2,2,2,0,0.0
Young,0,5,8,Overweight,Good,0,175,175,0,0.0
Young,0,5,8,Overweight,Good,1,1,1,0,0.0
Young,0,5,8,Overweight,Poor,0,13,13,0,0.0
Young,0,5,8,Underweight,Good,0,17,19,2,11.76
Young,0,6,1,Normal,Fair,0,19,20,1,5.26
Young,0,6,1,Normal,Good,0,46,46,0,0.0
Young,0,6,1,Normal,Good,2,1,2,1,100.0
Young,0,6,1,Normal,Poor,0,5,5,0,0.0
Young,0,6,1,Obese,Fair,0,13,13,0,0.0
Young,0,6,1,Obese,Good,0,9,9,0,0.0
Young,0,6,1,Obese,Poor,0,5,5,0,0.0
Young,0,6,1,Obese,Poor,2,5,5,0,0.0
Young,0,6,1,Overweight,Fair,0,11,13,2,18.18
Young,0,6,1,Overweight,Fair,2,1,1,0,0.0
Young,0,6,1,Overweight,Good,0,18,19,1,5.56
Young,0,6,1,Underweight,Fair,0,5,9,4,80.0
Young,0,6,1,Underweight,Good,0,6,7,1,16.67
Young,0,6,2,Normal,Fair,0,10,11,1,10.0
Young,0,6,2,Normal,Good,0,36,36,0,0.0
Young,0,6,2,Obese,Fair,0,12,13,1,8.33
Young,0,6,2,Obese,Fair,1,1,1,0,0.0
Young,0,6,2,Obese,Fair,2,1,0,-1,100.0
Young,0,6,2,Obese,Good,0,18,18,0,0.0
Young,0,6,2,Obese,Good,1,1,0,-1,100.0
Young,0,6,2,Obese,Poor,0,6,6,0,0.0
Young,0,6,2,Overweight,Fair,0,7,6,-1,14.29
Young,0,6,2,Overweight,Good,0,12,12,0,0.0
Young,0,6,2,Overweight,Poor,0,4,3,-1,25.0
Young,0,6,2,Overweight,Poor,2,1,3,2,200.0
Young,0,6,3,Normal,Fair,0,16,19,3,18.75
Young,0,6,3,Normal,Good,0,53,53,0,0.0
Young,0,6,3,Obese,Fair,0,17,16,-1,5.88
Young,0,6,3,Obese,Good,0,27,26,-1,3.7
Young,0,6,3,Obese,Poor,0,13,13,0,0.0
Young,0,6,3,Overweight,Fair,0,10,10,0,0.0
Young,0,6,3,Overweight,Fair,2,1,0,-1,100.0
Young,0,6,3,Overweight,Good,0,20,20,0,0.0
Young,0,6,3,Overweight,Good,2,1,2,1,100.0
Young,0,6,3,Overweight,Poor,0,9,4,-5,55.56
Young,0,6,3,Underweight,Fair,0,5,4,-1,20.0
Young,0,6,3,Underweight,Good,0,7,7,0,0.0
Young,0,6,4,Normal,Fair,0,28,28,0,0.0
Young,0,6,4,Normal,Fair,1,2,1,-1,50.0
Young,0,6,4,Normal,Good,0,84,83,-1,1.19
Young,0,6,4,Normal,Poor,0,8,8,0,0.0
Young,0,6,4,Obese,Fair,0,29,29,0,0.0
Young,0,6,4,Obese,Fair,2,1,1,0,0.0
Young,0,6,4,Obese,Good,0,40,41,1,2.5
Young,0,6,4,Obese,Good,1,1,0,-1,100.0
Young,0,6,4,Obese,Good,2,1,2,1,100.0
Young,0,6,4,Obese,Poor,0,12,12,0,0.0
Young,0,6,4,Obese,Poor,2,1,0,-1,100.0
Young,0,6,4,Overweight,Fair,0,17,19,2,11.76
Young,0,6,4,Overweight,Fair,2,1,2,1,100.0
Young,0,6,4,Overweight,Good,0,59,59,0,0.0
Young,0,6,4,Overweight,Poor,0,8,9,1,12.5
Young,0,6,4,Underweight,Good,0,9,9,0,0.0
Young,0,6,5,Normal,Fair,0,48,47,-1,2.08
Young,0,6,5,Normal,Fair,2,1,3,2,200.0
Young,0,6,5,Normal,Good,0,145,145,0,0.0
Young,0,6,5,Normal,Good,1,1,0,-1,100.0
Young,0,6,5,Normal,Good,2,1,1,0,0.0
Young,0,6,5,Obese,Fair,0,51,52,1,1.96
Young,0,6,5,Obese,Fair,2,2,6,4,200.0
Young,0,6,5,Obese,Good,0,69,70,1,1.45
Young,0,6,5,Obese,Good,1,1,5,4,400.0
Young,0,6,5,Obese,Good,2,1,0,-1,100.0
Young,0,6,5,Obese,Poor,0,13,13,0,0.0
Young,0,6,5,Overweight,Fair,0,30,29,-1,3.33
Young,0,6,5,Overweight,Fair,1,1,1,0,0.0
Young,0,6,5,Overweight,Fair,2,2,3,1,50.0
Young,0,6,5,Overweight,Good,0,86,86,0,0.0
Young,0,6,5,Overweight,Good,1,2,2,0,0.0
Young,0,6,5,Overweight,Good,2,1,1,0,0.0
Young,0,6,5,Overweight,Poor,0,4,6,2,50.0
Young,0,6,5,Overweight,Poor,2,1,1,0,0.0
Young,0,6,5,Underweight,Good,0,12,13,1,8.33
Young,0,6,6,Normal,Fair,0,64,64,0,0.0
Young,0,6,6,Normal,Fair,1,1,0,-1,100.0
Young,0,6,6,Normal,Good,0,283,283,0,0.0
Young,0,6,6,Normal,Good,2,1,1,0,0.0
Young,0,6,6,Normal,Poor,0,10,9,-1,10.0
Young,0,6,6,Obese,Fair,0,87,87,0,0.0
Young,0,6,6,Obese,Fair,2,3,5,2,66.67
Young,0,6,6,Obese,Good,0,123,126,3,2.44
Young,0,6,6,Obese,Good,1,1,2,1,100.0
Young,0,6,6,Obese,Poor,0,18,21,3,16.67
Young,0,6,6,Obese,Poor,2,4,4,0,0.0
Young,0,6,6,Overweight,Fair,0,65,65,0,0.0
Young,0,6,6,Overweight,Fair,1,1,3,2,200.0
Young,0,6,6,Overweight,Fair,2,3,4,1,33.33
Young,0,6,6,Overweight,Good,0,161,163,2,1.24
Young,0,6,6,Overweight,Good,1,2,2,0,0.0
Young,0,6,6,Overweight,Good,2,1,0,-1,100.0
Young,0,6,6,Overweight,Poor,0,12,13,1,8.33
Young,0,6,6,Underweight,Good,0,14,14,0,0.0
Young,0,6,7,Normal,Fair,0,66,66,0,0.0
Young,0,6,7,Normal,Fair,2,1,1,0,0.0
Young,0,6,7,Normal,Good,0,378,381,3,0.79
Young,0,6,7,Normal,Good,1,1,0,-1,100.0
Young,0,6,7,Normal,Good,2,3,4,1,33.33
Young,0,6,7,Normal,Poor,0,7,7,0,0.0
Young,0,6,7,Obese,Fair,0,87,84,-3,3.45
Young,0,6,7,Obese,Fair,1,2,3,1,50.0
Young,0,6,7,Obese,Fair,2,3,2,-1,33.33
Young,0,6,7,Obese,Good,0,167,166,-1,0.6
Young,0,6,7,Obese,Good,1,1,1,0,0.0
Young,0,6,7,Obese,Good,2,2,3,1,50.0
Young,0,6,7,Obese,Poor,0,25,22,-3,12.0
Young,0,6,7,Obese,Poor,1,1,1,0,0.0
Young,0,6,7,Obese,Poor,2,6,10,4,66.67
Young,0,6,7,Overweight,Fair,0,67,67,0,0.0
Young,0,6,7,Overweight,Fair,2,2,1,-1,50.0
Young,0,6,7,Overweight,Good,0,191,190,-1,0.52
Young,0,6,7,Overweight,Poor,0,8,9,1,12.5
Young,0,6,7,Overweight,Poor,2,1,0,-1,100.0
Young,0,6,7,Underweight,Good,0,18,17,-1,5.56
Young,0,6,8,Normal,Fair,0,118,119,1,0.85
Young,0,6,8,Normal,Fair,2,2,4,2,100.0
Young,0,6,8,Normal,Good,0,820,820,0,0.0
Young,0,6,8,Normal,Good,1,1,0,-1,100.0
Young,0,6,8,Normal,Good,2,4,2,-2,50.0
Young,0,6,8,Normal,Poor,0,23,23,0,0.0
Young,0,6,8,Normal,Poor,2,2,3,1,50.0
Young,0,6,8,Obese,Fair,0,137,137,0,0.0
Young,0,6,8,Obese,Fair,1,1,1,0,0.0
Young,0,6,8,Obese,Fair,2,9,8,-1,11.11
Young,0,6,8,Obese,Good,0,243,245,2,0.82
Young,0,6,8,Obese,Good,2,4,3,-1,25.0
Young,0,6,8,Obese,Poor,0,25,25,0,0.0
Young,0,6,8,Obese,Poor,1,1,2,1,100.0
Young,0,6,8,Obese,Poor,2,3,3,0,0.0
Young,0,6,8,Overweight,Fair,0,122,119,-3,2.46
Young,0,6,8,Overweight,Fair,2,1,3,2,200.0
Young,0,6,8,Overweight,Good,0,434,435,1,0.23
Young,0,6,8,Overweight,Good,1,1,1,0,0.0
Young,0,6,8,Overweight,Good,2,4,4,0,0.0
Young,0,6,8,Overweight,Poor,0,10,13,3,30.0
Young,0,6,8,Overweight,Poor,2,2,1,-1,50.0
Young,0,6,8,Underweight,Fair,0,7,8,1,14.29
Young,0,6,8,Underweight,Good,0,55,55,0,0.0
Young,0,6,8,Underweight,Good,1,1,2,1,100.0
Young,0,6,8,Underweight,Good,2,1,1,0,0.0
Young,1,2,3,Any,Fair,0,4,3,-1,25.0
Young,1,2,3,Any,Fair,1,1,3,2,200.0
Young,1,2,3,Any,Good,0,5,6,1,20.0
Young,1,2,3,Any,Good,1,1,1,0,0.0
Young,1,2,4,Overweight-Range,Fair,0,5,6,1,20.0
Young,1,2,4,Overweight-Range,Good,0,5,5,0,0.0
Young,1,2,5,Any,Fair,0,5,5,0,0.0
Young,1,2,5,Any,Good,0,5,5,0,0.0
Young,1,2,8,Overweight,Good,0,5,5,0,0.0
Young,1,2,8,Overweight,Good,1,1,2,1,100.0
Young,1,3,1,Any,Fair,0,5,6,1,20.0
Young,1,3,1,Normal,Poor,0,7,7,0,0.0
Young,1,3,1,Obese,Good,0,6,8,2,33.33
Young,1,3,1,Overweight,Fair,0,5,6,1,20.0
Young,1,3,1,Overweight,Good,0,6,4,-2,33.33
Young,1,3,1,Overweight-Range,Poor,0,5,5,0,0.0
Young,1,3,2,Any,Good,0,5,7,2,40.0
Young,1,3,2,Any,Poor,0,5,4,-1,20.0
Young,1,3,2,Normal,Fair,0,5,5,0,0.0
Young,1,3,2,Obese,Fair,0,6,7,1,16.67
Young,1,3,2,Obese,Poor,0,5,5,0,0.0
Young,1,3,2,Obese,Poor,2,1,0,-1,100.0
Young,1,3,2,Overweight,Good,0,5,5,0,0.0
Young,1,3,3,Any,Good,0,5,2,-3,60.0
Young,1,3,3,Any,Poor,0,5,3,-2,40.0
Young,1,3,3,Normal,Fair,0,6,7,1,16.67
Young,1,3,3,Normal,Fair,2,1,1,0,0.0
Young,1,3,3,Obese,Fair,0,7,8,1,14.29
Young,1,3,3,Obese,Good,0,6,6,0,0.0
Young,1,3,3,Obese,Poor,0,3,4,1,33.33
Young,1,3,3,Obese,Poor,2,2,3,1,50.0
Young,1,3,3,Overweight,Fair,0,7,7,0,0.0
Young,1,3,4,Any,Poor,0,4,4,0,0.0
Young,1,3,4,Any,Poor,2,2,2,0,0.0
Young,1,3,4,Normal,Fair,0,8,7,-1,12.5
Young,1,3,4,Normal,Good,0,6,5,-1,16.67
Young,1,3,4,Obese,Fair,0,11,11,0,0.0
Young,1,3,4,Obese,Fair,2,1,0,-1,100.0
Young,1,3,4,Obese,Good,0,6,7,1,16.67
Young,1,3,4,Overweight,Fair,0,8,8,0,0.0
Young,1,3,4,Overweight,Good,0,5,7,2,40.0
Young,1,3,5,Any,Poor,0,5,5,0,0.0
Young,1,3,5,Any,Poor,2,1,2,1,100.0
Young,1,3,5,Normal,Fair,0,8,8,0,0.0
Young,1,3,5,Normal,Good,0,6,6,0,0.0
Young,1,3,5,Obese,Fair,0,13,15,2,15.38
Young,1,3,5,Obese,Good,0,9,7,-2,22.22
Young,1,3,5,Overweight,Fair,0,10,7,-3,30.0
Young,1,3,5,Overweight,Good,0,9,9,0,0.0
Young,1,3,6,Normal,Fair,0,7,9,2,28.57
Young,1,3,6,Normal,Good,0,11,11,0,0.0
Young,1,3,6,Obese,Good,0,6,7,1,16.67
Young,1,3,6,Overweight,Fair,0,5,6,1,20.0
Young,1,3,6,Overweight,Good,0,12,12,0,0.0
Young,1,3,7,Any,Fair,0,4,0,-4,100.0
Young,1,3,7,Any,Fair,2,1,0,-1,100.0
Young,1,3,7,Any,Good,0,5,5,0,0.0
Young,1,3,7,Normal,Good,0,10,10,0,0.0
Young,1,3,7,Overweight,Fair,0,7,8,1,14.29
Young,1,3,7,Overweight,Good,0,9,9,0,0.0
Young,1,3,8,Any,Fair,0,5,7,2,40.0
Young,1,3,8,Normal,Good,0,14,14,0,0.0
Young,1,3,8,Obese,Fair,0,5,4,-1,20.0
Young,1,3,8,Obese,Good,0,7,9,2,28.57
Young,1,3,8,Obese,Poor,0,5,4,-1,20.0
Young,1,3,8,Overweight,Good,0,11,10,-1,9.09
Young,1,4,1,Normal,Fair,0,11,10,-1,9.09
Young,1,4,1,Normal,Fair,2,1,0,-1,100.0
Young,1,4,1,Normal,Good,0,26,29,3,11.54
Young,1,4,1,Normal,Poor,0,7,6,-1,14.29
Young,1,4,1,Obese,Fair,0,11,9,-2,18.18
Young,1,4,1,Obese,Fair,2,2,2,0,0.0
Young,1,4,1,Obese,Good,0,18,19,1,5.56
Young,1,4,1,Obese,Good,1,1,0,-1,100.0
Young,1,4,1,Obese,Good,2,1,1,0,0.0
Young,1,4,1,Obese,Poor,0,7,7,0,0.0
Young,1,4,1,Obese,Poor,2,5,6,1,20.0
Young,1,4,1,Overweight,Fair,0,12,14,2,16.67
Young,1,4,1,Overweight,Fair,2,1,2,1,100.0
Young,1,4,1,Overweight,Good,0,19,18,-1,5.26
Young,1,4,1,Overweight,Good,2,2,2,0,0.0
Young,1,4,2,Normal,Fair,0,13,15,2,15.38
Young,1,4,2,Normal,Good,0,24,23,-1,4.17
Young,1,4,2,Normal,Poor,0,8,8,0,0.0
Young,1,4,2,Obese,Fair,0,13,11,-2,15.38
Young,1,4,2,Obese,Fair,2,1,0,-1,100.0
Young,1,4,2,Obese,Good,0,8,8,0,0.0
Young,1,4,2,Obese,Poor,0,15,14,-1,6.67
Young,1,4,2,Obese,Poor,1,1,2,1,100.0
Young,1,4,2,Obese,Poor,2,2,3,1,50.0
Young,1,4,2,Overweight,Fair,0,12,12,0,0.0
Young,1,4,2,Overweight,Good,0,17,17,0,0.0
Young,1,4,3,Normal,Fair,0,13,13,0,0.0
Young,1,4,3,Normal,Fair,2,1,2,1,100.0
Young,1,4,3,Normal,Good,0,52,51,-1,1.92
Young,1,4,3,Normal,Poor,0,7,7,0,0.0
Young,1,4,3,Normal,Poor,2,1,2,1,100.0
Young,1,4,3,Obese,Fair,0,22,23,1,4.55
Young,1,4,3,Obese,Fair,1,1,1,0,0.0
Young,1,4,3,Obese,Fair,2,2,2,0,0.0
Young,1,4,3,Obese,Good,0,27,27,0,0.0
Young,1,4,3,Obese,Good,2,2,3,1,50.0
Young,1,4,3,Obese,Poor,0,9,10,1,11.11
Young,1,4,3,Obese,Poor,1,1,0,-1,100.0
Young,1,4,3,Overweight,Fair,0,21,21,0,0.0
Young,1,4,3,Overweight,Fair,2,1,1,0,0.0
Young,1,4,3,Overweight,Good,0,34,34,0,0.0
Young,1,4,3,Overweight,Good,2,1,0,-1,100.0
Young,1,4,3,Overweight,Poor,0,14,13,-1,7.14
Young,1,4,4,Normal,Fair,0,31,34,3,9.68
Young,1,4,4,Normal,Good,0,57,60,3,5.26
Young,1,4,4,Normal,Good,1,1,2,1,100.0
Young,1,4,4,Normal,Good,2,1,1,0,0.0
Young,1,4,4,Normal,Poor,0,13,14,1,7.69
Young,1,4,4,Normal,Poor,2,1,1,0,0.0
Young,1,4,4,Obese,Fair,0,41,43,2,4.88
Young,1,4,4,Obese,Fair,1,1,4,3,300.0
Young,1,4,4,Obese,Fair,2,4,0,-4,100.0
Young,1,4,4,Obese,Good,0,39,39,0,0.0
Young,1,4,4,Obese,Good,2,2,2,0,0.0
Young,1,4,4,Obese,Poor,0,14,15,1,7.14
Young,1,4,4,Obese,Poor,2,2,3,1,50.0
Young,1,4,4,Overweight,Fair,0,28,29,1,3.57
Young,1,4,4,Overweight,Good,0,56,57,1,1.79
Young,1,4,4,Overweight,Poor,0,11,9,-2,18.18
Young,1,4,4,Overweight,Poor,1,2,2,0,0.0
Young,1,4,4,Overweight,Poor,2,1,0,-1,100.0
Young,1,4,4,Underweight,Fair,0,5,5,0,0.0
Young,1,4,5,Normal,Fair,0,31,25,-6,19.35
Young,1,4,5,Normal,Fair,2,1,1,0,0.0
Young,1,4,5,Normal,Good,0,75,79,4,5.33
Young,1,4,5,Normal,Poor,0,7,7,0,0.0
Young,1,4,5,Normal,Poor,1,1,0,-1,100.0
Young,1,4,5,Obese,Fair,0,59,62,3,5.08
Young,1,4,5,Obese,Fair,1,1,3,2,200.0
Young,1,4,5,Obese,Fair,2,1,0,-1,100.0
Young,1,4,5,Obese,Good,0,63,63,0,0.0
Young,1,4,5,Obese,Good,2,2,2,0,0.0
Young,1,4,5,Obese,Poor,0,19,19,0,0.0
Young,1,4,5,Obese,Poor,1,1,0,-1,100.0
Young,1,4,5,Obese,Poor,2,2,3,1,50.0
Young,1,4,5,Overweight,Fair,0,53,54,1,1.89
Young,1,4,5,Overweight,Good,0,80,80,0,0.0
Young,1,4,5,Overweight,Good,2,1,1,0,0.0
Young,1,4,5,Overweight,Poor,0,10,12,2,20.0
Young,1,4,5,Overweight,Poor,2,1,2,1,100.0
Young,1,4,6,Normal,Fair,0,39,38,-1,2.56
Young,1,4,6,Normal,Good,0,94,94,0,0.0
Young,1,4,6,Normal,Poor,0,11,11,0,0.0
Young,1,4,6,Obese,Fair,0,65,69,4,6.15
Young,1,4,6,Obese,Fair,2,1,0,-1,100.0
Young,1,4,6,Obese,Good,0,70,69,-1,1.43
Young,1,4,6,Obese,Good,1,1,0,-1,100.0
Young,1,4,6,Obese,Poor,0,20,18,-2,10.0
Young,1,4,6,Overweight,Fair,0,49,48,-1,2.04
Young,1,4,6,Overweight,Good,0,104,106,2,1.92
Young,1,4,6,Overweight,Good,2,1,1,0,0.0
Young,1,4,6,Overweight,Poor,0,9,10,1,11.11
Young,1,4,6,Overweight,Poor,2,1,1,0,0.0
Young,1,4,7,Normal,Fair,0,41,42,1,2.44
Young,1,4,7,Normal,Fair,2,1,0,-1,100.0
Young,1,4,7,Normal,Good,0,97,92,-5,5.15
Young,1,4,7,Normal,Poor,0,6,5,-1,16.67
Young,1,4,7,Normal,Poor,2,1,1,0,0.0
Young,1,4,7,Obese,Fair,0,75,75,0,0.0
Young,1,4,7,Obese,Fair,2,1,0,-1,100.0
Young,1,4,7,Obese,Good,0,70,69,-1,1.43
Young,1,4,7,Obese,Good,1,1,1,0,0.0
Young,1,4,7,Obese,Good,2,1,1,0,0.0
Young,1,4,7,Obese,Poor,0,20,20,0,0.0
Young,1,4,7,Obese,Poor,2,2,0,-2,100.0
Young,1,4,7,Overweight,Fair,0,46,48,2,4.35
Young,1,4,7,Overweight,Good,0,104,104,0,0.0
Young,1,4,7,Overweight,Poor,0,8,9,1,12.5
Young,1,4,8,Normal,Fair,0,38,38,0,0.0
Young,1,4,8,Normal,Fair,2,1,1,0,0.0
Young,1,4,8,Normal,Good,0,133,133,0,0.0
Young,1,4,8,Normal,Good,2,1,1,0,0.0
Young,1,4,8,Normal,Poor,0,6,5,-1,16.67
Young,1,4,8,Normal,Poor,2,2,1,-1,50.0
Young,1,4,8,Obese,Fair,0,65,65,0,0.0
Young,1,4,8,Obese,Fair,2,2,1,-1,50.0
Young,1,4,8,Obese,Good,0,83,86,3,3.61
Young,1,4,8,Obese,Good,2,2,2,0,0.0
Young,1,4,8,Obese,Poor,0,11,10,-1,9.09
Young,1,4,8,Overweight,Fair,0,52,52,0,0.0
Young,1,4,8,Overweight,Good,0,142,140,-2,1.41
Young,1,4,8,Overweight,Good,2,3,4,1,33.33
Young,1,4,8,Overweight,Poor,0,14,15,1,7.14
Young,1,4,8,Underweight,Fair,0,5,5,0,0.0
Young,1,4,8,Underweight,Good,0,8,10,2,25.0
Young,1,4,8,Underweight,Good,2,1,1,0,0.0
Young,1,5,1,Normal,Fair,0,18,20,2,11.11
Young,1,5,1,Normal,Fair,1,1,0,-1,100.0
Young,1,5,1,Normal,Good,0,47,44,-3,6.38
Young,1,5,1,Normal,Poor,0,7,6,-1,14.29
Young,1,5,1,Obese,Fair,0,17,13,-4,23.53
Young,1,5,1,Obese,Fair,2,1,1,0,0.0
Young,1,5,1,Obese,Good,0,16,14,-2,12.5
Young,1,5,1,Obese,Poor,0,9,9,0,0.0
Young,1,5,1,Obese,Poor,2,1,0,-1,100.0
Young,1,5,1,Overweight,Fair,0,16,16,0,0.0
Young,1,5,1,Overweight,Good,0,27,28,1,3.7
Young,1,5,1,Overweight,Good,2,1,0,-1,100.0
Young,1,5,2,Any,Poor,0,5,6,1,20.0
Young,1,5,2,Normal,Fair,0,13,14,1,7.69
Young,1,5,2,Normal,Good,0,28,25,-3,10.71
Young,1,5,2,Obese,Fair,0,22,21,-1,4.55
Young,1,5,2,Obese,Good,0,11,10,-1,9.09
Young,1,5,2,Obese,Poor,0,12,12,0,0.0
Young,1,5,2,Overweight,Fair,0,7,7,0,0.0
Young,1,5,2,Overweight,Good,0,23,22,-1,4.35
Young,1,5,3,Normal,Fair,0,15,15,0,0.0
Young,1,5,3,Normal,Fair,2,1,2,1,100.0
Young,1,5,3,Normal,Good,0,63,63,0,0.0
Young,1,5,3,Normal,Poor,0,7,6,-1,14.29
Young,1,5,3,Obese,Fair,0,35,35,0,0.0
Young,1,5,3,Obese,Fair,1,1,3,2,200.0
Young,1,5,3,Obese,Fair,2,1,3,2,200.0
Young,1,5,3,Obese,Good,0,30,30,0,0.0
Young,1,5,3,Obese,Poor,0,15,13,-2,13.33
Young,1,5,3,Obese,Poor,2,1,1,0,0.0
Young,1,5,3,Overweight,Fair,0,20,21,1,5.0
Young,1,5,3,Overweight,Good,0,39,38,-1,2.56
Young,1,5,3,Overweight,Good,1,1,1,0,0.0
Young,1,5,3,Overweight,Poor,0,4,4,0,0.0
Young,1,5,3,Overweight,Poor,2,1,0,-1,100.0
Young,1,5,4,Normal,Fair,0,20,20,0,0.0
Young,1,5,4,Normal,Good,0,63,65,2,3.17
Young,1,5,4,Normal,Good,2,1,1,0,0.0
Young,1,5,4,Normal,Poor,0,7,9,2,28.57
Young,1,5,4,Obese,Fair,0,33,31,-2,6.06
Young,1,5,4,Obese,Good,0,33,34,1,3.03
Young,1,5,4,Obese,Poor,0,11,12,1,9.09
Young,1,5,4,Overweight,Fair,0,30,30,0,0.0
Young,1,5,4,Overweight,Fair,2,1,0,-1,100.0
Young,1,5,4,Overweight,Good,0,48,47,-1,2.08
Young,1,5,4,Overweight,Poor,0,7,5,-2,28.57
Young,1,5,4,Overweight,Poor,2,1,1,0,0.0
Young,1,5,5,Normal,Fair,0,22,25,3,13.64
Young,1,5,5,Normal,Fair,2,1,0,-1,100.0
Young,1,5,5,Normal,Good,0,95,92,-3,3.16
Young,1,5,5,Normal,Poor,0,7,7,0,0.0
Young,1,5,5,Obese,Fair,0,55,55,0,0.0
Young,1,5,5,Obese,Good,0,63,64,1,1.59
Young,1,5,5,Obese,Good,2,2,2,0,0.0
Young,1,5,5,Obese,Poor,0,15,15,0,0.0
Young,1,5,5,Obese,Poor,2,3,0,-3,100.0
Young,1,5,5,Overweight,Fair,0,40,40,0,0.0
Young,1,5,5,Overweight,Good,0,85,84,-1,1.18
Young,1,5,5,Overweight,Good,2,1,1,0,0.0
Young,1,5,5,Overweight,Poor,0,16,13,-3,18.75
Young,1,5,6,Normal,Fair,0,41,41,0,0.0
Young,1,5,6,Normal,Good,0,120,120,0,0.0
Young,1,5,6,Normal,Good,2,1,0,-1,100.0
Young,1,5,6,Normal,Poor,0,8,7,-1,12.5
Young,1,5,6,Obese,Fair,0,70,69,-1,1.43
Young,1,5,6,Obese,Fair,2,1,0,-1,100.0
Young,1,5,6,Obese,Good,0,89,89,0,0.0
Young,1,5,6,Obese,Good,2,6,0,-6,100.0
Young,1,5,6,Obese,Poor,0,19,15,-4,21.05
Young,1,5,6,Obese,Poor,2,2,3,1,50.0
Young,1,5,6,Overweight,Fair,0,59,59,0,0.0
Young,1,5,6,Overweight,Fair,2,2,2,0,0.0
Young,1,5,6,Overweight,Good,0,162,162,0,0.0
Young,1,5,6,Overweight,Good,2,1,0,-1,100.0
Young,1,5,6,Overweight,Poor,0,13,14,1,7.69
Young,1,5,6,Underweight,Good,0,7,8,1,14.29
Young,1,5,7,Normal,Fair,0,37,37,0,0.0
Young,1,5,7,Normal,Fair,2,1,3,2,200.0
Young,1,5,7,Normal,Good,0,127,127,0,0.0
Young,1,5,7,Normal,Good,1,1,2,1,100.0
Young,1,5,7,Normal,Good,2,1,1,0,0.0
Young,1,5,7,Normal,Poor,0,6,10,4,66.67
Young,1,5,7,Obese,Fair,0,93,92,-1,1.08
Young,1,5,7,Obese,Fair,2,4,7,3,75.0
Young,1,5,7,Obese,Good,0,127,126,-1,0.79
Young,1,5,7,Obese,Good,1,2,1,-1,50.0
Young,1,5,7,Obese,Good,2,2,1,-1,50.0
Young,1,5,7,Obese,Poor,0,10,8,-2,20.0
Young,1,5,7,Obese,Poor,1,1,0,-1,100.0
Young,1,5,7,Obese,Poor,2,2,3,1,50.0
Young,1,5,7,Overweight,Fair,0,54,53,-1,1.85
Young,1,5,7,Overweight,Fair,2,1,2,1,100.0
Young,1,5,7,Overweight,Good,0,169,171,2,1.18
Young,1,5,7,Overweight,Good,2,3,1,-2,66.67
Young,1,5,7,Overweight,Poor,0,12,12,0,0.0
Young,1,5,8,Normal,Fair,0,47,47,0,0.0
Young,1,5,8,Normal,Good,0,233,233,0,0.0
Young,1,5,8,Normal,Good,2,3,3,0,0.0
Young,1,5,8,Normal,Poor,0,12,9,-3,25.0
Young,1,5,8,Normal,Poor,2,2,1,-1,50.0
Young,1,5,8,Obese,Fair,0,96,98,2,2.08
Young,1,5,8,Obese,Fair,1,1,2,1,100.0
Young,1,5,8,Obese,Fair,2,2,5,3,150.0
Young,1,5,8,Obese,Good,0,176,176,0,0.0
Young,1,5,8,Obese,Good,1,3,3,0,0.0
Young,1,5,8,Obese,Good,2,1,1,0,0.0
Young,1,5,8,Obese,Poor,0,18,19,1,5.56
Young,1,5,8,Obese,Poor,1,2,2,0,0.0
Young,1,5,8,Obese,Poor,2,1,2,1,100.0
Young,1,5,8,Overweight,Fair,0,75,74,-1,1.33
Young,1,5,8,Overweight,Fair,2,1,0,-1,100.0
Young,1,5,8,Overweight,Good,0,262,264,2,0.76
Young,1,5,8,Overweight,Good,2,4,3,-1,25.0
Young,1,5,8,Overweight,Poor,0,12,12,0,0.0
Young,1,5,8,Overweight,Poor,2,1,0,-1,100.0
Young,1,5,8,Underweight,Good,0,5,3,-2,40.0
Young,1,6,1,Any,Fair,0,8,8,0,0.0
Young,1,6,1,Normal,Good,0,26,24,-2,7.69
Young,1,6,1,Obese,Good,0,10,9,-1,10.0
Young,1,6,1,Overweight,Fair,0,9,9,0,0.0
Young,1,6,1,Overweight,Good,0,23,25,2,8.7
Young,1,6,1,Overweight-Range,Poor,0,4,8,4,100.0
Young,1,6,1,Overweight-Range,Poor,2,1,0,-1,100.0
Young,1,6,2,Normal,Fair,0,7,9,2,28.57
Young,1,6,2,Normal,Good,0,14,17,3,21.43
Young,1,6,2,Obese,Good,0,8,9,1,12.5
Young,1,6,2,Overweight,Good,0,17,17,0,0.0
Young,1,6,2,Overweight-Range,Fair,0,6,6,0,0.0
Young,1,6,2,Overweight-Range,Poor,0,4,2,-2,50.0
Young,1,6,2,Overweight-Range,Poor,2,2,2,0,0.0
Young,1,6,3,Any,Poor,0,6,6,0,0.0
Young,1,6,3,Normal,Fair,0,12,12,0,0.0
Young,1,6,3,Normal,Good,0,35,36,1,2.86
Young,1,6,3,Obese,Fair,0,8,7,-1,12.5
Young,1,6,3,Obese,Fair,2,1,3,2,200.0
Young,1,6,3,Obese,Good,0,17,17,0,0.0
Young,1,6,3,Overweight,Fair,0,8,9,1,12.5
Young,1,6,3,Overweight,Good,0,36,35,-1,2.78
Young,1,6,3,Overweight,Poor,0,4,3,-1,25.0
Young,1,6,3,Overweight,Poor,2,1,4,3,300.0
Young,1,6,4,Normal,Fair,0,14,15,1,7.14
Young,1,6,4,Normal,Fair,1,1,2,1,100.0
Young,1,6,4,Normal,Good,0,47,47,0,0.0
Young,1,6,4,Obese,Fair,0,26,26,0,0.0
Young,1,6,4,Obese,Fair,1,1,2,1,100.0
Young,1,6,4,Obese,Fair,2,1,1,0,0.0
Young,1,6,4,Obese,Good,0,21,20,-1,4.76
Young,1,6,4,Obese,Good,2,1,2,1,100.0
Young,1,6,4,Obese,Poor,0,4,3,-1,25.0
Young,1,6,4,Obese,Poor,2,2,3,1,50.0
Young,1,6,4,Overweight,Fair,0,14,13,-1,7.14
Young,1,6,4,Overweight,Good,0,42,42,0,0.0
Young,1,6,5,Normal,Fair,0,24,24,0,0.0
Young,1,6,5,Normal,Fair,2,1,1,0,0.0
Young,1,6,5,Normal,Good,0,82,83,1,1.22
Young,1,6,5,Normal,Poor,0,5,5,0,0.0
Young,1,6,5,Normal,Poor,1,1,1,0,0.0
Young,1,6,5,Obese,Fair,0,30,31,1,3.33
Young,1,6,5,Obese,Fair,2,1,2,1,100.0
Young,1,6,5,Obese,Good,0,43,43,0,0.0
Young,1,6,5,Obese,Good,2,1,7,6,600.0
Young,1,6,5,Obese,Poor,0,10,9,-1,10.0
Young,1,6,5,Overweight,Fair,0,32,32,0,0.0
Young,1,6,5,Overweight,Fair,1,1,0,-1,100.0
Young,1,6,5,Overweight,Good,0,63,60,-3,4.76
Young,1,6,5,Overweight,Good,2,1,0,-1,100.0
Young,1,6,5,Overweight,Poor,0,5,5,0,0.0
Young,1,6,5,Overweight,Poor,2,1,1,0,0.0
Young,1,6,6,Normal,Fair,0,35,34,-1,2.86
Young,1,6,6,Normal,Fair,2,2,3,1,50.0
Young,1,6,6,Normal,Good,0,147,146,-1,0.68
Young,1,6,6,Normal,Good,1,1,1,0,0.0
Young,1,6,6,Normal,Poor,0,10,11,1,10.0
Young,1,6,6,Normal,Poor,2,1,0,-1,100.0
Young,1,6,6,Obese,Fair,0,62,61,-1,1.61
Young,1,6,6,Obese,Fair,2,1,0,-1,100.0
Young,1,6,6,Obese,Good,0,92,91,-1,1.09
Young,1,6,6,Obese,Poor,0,9,10,1,11.11
Young,1,6,6,Obese,Poor,2,2,2,0,0.0
Young,1,6,6,Overweight,Fair,0,59,57,-2,3.39
Young,1,6,6,Overweight,Fair,2,1,0,-1,100.0
Young,1,6,6,Overweight,Good,0,171,169,-2,1.17
Young,1,6,6,Overweight,Good,1,1,0,-1,100.0
Young,1,6,6,Overweight,Good,2,4,3,-1,25.0
Young,1,6,6,Overweight,Poor,0,11,13,2,18.18
Young,1,6,7,Normal,Fair,0,42,43,1,2.38
Young,1,6,7,Normal,Fair,2,2,2,0,0.0
Young,1,6,7,Normal,Good,0,248,250,2,0.81
Young,1,6,7,Normal,Good,2,2,2,0,0.0
Young,1,6,7,Normal,Poor,0,9,9,0,0.0
Young,1,6,7,Normal,Poor,2,1,3,2,200.0
Young,1,6,7,Obese,Fair,0,75,73,-2,2.67
Young,1,6,7,Obese,Fair,1,1,0,-1,100.0
Young,1,6,7,Obese,Fair,2,5,5,0,0.0
Young,1,6,7,Obese,Good,0,140,140,0,0.0
Young,1,6,7,Obese,Good,2,2,2,0,0.0
Young,1,6,7,Obese,Poor,0,14,15,1,7.14
Young,1,6,7,Obese,Poor,2,1,1,0,0.0
Young,1,6,7,Overweight,Fair,0,79,78,-1,1.27
Young,1,6,7,Overweight,Fair,2,1,0,-1,100.0
Young,1,6,7,Overweight,Good,0,285,284,-1,0.35
Young,1,6,7,Overweight,Good,2,1,0,-1,100.0
Young,1,6,7,Overweight,Poor,0,7,6,-1,14.29
Young,1,6,7,Overweight,Poor,2,2,3,1,50.0
Young,1,6,7,Underweight,Good,0,7,6,-1,14.29
Young,1,6,8,Normal,Fair,0,96,96,0,0.0
Young,1,6,8,Normal,Fair,1,1,1,0,0.0
Young,1,6,8,Normal,Fair,2,2,3,1,50.0
Young,1,6,8,Normal,Good,0,517,516,-1,0.19
Young,1,6,8,Normal,Good,2,8,10,2,25.0
Young,1,6,8,Normal,Poor,0,9,7,-2,22.22
Young,1,6,8,Obese,Fair,0,165,164,-1,0.61
Young,1,6,8,Obese,Fair,1,1,5,4,400.0
Young,1,6,8,Obese,Fair,2,3,4,1,33.33
Young,1,6,8,Obese,Good,0,303,302,-1,0.33
Young,1,6,8,Obese,Good,1,1,1,0,0.0
Young,1,6,8,Obese,Good,2,2,6,4,200.0
Young,1,6,8,Obese,Poor,0,34,35,1,2.94
Young,1,6,8,Obese,Poor,1,1,1,0,0.0
Young,1,6,8,Obese,Poor,2,3,3,0,0.0
Young,1,6,8,Overweight,Fair,0,146,146,0,0.0
Young,1,6,8,Overweight,Fair,2,1,2,1,100.0
Young,1,6,8,Overweight,Good,0,560,561,1,0.18
Young,1,6,8,Overweight,Good,2,7,7,0,0.0
Young,1,6,8,Overweight,Poor,0,18,18,0,0.0
Young,1,6,8,Overweight,Poor,2,1,2,1,100.0
Young,1,6,8,Underweight,Fair,0,4,5,1,25.0
Young,1,6,8,Underweight,Fair,2,1,2,1,100.0
Young,1,6,8,Underweight,Good,0,13,11,-2,15.38
Young-Adult,0,1,3,Any,Fair,0,5,6,1,20.0
Young-Adult,0,2,1,Any,Good,0,5,5,0,0.0
Young-Adult,0,2,2,Any,Fair,0,5,5,0,0.0
Young-Adult,0,2,3,Any,Poor,0,3,2,-1,33.33
Young-Adult,0,2,3,Any,Poor,2,2,2,0,0.0
Young-Adult,0,2,8,Any,Good,0,4,5,1,25.0
Young-Adult,0,2,8,Any,Good,2,1,1,0,0.0
Young-Adult,0,3,2,Any,Fair,0,5,7,2,40.0
Young-Adult,0,3,2,Any,Poor,0,5,5,0,0.0
Young-Adult,0,3,2,Any,Poor,2,1,1,0,0.0
Young-Adult,0,3,3,Any,Poor,0,5,4,-1,20.0
Young-Adult,0,3,5,Any,Fair,0,5,4,-1,20.0
Young-Adult,0,4,1,Any,Poor,0,6,6,0,0.0
Young-Adult,0,4,2,Any,Fair,0,5,6,1,20.0
Young-Adult,0,4,3,Any,Fair,0,7,7,0,0.0
Young-Adult,0,4,4,Any,Fair,0,7,7,0,0.0
Young-Adult,0,4,5,Any,Fair,0,6,6,0,0.0
Young-Adult,0,4,5,Any,Good,0,7,7,0,0.0
Young-Adult,0,4,6,Any,Poor,0,5,5,0,0.0
Young-Adult,0,4,6,Any,Poor,1,1,1,0,0.0
Young-Adult,0,5,1,Any,Fair,0,6,6,0,0.0
Young-Adult,0,5,1,Any,Good,0,6,6,0,0.0
Young-Adult,0,5,2,Any,Good,0,5,5,0,0.0
Young-Adult,0,5,2,Any,Poor,0,4,4,0,0.0
Young-Adult,0,5,2,Any,Poor,1,1,2,1,100.0
Young-Adult,0,5,3,Any,Good,0,7,9,2,28.57
Young-Adult,0,5,4,Any,Poor,0,5,4,-1,20.0
Young-Adult,0,5,5,Any,Fair,0,3,3,0,0.0
Young-Adult,0,5,5,Any,Fair,1,1,0,-1,100.0
Young-Adult,0,5,5,Any,Fair,2,1,0,-1,100.0
Young-Adult,0,5,8,Any,Poor,0,5,8,3,60.0
Young-Adult,0,6,1,Any,Poor,0,5,6,1,20.0
Young-Adult,0,6,1,Any,Poor,2,3,3,0,0.0
Young-Adult,0,6,2,Any,Fair,0,5,5,0,0.0
Young-Adult,0,6,2,Any,Good,0,5,4,-1,20.0
Young-Adult,0,6,2,Any,Poor,0,7,7,0,0.0
Young-Adult,0,6,2,Any,Poor,2,1,2,1,100.0
Young-Adult,0,6,3,Any,Poor,0,3,3,0,0.0
Young-Adult,0,6,3,Any,Poor,2,2,3,1,50.0
Young-Adult,0,6,4,Any,Fair,0,4,5,1,25.0
Young-Adult,0,6,4,Any,Fair,2,1,3,2,200.0
Young-Adult,0,6,5,Any,Poor,0,5,3,-2,40.0
Young-Adult,0,6,7,Any,Fair,0,7,7,0,0.0
Young-Adult,1,2,1,Any,Good,0,5,5,0,0.0
Young-Adult,1,2,5,Any,Poor,0,5,4,-1,20.0
Young-Adult,1,2,6,Any,Good,0,5,5,0,0.0
Young-Adult,1,3,1,Any,Good,0,7,7,0,0.0
Young-Adult,1,3,1,Any,Good,2,1,2,1,100.0
Young-Adult,1,3,2,Any,Fair,0,6,6,0,0.0
Young-Adult,1,3,2,Any,Fair,2,1,0,-1,100.0
Young-Adult,1,3,6,Any,Poor,0,6,7,1,16.67
Young-Adult,1,3,6,Any,Poor,2,1,0,-1,100.0
Young-Adult,1,3,7,Any,Poor,0,3,2,-1,33.33
Young-Adult,1,3,7,Any,Poor,2,2,4,2,100.0
Young-Adult,1,3,8,Any,Poor,0,6,8,2,33.33
Young-Adult,1,3,8,Any,Poor,2,1,0,-1,100.0
Young-Adult,1,4,1,Any,Poor,0,4,6,2,50.0
Young-Adult,1,4,1,Any,Poor,1,1,2,1,100.0
Young-Adult,1,4,1,Any,Poor,2,1,0,-1,100.0
Young-Adult,1,4,2,Any,Poor,0,7,7,0,0.0
Young-Adult,1,4,4,Any,Good,0,5,4,-1,20.0
Young-Adult,1,4,5,Any,Fair,0,5,6,1,20.0
Young-Adult,1,4,6,Any,Fair,0,6,5,-1,16.67
Young-Adult,1,4,6,Any,Good,0,5,5,0,0.0
Young-Adult,1,5,3,Any,Good,0,5,6,1,20.0
Young-Adult,1,5,7,Any,Fair,0,5,5,0,0.0
Young-Adult,1,5,7,Any,Good,0,5,5,0,0.0
Young-Adult,1,6,4,Any,Poor,0,5,5,0,0.0
Young-Adult,1,6,6,Any,Good,0,7,7,0,0.0
Young-Adult,1,6,7,Any,Fair,0,5,5,0,0.0
