Age,Sex,Education,Income,BMI,GenHlth,Diabetes_012,count,noisy_count,noise_added,percent_error
Adult,0.0,1.0,4.0,Overweight-Range,Poor,0.0,4,4,0,0.0
Adult,0.0,1.0,4.0,Overweight-Range,Poor,2.0,1,0,-1,100.0
Adult,0.0,2.0,1.0,Normal,Fair,0.0,3,1,-2,66.67
Adult,0.0,2.0,1.0,Normal,Fair,2.0,2,0,-2,100.0
Adult,0.0,2.0,1.0,Normal,Poor,0.0,16,17,1,6.25
Adult,0.0,2.0,1.0,Normal,Poor,1.0,1,0,-1,100.0
Adult,0.0,2.0,1.0,Normal,Poor,2.0,3,3,0,0.0
Adult,0.0,2.0,1.0,Obese,Fair,0.0,10,10,0,0.0
Adult,0.0,2.0,1.0,Obese,Fair,1.0,1,3,2,200.0
Adult,0.0,2.0,1.0,Obese,Fair,2.0,3,3,0,0.0
Adult,0.0,2.0,1.0,Obese,Good,0.0,4,5,1,25.0
Adult,0.0,2.0,1.0,Obese,Good,2.0,3,3,0,0.0
Adult,0.0,2.0,1.0,Obese,Poor,0.0,20,19,-1,5.0
Adult,0.0,2.0,1.0,Obese,Poor,1.0,2,5,3,150.0
Adult,0.0,2.0,1.0,Obese,Poor,2.0,15,15,0,0.0
Adult,0.0,2.0,1.0,Overweight,Fair,0.0,9,9,0,0.0
Adult,0.0,2.0,1.0,Overweight,Fair,1.0,1,1,0,0.0
Adult,0.0,2.0,1.0,Overweight,Fair,2.0,1,1,0,0.0
Adult,0.0,2.0,1.0,Overweight,Poor,0.0,12,10,-2,16.67
Adult,0.0,2.0,1.0,Overweight,Poor,1.0,3,8,5,166.67
Adult,0.0,2.0,1.0,Overweight,Poor,2.0,7,6,-1,14.29
Adult,0.0,2.0,2.0,Normal,Poor,0.0,8,8,0,0.0
Adult,0.0,2.0,2.0,Normal,Poor,2.0,1,1,0,0.0
Adult,0.0,2.0,2.0,Obese,Fair,0.0,11,10,-1,9.09
Adult,0.0,2.0,2.0,Obese,Fair,2.0,1,1,0,0.0
Adult,0.0,2.0,2.0,Obese,Poor,0.0,16,16,0,0.0
Adult,0.0,2.0,2.0,Obese,Poor,1.0,3,5,2,66.67
Adult,0.0,2.0,2.0,Obese,Poor,2.0,11,13,2,18.18
Adult,0.0,2.0,2.0,Overweight,Fair,0.0,12,11,-1,8.33
Adult,0.0,2.0,2.0,Overweight,Fair,2.0,1,1,0,0.0
Adult,0.0,2.0,2.0,Overweight,Poor,0.0,12,12,0,0.0
Adult,0.0,2.0,2.0,Overweight,Poor,2.0,3,3,0,0.0
Adult,0.0,2.0,2.0,Overweight-Range,Good,0.0,6,6,0,0.0
Adult,0.0,2.0,2.0,Overweight-Range,Good,2.0,1,0,-1,100.0
Adult,0.0,2.0,3.0,Normal,Fair,0.0,5,4,-1,20.0
Adult,0.0,2.0,3.0,Normal,Fair,2.0,1,0,-1,100.0
Adult,0.0,2.0,3.0,Normal,Poor,0.0,6,6,0,0.0
Adult,0.0,2.0,3.0,Normal,Poor,1.0,1,0,-1,100.0
Adult,0.0,2.0,3.0,Normal,Poor,2.0,1,2,1,100.0
Adult,0.0,2.0,3.0,Obese,Fair,0.0,14,12,-2,14.29
Adult,0.0,2.0,3.0,Obese,Fair,2.0,5,5,0,0.0
Adult,0.0,2.0,3.0,Obese,Good,0.0,8,9,1,12.5
Adult,0.0,2.0,3.0,Obese,Good,1.0,1,0,-1,100.0
Adult,0.0,2.0,3.0,Obese,Poor,0.0,22,22,0,0.0
Adult,0.0,2.0,3.0,Obese,Poor,1.0,2,4,2,100.0
Adult,0.0,2.0,3.0,Obese,Poor,2.0,12,12,0,0.0
Adult,0.0,2.0,3.0,Overweight,Fair,0.0,13,14,1,7.69
Adult,0.0,2.0,3.0,Overweight,Fair,1.0,1,3,2,200.0
Adult,0.0,2.0,3.0,Overweight,Good,0.0,8,7,-1,12.5
Adult,0.0,2.0,3.0,Overweight,Poor,0.0,9,9,0,0.0
Adult,0.0,2.0,3.0,Overweight,Poor,1.0,1,0,-1,100.0
Adult,0.0,2.0,3.0,Overweight,Poor,2.0,4,6,2,50.0
Adult,0.0,2.0,4.0,Normal,Fair,0.0,6,9,3,50.0
Adult,0.0,2.0,4.0,Normal,Good,0.0,5,5,0,0.0
Adult,0.0,2.0,4.0,Normal,Poor,0.0,3,4,1,33.33
Adult,0.0,2.0,4.0,Normal,Poor,1.0,2,1,-1,50.0
Adult,0.0,2.0,4.0,Obese,Fair,0.0,13,13,0,0.0
Adult,0.0,2.0,4.0,Obese,Fair,2.0,1,0,-1,100.0
Adult,0.0,2.0,4.0,Obese,Good,0.0,6,9,3,50.0
Adult,0.0,2.0,4.0,Obese,Good,1.0,1,1,0,0.0
Adult,0.0,2.0,4.0,Obese,Good,2.0,1,1,0,0.0
Adult,0.0,2.0,4.0,Obese,Poor,0.0,14,14,0,0.0
Adult,0.0,2.0,4.0,Obese,Poor,1.0,2,0,-2,100.0
Adult,0.0,2.0,4.0,Obese,Poor,2.0,4,4,0,0.0
Adult,0.0,2.0,4.0,Overweight,Fair,0.0,6,6,0,0.0
Adult,0.0,2.0,4.0,Overweight,Fair,2.0,1,1,0,0.0
Adult,0.0,2.0,4.0,Overweight,Good,0.0,6,6,0,0.0
Adult,0.0,2.0,4.0,Overweight,Poor,0.0,7,7,0,0.0
Adult,0.0,2.0,4.0,Overweight,Poor,1.0,1,1,0,0.0
Adult,0.0,2.0,5.0,Any,Good,0.0,4,4,0,0.0
Adult,0.0,2.0,5.0,Any,Good,1.0,1,5,4,400.0
Adult,0.0,2.0,5.0,Normal,Fair,0.0,5,5,0,0.0
Adult,0.0,2.0,5.0,Obese,Fair,0.0,10,10,0,0.0
Adult,0.0,2.0,5.0,Obese,Fair,1.0,1,0,-1,100.0
Adult,0.0,2.0,5.0,Obese,Good,0.0,4,5,1,25.0
Adult,0.0,2.0,5.0,Obese,Good,2.0,1,2,1,100.0
Adult,0.0,2.0,5.0,Obese,Poor,0.0,6,11,5,83.33
Adult,0.0,2.0,5.0,Obese,Poor,1.0,2,4,2,100.0
Adult,0.0,2.0,5.0,Obese,Poor,2.0,7,7,0,0.0
Adult,0.0,2.0,5.0,Overweight,Fair,0.0,12,11,-1,8.33
Adult,0.0,2.0,5.0,Overweight,Poor,0.0,5,6,1,20.0
Adult,0.0,2.0,5.0,Overweight,Poor,1.0,1,1,0,0.0
Adult,0.0,2.0,5.0,Overweight,Poor,2.0,4,5,1,25.0
Adult,0.0,2.0,6.0,Any,Poor,0.0,6,6,0,0.0
Adult,0.0,2.0,6.0,Normal,Fair,0.0,7,7,0,0.0
Adult,0.0,2.0,6.0,Obese,Fair,0.0,7,6,-1,14.29
Adult,0.0,2.0,6.0,Obese,Fair,2.0,1,2,1,100.0
Adult,0.0,2.0,6.0,Obese,Poor,0.0,3,2,-1,33.33
Adult,0.0,2.0,6.0,Obese,Poor,1.0,2,1,-1,50.0
Adult,0.0,2.0,6.0,Obese,Poor,2.0,2,1,-1,50.0
Adult,0.0,2.0,6.0,Overweight,Fair,0.0,9,9,0,0.0
Adult,0.0,2.0,6.0,Overweight-Range,Good,0.0,5,5,0,0.0
Adult,0.0,2.0,7.0,Any,Fair,0.0,6,6,0,0.0
Adult,0.0,2.0,7.0,Overweight,Good,0.0,4,6,2,50.0
Adult,0.0,2.0,7.0,Overweight,Good,2.0,1,2,1,100.0
Adult,0.0,2.0,8.0,Overweight-Range,Good,0.0,5,4,-1,20.0
Adult,0.0,3.0,1.0,Normal,Fair,0.0,11,13,2,18.18
Adult,0.0,3.0,1.0,Normal,Fair,2.0,1,0,-1,100.0
Adult,0.0,3.0,1.0,Normal,Good,0.0,9,8,-1,11.11
Adult,0.0,3.0,1.0,Normal,Good,1.0,1,0,-1,100.0
Adult,0.0,3.0,1.0,Normal,Good,2.0,2,3,1,50.0
Adult,0.0,3.0,1.0,Normal,Poor,0.0,24,28,4,16.67
Adult,0.0,3.0,1.0,Normal,Poor,1.0,2,3,1,50.0
Adult,0.0,3.0,1.0,Normal,Poor,2.0,2,1,-1,50.0
Adult,0.0,3.0,1.0,Obese,Fair,0.0,23,22,-1,4.35
Adult,0.0,3.0,1.0,Obese,Fair,1.0,1,2,1,100.0
Adult,0.0,3.0,1.0,Obese,Fair,2.0,5,4,-1,20.0
Adult,0.0,3.0,1.0,Obese,Good,0.0,12,12,0,0.0
Adult,0.0,3.0,1.0,Obese,Good,1.0,1,1,0,0.0
Adult,0.0,3.0,1.0,Obese,Good,2.0,2,4,2,100.0
Adult,0.0,3.0,1.0,Obese,Poor,0.0,57,56,-1,1.75
Adult,0.0,3.0,1.0,Obese,Poor,1.0,5,4,-1,20.0
Adult,0.0,3.0,1.0,Obese,Poor,2.0,51,50,-1,1.96
Adult,0.0,3.0,1.0,Overweight,Fair,0.0,29,29,0,0.0
Adult,0.0,3.0,1.0,Overweight,Fair,2.0,3,4,1,33.33
Adult,0.0,3.0,1.0,Overweight,Good,0.0,6,5,-1,16.67
Adult,0.0,3.0,1.0,Overweight,Good,2.0,1,1,0,0.0
Adult,0.0,3.0,1.0,Overweight,Poor,0.0,36,38,2,5.56
Adult,0.0,3.0,1.0,Overweight,Poor,1.0,4,4,0,0.0
Adult,0.0,3.0,1.0,Overweight,Poor,2.0,9,8,-1,11.11
Adult,0.0,3.0,1.0,Underweight,Poor,0.0,6,6,0,0.0
Adult,0.0,3.0,2.0,Normal,Fair,0.0,10,10,0,0.0
Adult,0.0,3.0,2.0,Normal,Good,0.0,7,6,-1,14.29
Adult,0.0,3.0,2.0,Normal,Poor,0.0,8,9,1,12.5
Adult,0.0,3.0,2.0,Normal,Poor,1.0,1,1,0,0.0
Adult,0.0,3.0,2.0,Obese,Fair,0.0,32,30,-2,6.25
Adult,0.0,3.0,2.0,Obese,Fair,2.0,7,8,1,14.29
Adult,0.0,3.0,2.0,Obese,Good,0.0,11,10,-1,9.09
Adult,0.0,3.0,2.0,Obese,Good,2.0,2,3,1,50.0
Adult,0.0,3.0,2.0,Obese,Poor,0.0,32,33,1,3.12
Adult,0.0,3.0,2.0,Obese,Poor,1.0,5,5,0,0.0
Adult,0.0,3.0,2.0,Obese,Poor,2.0,24,23,-1,4.17
Adult,0.0,3.0,2.0,Overweight,Fair,0.0,16,16,0,0.0
Adult,0.0,3.0,2.0,Overweight,Fair,2.0,3,2,-1,33.33
Adult,0.0,3.0,2.0,Overweight,Good,0.0,7,7,0,0.0
Adult,0.0,3.0,2.0,Overweight,Good,2.0,1,1,0,0.0
Adult,0.0,3.0,2.0,Overweight,Poor,0.0,21,21,0,0.0
Adult,0.0,3.0,2.0,Overweight,Poor,1.0,1,0,-1,100.0
Adult,0.0,3.0,2.0,Overweight,Poor,2.0,3,4,1,33.33
Adult,0.0,3.0,3.0,Normal,Fair,0.0,11,12,1,9.09
Adult,0.0,3.0,3.0,Normal,Fair,2.0,1,0,-1,100.0
Adult,0.0,3.0,3.0,Normal,Good,0.0,8,9,1,12.5
Adult,0.0,3.0,3.0,Normal,Poor,0.0,15,16,1,6.67
Adult,0.0,3.0,3.0,Normal,Poor,1.0,1,1,0,0.0
Adult,0.0,3.0,3.0,Normal,Poor,2.0,1,1,0,0.0
Adult,0.0,3.0,3.0,Obese,Fair,0.0,38,37,-1,2.63
Adult,0.0,3.0,3.0,Obese,Fair,1.0,2,0,-2,100.0
Adult,0.0,3.0,3.0,Obese,Fair,2.0,8,8,0,0.0
Adult,0.0,3.0,3.0,Obese,Good,0.0,11,11,0,0.0
Adult,0.0,3.0,3.0,Obese,Good,1.0,1,1,0,0.0
Adult,0.0,3.0,3.0,Obese,Good,2.0,1,7,6,600.0
Adult,0.0,3.0,3.0,Obese,Poor,0.0,31,31,0,0.0
Adult,0.0,3.0,3.0,Obese,Poor,1.0,2,2,0,0.0
Adult,0.0,3.0,3.0,Obese,Poor,2.0,25,25,0,0.0
Adult,0.0,3.0,3.0,Overweight,Fair,0.0,27,26,-1,3.7
Adult,0.0,3.0,3.0,Overweight,Fair,1.0,1,1,0,0.0
Adult,0.0,3.0,3.0,Overweight,Fair,2.0,2,1,-1,50.0
Adult,0.0,3.0,3.0,Overweight,Good,0.0,18,19,1,5.56
Adult,0.0,3.0,3.0,Overweight,Poor,0.0,18,19,1,5.56
Adult,0.0,3.0,3.0,Overweight,Poor,1.0,2,2,0,0.0
Adult,0.0,3.0,3.0,Overweight,Poor,2.0,8,8,0,0.0
Adult,0.0,3.0,4.0,Normal,Fair,0.0,15,16,1,6.67
Adult,0.0,3.0,4.0,Normal,Fair,2.0,1,2,1,100.0
Adult,0.0,3.0,4.0,Normal,Good,0.0,10,8,-2,20.0
Adult,0.0,3.0,4.0,Normal,Poor,0.0,10,10,0,0.0
Adult,0.0,3.0,4.0,Normal,Poor,1.0,1,1,0,0.0
Adult,0.0,3.0,4.0,Normal,Poor,2.0,1,2,1,100.0
Adult,0.0,3.0,4.0,Obese,Fair,0.0,27,27,0,0.0
Adult,0.0,3.0,4.0,Obese,Fair,1.0,2,2,0,0.0
Adult,0.0,3.0,4.0,Obese,Fair,2.0,12,11,-1,8.33
Adult,0.0,3.0,4.0,Obese,Good,0.0,17,19,2,11.76
Adult,0.0,3.0,4.0,Obese,Good,2.0,3,5,2,66.67
Adult,0.0,3.0,4.0,Obese,Poor,0.0,24,24,0,0.0
Adult,0.0,3.0,4.0,Obese,Poor,1.0,2,1,-1,50.0
Adult,0.0,3.0,4.0,Obese,Poor,2.0,16,15,-1,6.25
Adult,0.0,3.0,4.0,Overweight,Fair,0.0,16,16,0,0.0
Adult,0.0,3.0,4.0,Overweight,Good,0.0,11,13,2,18.18
Adult,0.0,3.0,4.0,Overweight,Poor,0.0,23,24,1,4.35
Adult,0.0,3.0,4.0,Overweight,Poor,1.0,1,2,1,100.0
Adult,0.0,3.0,4.0,Overweight,Poor,2.0,4,8,4,100.0
Adult,0.0,3.0,5.0,Normal,Fair,0.0,16,16,0,0.0
Adult,0.0,3.0,5.0,Normal,Fair,1.0,1,3,2,200.0
Adult,0.0,3.0,5.0,Normal,Fair,2.0,1,1,0,0.0
Adult,0.0,3.0,5.0,Normal,Good,0.0,9,9,0,0.0
Adult,0.0,3.0,5.0,Normal,Poor,0.0,8,9,1,12.5
Adult,0.0,3.0,5.0,Normal,Poor,2.0,2,2,0,0.0
Adult,0.0,3.0,5.0,Obese,Fair,0.0,27,27,0,0.0
Adult,0.0,3.0,5.0,Obese,Fair,1.0,3,3,0,0.0
Adult,0.0,3.0,5.0,Obese,Fair,2.0,7,9,2,28.57
Adult,0.0,3.0,5.0,Obese,Good,0.0,16,16,0,0.0
Adult,0.0,3.0,5.0,Obese,Poor,0.0,14,20,6,42.86
Adult,0.0,3.0,5.0,Obese,Poor,1.0,5,4,-1,20.0
Adult,0.0,3.0,5.0,Obese,Poor,2.0,10,8,-2,20.0
Adult,0.0,3.0,5.0,Overweight,Fair,0.0,12,13,1,8.33
Adult,0.0,3.0,5.0,Overweight,Fair,1.0,1,0,-1,100.0
Adult,0.0,3.0,5.0,Overweight,Fair,2.0,3,3,0,0.0
Adult,0.0,3.0,5.0,Overweight,Good,0.0,17,18,1,5.88
Adult,0.0,3.0,5.0,Overweight,Poor,0.0,11,12,1,9.09
Adult,0.0,3.0,5.0,Overweight,Poor,1.0,1,0,-1,100.0
Adult,0.0,3.0,5.0,Overweight,Poor,2.0,5,4,-1,20.0
Adult,0.0,3.0,6.0,Normal,Fair,0.0,10,10,0,0.0
Adult,0.0,3.0,6.0,Normal,Good,0.0,8,11,3,37.5
Adult,0.0,3.0,6.0,Normal,Poor,0.0,5,3,-2,40.0
Adult,0.0,3.0,6.0,Normal,Poor,2.0,1,0,-1,100.0
Adult,0.0,3.0,6.0,Obese,Fair,0.0,13,13,0,0.0
Adult,0.0,3.0,6.0,Obese,Fair,1.0,1,1,0,0.0
Adult,0.0,3.0,6.0,Obese,Fair,2.0,3,5,2,66.67
Adult,0.0,3.0,6.0,Obese,Good,0.0,11,11,0,0.0
Adult,0.0,3.0,6.0,Obese,Poor,0.0,10,10,0,0.0
Adult,0.0,3.0,6.0,Obese,Poor,1.0,2,2,0,0.0
Adult,0.0,3.0,6.0,Obese,Poor,2.0,9,8,-1,11.11
Adult,0.0,3.0,6.0,Overweight,Fair,0.0,12,13,1,8.33
Adult,0.0,3.0,6.0,Overweight,Fair,1.0,1,0,-1,100.0
Adult,0.0,3.0,6.0,Overweight,Good,0.0,13,14,1,7.69
Adult,0.0,3.0,6.0,Overweight,Poor,0.0,3,2,-1,33.33
Adult,0.0,3.0,6.0,Overweight,Poor,2.0,2,2,0,0.0
Adult,0.0,3.0,7.0,Normal,Fair,0.0,7,8,1,14.29
Adult,0.0,3.0,7.0,Normal,Good,0.0,5,5,0,0.0
Adult,0.0,3.0,7.0,Normal,Poor,0.0,5,5,0,0.0
Adult,0.0,3.0,7.0,Normal,Poor,2.0,1,0,-1,100.0
Adult,0.0,3.0,7.0,Obese,Fair,0.0,12,13,1,8.33
Adult,0.0,3.0,7.0,Obese,Fair,2.0,1,0,-1,100.0
Adult,0.0,3.0,7.0,Obese,Good,0.0,8,6,-2,25.0
Adult,0.0,3.0,7.0,Obese,Poor,0.0,9,5,-4,44.44
Adult,0.0,3.0,7.0,Obese,Poor,1.0,2,2,0,0.0
Adult,0.0,3.0,7.0,Obese,Poor,2.0,3,2,-1,33.33
Adult,0.0,3.0,7.0,Overweight,Fair,0.0,11,12,1,9.09
Adult,0.0,3.0,7.0,Overweight,Fair,2.0,1,0,-1,100.0
Adult,0.0,3.0,7.0,Overweight,Good,0.0,9,10,1,11.11
Adult,0.0,3.0,7.0,Overweight,Good,2.0,1,1,0,0.0
Adult,0.0,3.0,7.0,Overweight,Poor,0.0,9,9,0,0.0
Adult,0.0,3.0,8.0,Normal,Fair,0.0,7,6,-1,14.29
Adult,0.0,3.0,8.0,Normal,Good,0.0,10,15,5,50.0
Adult,0.0,3.0,8.0,Obese,Fair,0.0,9,9,0,0.0
Adult,0.0,3.0,8.0,Obese,Good,0.0,8,9,1,12.5
Adult,0.0,3.0,8.0,Obese,Good,1.0,1,2,1,100.0
Adult,0.0,3.0,8.0,Obese,Good,2.0,1,2,1,100.0
Adult,0.0,3.0,8.0,Overweight,Fair,0.0,6,4,-2,33.33
Adult,0.0,3.0,8.0,Overweight,Fair,2.0,1,1,0,0.0
Adult,0.0,3.0,8.0,Overweight,Good,0.0,11,11,0,0.0
Adult,0.0,3.0,8.0,Overweight,Good,2.0,1,1,0,0.0
Adult,0.0,3.0,8.0,Overweight-Range,Poor,0.0,7,6,-1,14.29
Adult,0.0,4.0,1.0,Normal,Fair,0.0,35,33,-2,5.71
Adult,0.0,4.0,1.0,Normal,Fair,1.0,1,0,-1,100.0
Adult,0.0,4.0,1.0,Normal,Fair,2.0,5,6,1,20.0
Adult,0.0,4.0,1.0,Normal,Good,0.0,29,29,0,0.0
Adult,0.0,4.0,1.0,Normal,Good,1.0,1,1,0,0.0
Adult,0.0,4.0,1.0,Normal,Good,2.0,1,0,-1,100.0
Adult,0.0,4.0,1.0,Normal,Poor,0.0,49,47,-2,4.08
Adult,0.0,4.0,1.0,Normal,Poor,1.0,4,4,0,0.0
Adult,0.0,4.0,1.0,Normal,Poor,2.0,12,12,0,0.0
Adult,0.0,4.0,1.0,Obese,Fair,0.0,72,72,0,0.0
Adult,0.0,4.0,1.0,Obese,Fair,1.0,5,5,0,0.0
Adult,0.0,4.0,1.0,Obese,Fair,2.0,23,23,0,0.0
Adult,0.0,4.0,1.0,Obese,Good,0.0,39,40,1,2.56
Adult,0.0,4.0,1.0,Obese,Good,2.0,6,8,2,33.33
Adult,0.0,4.0,1.0,Obese,Poor,0.0,140,140,0,0.0
Adult,0.0,4.0,1.0,Obese,Poor,1.0,11,10,-1,9.09
Adult,0.0,4.0,1.0,Obese,Poor,2.0,77,74,-3,3.9
Adult,0.0,4.0,1.0,Overweight,Fair,0.0,51,51,0,0.0
Adult,0.0,4.0,1.0,Overweight,Fair,1.0,2,2,0,0.0
Adult,0.0,4.0,1.0,Overweight,Fair,2.0,5,7,2,40.0
Adult,0.0,4.0,1.0,Overweight,Good,0.0,40,37,-3,7.5
Adult,0.0,4.0,1.0,Overweight,Good,1.0,1,3,2,200.0
Adult,0.0,4.0,1.0,Overweight,Good,2.0,4,5,1,25.0
Adult,0.0,4.0,1.0,Overweight,Poor,0.0,76,76,0,0.0
Adult,0.0,4.0,1.0,Overweight,Poor,1.0,2,1,-1,50.0
Adult,0.0,4.0,1.0,Overweight,Poor,2.0,20,19,-1,5.0
Adult,0.0,4.0,1.0,Underweight,Fair,0.0,5,6,1,20.0
Adult,0.0,4.0,1.0,Underweight,Good,0.0,4,4,0,0.0
Adult,0.0,4.0,1.0,Underweight,Good,2.0,1,1,0,0.0
Adult,0.0,4.0,2.0,Normal,Fair,0.0,21,20,-1,4.76
Adult,0.0,4.0,2.0,Normal,Fair,1.0,1,0,-1,100.0
Adult,0.0,4.0,2.0,Normal,Fair,2.0,1,0,-1,100.0
Adult,0.0,4.0,2.0,Normal,Good,0.0,32,32,0,0.0
Adult,0.0,4.0,2.0,Normal,Good,2.0,2,2,0,0.0
Adult,0.0,4.0,2.0,Normal,Poor,0.0,23,23,0,0.0
Adult,0.0,4.0,2.0,Normal,Poor,1.0,2,2,0,0.0
Adult,0.0,4.0,2.0,Normal,Poor,2.0,7,6,-1,14.29
Adult,0.0,4.0,2.0,Obese,Fair,0.0,91,89,-2,2.2
Adult,0.0,4.0,2.0,Obese,Fair,1.0,4,4,0,0.0
Adult,0.0,4.0,2.0,Obese,Fair,2.0,23,24,1,4.35
Adult,0.0,4.0,2.0,Obese,Good,0.0,41,41,0,0.0
Adult,0.0,4.0,2.0,Obese,Good,2.0,6,5,-1,16.67
Adult,0.0,4.0,2.0,Obese,Poor,0.0,109,107,-2,1.83
Adult,0.0,4.0,2.0,Obese,Poor,1.0,5,3,-2,40.0
Adult,0.0,4.0,2.0,Obese,Poor,2.0,80,81,1,1.25
Adult,0.0,4.0,2.0,Overweight,Fair,0.0,46,45,-1,2.17
Adult,0.0,4.0,2.0,Overweight,Fair,2.0,7,7,0,0.0
Adult,0.0,4.0,2.0,Overweight,Good,0.0,31,37,6,19.35
Adult,0.0,4.0,2.0,Overweight,Good,1.0,1,0,-1,100.0
Adult,0.0,4.0,2.0,Overweight,Good,2.0,2,0,-2,100.0
Adult,0.0,4.0,2.0,Overweight,Poor,0.0,45,44,-1,2.22
Adult,0.0,4.0,2.0,Overweight,Poor,1.0,2,5,3,150.0
Adult,0.0,4.0,2.0,Overweight,Poor,2.0,17,16,-1,5.88
Adult,0.0,4.0,2.0,Underweight,Poor,0.0,5,4,-1,20.0
Adult,0.0,4.0,3.0,Normal,Fair,0.0,38,38,0,0.0
Adult,0.0,4.0,3.0,Normal,Fair,1.0,3,3,0,0.0
Adult,0.0,4.0,3.0,Normal,Fair,2.0,2,3,1,50.0
Adult,0.0,4.0,3.0,Normal,Good,0.0,41,40,-1,2.44
Adult,0.0,4.0,3.0,Normal,Good,2.0,2,2,0,0.0
Adult,0.0,4.0,3.0,Normal,Poor,0.0,44,45,1,2.27
Adult,0.0,4.0,3.0,Normal,Poor,1.0,1,1,0,0.0
Adult,0.0,4.0,3.0,Normal,Poor,2.0,6,7,1,16.67
Adult,0.0,4.0,3.0,Obese,Fair,0.0,118,121,3,2.54
Adult,0.0,4.0,3.0,Obese,Fair,1.0,6,7,1,16.67
Adult,0.0,4.0,3.0,Obese,Fair,2.0,33,37,4,12.12
Adult,0.0,4.0,3.0,Obese,Good,0.0,86,84,-2,2.33
Adult,0.0,4.0,3.0,Obese,Good,1.0,2,2,0,0.0
Adult,0.0,4.0,3.0,Obese,Good,2.0,5,6,1,20.0
Adult,0.0,4.0,3.0,Obese,Poor,0.0,109,108,-1,0.92
Adult,0.0,4.0,3.0,Obese,Poor,1.0,5,5,0,0.0
Adult,0.0,4.0,3.0,Obese,Poor,2.0,61,59,-2,3.28
Adult,0.0,4.0,3.0,Overweight,Fair,0.0,66,66,0,0.0
Adult,0.0,4.0,3.0,Overweight,Fair,1.0,2,1,-1,50.0
Adult,0.0,4.0,3.0,Overweight,Fair,2.0,9,10,1,11.11
Adult,0.0,4.0,3.0,Overweight,Good,0.0,73,73,0,0.0
Adult,0.0,4.0,3.0,Overweight,Good,1.0,2,1,-1,50.0
Adult,0.0,4.0,3.0,Overweight,Good,2.0,1,2,1,100.0
Adult,0.0,4.0,3.0,Overweight,Poor,0.0,52,53,1,1.92
Adult,0.0,4.0,3.0,Overweight,Poor,2.0,18,18,0,0.0
Adult,0.0,4.0,3.0,Underweight,Good,0.0,5,5,0,0.0
Adult,0.0,4.0,3.0,Underweight,Poor,0.0,5,3,-2,40.0
Adult,0.0,4.0,4.0,Normal,Fair,0.0,60,57,-3,5.0
Adult,0.0,4.0,4.0,Normal,Fair,2.0,4,5,1,25.0
Adult,0.0,4.0,4.0,Normal,Good,0.0,76,76,0,0.0
Adult,0.0,4.0,4.0,Normal,Poor,0.0,27,28,1,3.7
Adult,0.0,4.0,4.0,Normal,Poor,2.0,3,2,-1,33.33
Adult,0.0,4.0,4.0,Obese,Fair,0.0,119,119,0,0.0
Adult,0.0,4.0,4.0,Obese,Fair,1.0,4,3,-1,25.0
Adult,0.0,4.0,4.0,Obese,Fair,2.0,34,32,-2,5.88
Adult,0.0,4.0,4.0,Obese,Good,0.0,97,97,0,0.0
Adult,0.0,4.0,4.0,Obese,Good,1.0,2,2,0,0.0
Adult,0.0,4.0,4.0,Obese,Good,2.0,11,6,-5,45.45
Adult,0.0,4.0,4.0,Obese,Poor,0.0,80,77,-3,3.75
Adult,0.0,4.0,4.0,Obese,Poor,1.0,6,7,1,16.67
Adult,0.0,4.0,4.0,Obese,Poor,2.0,59,60,1,1.69
Adult,0.0,4.0,4.0,Overweight,Fair,0.0,90,89,-1,1.11
Adult,0.0,4.0,4.0,Overweight,Fair,1.0,5,7,2,40.0
Adult,0.0,4.0,4.0,Overweight,Fair,2.0,9,7,-2,22.22
Adult,0.0,4.0,4.0,Overweight,Good,0.0,108,107,-1,0.93
Adult,0.0,4.0,4.0,Overweight,Good,2.0,1,0,-1,100.0
Adult,0.0,4.0,4.0,Overweight,Poor,0.0,51,51,0,0.0
Adult,0.0,4.0,4.0,Overweight,Poor,1.0,2,2,0,0.0
Adult,0.0,4.0,4.0,Overweight,Poor,2.0,26,24,-2,7.69
Adult,0.0,4.0,4.0,Underweight,Good,0.0,5,5,0,0.0
Adult,0.0,4.0,4.0,Underweight,Poor,0.0,8,8,0,0.0
Adult,0.0,4.0,4.0,Underweight,Poor,2.0,1,1,0,0.0
Adult,0.0,4.0,5.0,Normal,Fair,0.0,71,70,-1,1.41
Adult,0.0,4.0,5.0,Normal,Fair,1.0,1,2,1,100.0
Adult,0.0,4.0,5.0,Normal,Fair,2.0,1,1,0,0.0
Adult,0.0,4.0,5.0,Normal,Good,0.0,112,113,1,0.89
Adult,0.0,4.0,5.0,Normal,Good,2.0,1,1,0,0.0
Adult,0.0,4.0,5.0,Normal,Poor,0.0,21,20,-1,4.76
Adult,0.0,4.0,5.0,Normal,Poor,1.0,1,1,0,0.0
Adult,0.0,4.0,5.0,Normal,Poor,2.0,5,4,-1,20.0
Adult,0.0,4.0,5.0,Obese,Fair,0.0,155,155,0,0.0
Adult,0.0,4.0,5.0,Obese,Fair,1.0,6,6,0,0.0
Adult,0.0,4.0,5.0,Obese,Fair,2.0,42,45,3,7.14
Adult,0.0,4.0,5.0,Obese,Good,0.0,127,127,0,0.0
Adult,0.0,4.0,5.0,Obese,Good,1.0,2,0,-2,100.0
Adult,0.0,4.0,5.0,Obese,Good,2.0,13,12,-1,7.69
Adult,0.0,4.0,5.0,Obese,Poor,0.0,68,64,-4,5.88
Adult,0.0,4.0,5.0,Obese,Poor,1.0,4,5,1,25.0
Adult,0.0,4.0,5.0,Obese,Poor,2.0,39,38,-1,2.56
Adult,0.0,4.0,5.0,Overweight,Fair,0.0,73,71,-2,2.74
Adult,0.0,4.0,5.0,Overweight,Fair,1.0,2,3,1,50.0
Adult,0.0,4.0,5.0,Overweight,Fair,2.0,8,7,-1,12.5
Adult,0.0,4.0,5.0,Overweight,Good,0.0,134,132,-2,1.49
Adult,0.0,4.0,5.0,Overweight,Good,1.0,1,3,2,200.0
Adult,0.0,4.0,5.0,Overweight,Good,2.0,3,2,-1,33.33
Adult,0.0,4.0,5.0,Overweight,Poor,0.0,31,31,0,0.0
Adult,0.0,4.0,5.0,Overweight,Poor,1.0,2,2,0,0.0
Adult,0.0,4.0,5.0,Overweight,Poor,2.0,7,7,0,0.0
Adult,0.0,4.0,6.0,Normal,Fair,0.0,77,76,-1,1.3
Adult,0.0,4.0,6.0,Normal,Good,0.0,156,157,1,0.64
Adult,0.0,4.0,6.0,Normal,Good,1.0,2,2,0,0.0
Adult,0.0,4.0,6.0,Normal,Good,2.0,2,3,1,50.0
Adult,0.0,4.0,6.0,Normal,Poor,0.0,28,28,0,0.0
Adult,0.0,4.0,6.0,Normal,Poor,1.0,2,1,-1,50.0
Adult,0.0,4.0,6.0,Normal,Poor,2.0,6,5,-1,16.67
Adult,0.0,4.0,6.0,Obese,Fair,0.0,176,175,-1,0.57
Adult,0.0,4.0,6.0,Obese,Fair,1.0,3,2,-1,33.33
Adult,0.0,4.0,6.0,Obese,Fair,2.0,28,26,-2,7.14
Adult,0.0,4.0,6.0,Obese,Good,0.0,177,176,-1,0.56
Adult,0.0,4.0,6.0,Obese,Good,1.0,5,6,1,20.0
Adult,0.0,4.0,6.0,Obese,Good,2.0,15,15,0,0.0
Adult,0.0,4.0,6.0,Obese,Poor,0.0,84,84,0,0.0
Adult,0.0,4.0,6.0,Obese,Poor,1.0,5,5,0,0.0
Adult,0.0,4.0,6.0,Obese,Poor,2.0,35,35,0,0.0
Adult,0.0,4.0,6.0,Overweight,Fair,0.0,115,116,1,0.87
Adult,0.0,4.0,6.0,Overweight,Fair,1.0,2,0,-2,100.0
Adult,0.0,4.0,6.0,Overweight,Fair,2.0,16,16,0,0.0
Adult,0.0,4.0,6.0,Overweight,Good,0.0,189,191,2,1.06
Adult,0.0,4.0,6.0,Overweight,Good,1.0,1,3,2,200.0
Adult,0.0,4.0,6.0,Overweight,Good,2.0,5,8,3,60.0
Adult,0.0,4.0,6.0,Overweight,Poor,0.0,35,37,2,5.71
Adult,0.0,4.0,6.0,Overweight,Poor,1.0,1,2,1,100.0
Adult,0.0,4.0,6.0,Overweight,Poor,2.0,7,6,-1,14.29
Adult,0.0,4.0,6.0,Underweight,Fair,0.0,6,9,3,50.0
Adult,0.0,4.0,6.0,Underweight,Good,0.0,12,14,2,16.67
Adult,0.0,4.0,7.0,Normal,Fair,0.0,73,75,2,2.74
Adult,0.0,4.0,7.0,Normal,Fair,2.0,1,0,-1,100.0
Adult,0.0,4.0,7.0,Normal,Good,0.0,206,206,0,0.0
Adult,0.0,4.0,7.0,Normal,Good,1.0,1,0,-1,100.0
Adult,0.0,4.0,7.0,Normal,Poor,0.0,27,25,-2,7.41
Adult,0.0,4.0,7.0,Normal,Poor,1.0,1,1,0,0.0
Adult,0.0,4.0,7.0,Normal,Poor,2.0,2,2,0,0.0
Adult,0.0,4.0,7.0,Obese,Fair,0.0,170,171,1,0.59
Adult,0.0,4.0,7.0,Obese,Fair,1.0,4,2,-2,50.0
Adult,0.0,4.0,7.0,Obese,Fair,2.0,32,33,1,3.12
Adult,0.0,4.0,7.0,Obese,Good,0.0,188,189,1,0.53
Adult,0.0,4.0,7.0,Obese,Good,1.0,4,4,0,0.0
Adult,0.0,4.0,7.0,Obese,Good,2.0,14,12,-2,14.29
Adult,0.0,4.0,7.0,Obese,Poor,0.0,63,67,4,6.35
Adult,0.0,4.0,7.0,Obese,Poor,1.0,3,3,0,0.0
Adult,0.0,4.0,7.0,Obese,Poor,2.0,44,44,0,0.0
Adult,0.0,4.0,7.0,Overweight,Fair,0.0,107,105,-2,1.87
Adult,0.0,4.0,7.0,Overweight,Fair,1.0,3,4,1,33.33
Adult,0.0,4.0,7.0,Overweight,Fair,2.0,10,11,1,10.0
Adult,0.0,4.0,7.0,Overweight,Good,0.0,228,228,0,0.0
Adult,0.0,4.0,7.0,Overweight,Good,1.0,1,1,0,0.0
Adult,0.0,4.0,7.0,Overweight,Good,2.0,6,5,-1,16.67
Adult,0.0,4.0,7.0,Overweight,Poor,0.0,31,31,0,0.0
Adult,0.0,4.0,7.0,Overweight,Poor,2.0,8,8,0,0.0
Adult,0.0,4.0,7.0,Underweight,Fair,0.0,4,4,0,0.0
Adult,0.0,4.0,7.0,Underweight,Fair,1.0,1,0,-1,100.0
Adult,0.0,4.0,7.0,Underweight,Good,0.0,8,8,0,0.0
Adult,0.0,4.0,8.0,Normal,Fair,0.0,99,100,1,1.01
Adult,0.0,4.0,8.0,Normal,Fair,1.0,1,2,1,100.0
Adult,0.0,4.0,8.0,Normal,Fair,2.0,4,4,0,0.0
Adult,0.0,4.0,8.0,Normal,Good,0.0,422,422,0,0.0
Adult,0.0,4.0,8.0,Normal,Good,1.0,2,0,-2,100.0
Adult,0.0,4.0,8.0,Normal,Good,2.0,1,1,0,0.0
Adult,0.0,4.0,8.0,Normal,Poor,0.0,23,22,-1,4.35
Adult,0.0,4.0,8.0,Normal,Poor,1.0,1,0,-1,100.0
Adult,0.0,4.0,8.0,Normal,Poor,2.0,3,4,1,33.33
Adult,0.0,4.0,8.0,Obese,Fair,0.0,187,189,2,1.07
Adult,0.0,4.0,8.0,Obese,Fair,1.0,4,5,1,25.0
Adult,0.0,4.0,8.0,Obese,Fair,2.0,31,29,-2,6.45
Adult,0.0,4.0,8.0,Obese,Good,0.0,242,242,0,0.0
Adult,0.0,4.0,8.0,Obese,Good,1.0,4,4,0,0.0
Adult,0.0,4.0,8.0,Obese,Good,2.0,8,8,0,0.0
Adult,0.0,4.0,8.0,Obese,Poor,0.0,46,46,0,0.0
Adult,0.0,4.0,8.0,Obese,Poor,1.0,2,3,1,50.0
Adult,0.0,4.0,8.0,Obese,Poor,2.0,19,18,-1,5.26
Adult,0.0,4.0,8.0,Overweight,Fair,0.0,133,134,1,0.75
Adult,0.0,4.0,8.0,Overweight,Fair,2.0,14,12,-2,14.29
Adult,0.0,4.0,8.0,Overweight,Good,0.0,382,383,1,0.26
Adult,0.0,4.0,8.0,Overweight,Good,1.0,1,1,0,0.0
Adult,0.0,4.0,8.0,Overweight,Good,2.0,14,14,0,0.0
Adult,0.0,4.0,8.0,Overweight,Poor,0.0,37,37,0,0.0
Adult,0.0,4.0,8.0,Overweight,Poor,1.0,2,2,0,0.0
Adult,0.0,4.0,8.0,Overweight,Poor,2.0,8,8,0,0.0
Adult,0.0,4.0,8.0,Underweight,Good,0.0,15,17,2,13.33
Adult,0.0,4.0,8.0,Underweight,Poor,0.0,5,6,1,20.0
Adult,0.0,4.0,8.0,Underweight,Poor,2.0,1,2,1,100.0
Adult,0.0,5.0,1.0,Normal,Fair,0.0,33,33,0,0.0
Adult,0.0,5.0,1.0,Normal,Fair,1.0,1,2,1,100.0
Adult,0.0,5.0,1.0,Normal,Fair,2.0,3,5,2,66.67
Adult,0.0,5.0,1.0,Normal,Good,0.0,33,32,-1,3.03
Adult,0.0,5.0,1.0,Normal,Poor,0.0,45,44,-1,2.22
Adult,0.0,5.0,1.0,Normal,Poor,2.0,5,3,-2,40.0
Adult,0.0,5.0,1.0,Obese,Fair,0.0,56,54,-2,3.57
Adult,0.0,5.0,1.0,Obese,Fair,1.0,4,4,0,0.0
Adult,0.0,5.0,1.0,Obese,Fair,2.0,24,23,-1,4.17
Adult,0.0,5.0,1.0,Obese,Good,0.0,43,44,1,2.33
Adult,0.0,5.0,1.0,Obese,Good,1.0,1,0,-1,100.0
Adult,0.0,5.0,1.0,Obese,Good,2.0,5,4,-1,20.0
Adult,0.0,5.0,1.0,Obese,Poor,0.0,116,117,1,0.86
Adult,0.0,5.0,1.0,Obese,Poor,1.0,5,6,1,20.0
Adult,0.0,5.0,1.0,Obese,Poor,2.0,59,61,2,3.39
Adult,0.0,5.0,1.0,Overweight,Fair,0.0,47,48,1,2.13
Adult,0.0,5.0,1.0,Overweight,Fair,2.0,5,5,0,0.0
Adult,0.0,5.0,1.0,Overweight,Good,0.0,33,33,0,0.0
Adult,0.0,5.0,1.0,Overweight,Good,1.0,1,2,1,100.0
Adult,0.0,5.0,1.0,Overweight,Good,2.0,1,0,-1,100.0
Adult,0.0,5.0,1.0,Overweight,Poor,0.0,42,43,1,2.38
Adult,0.0,5.0,1.0,Overweight,Poor,1.0,3,2,-1,33.33
Adult,0.0,5.0,1.0,Overweight,Poor,2.0,21,20,-1,4.76
Adult,0.0,5.0,1.0,Underweight,Poor,0.0,5,4,-1,20.0
Adult,0.0,5.0,2.0,Normal,Fair,0.0,35,36,1,2.86
Adult,0.0,5.0,2.0,Normal,Fair,1.0,1,0,-1,100.0
Adult,0.0,5.0,2.0,Normal,Good,0.0,30,30,0,0.0
Adult,0.0,5.0,2.0,Normal,Poor,0.0,37,36,-1,2.7
Adult,0.0,5.0,2.0,Normal,Poor,1.0,2,3,1,50.0
Adult,0.0,5.0,2.0,Normal,Poor,2.0,7,8,1,14.29
Adult,0.0,5.0,2.0,Obese,Fair,0.0,62,62,0,0.0
Adult,0.0,5.0,2.0,Obese,Fair,1.0,1,2,1,100.0
Adult,0.0,5.0,2.0,Obese,Fair,2.0,19,18,-1,5.26
Adult,0.0,5.0,2.0,Obese,Good,0.0,36,34,-2,5.56
Adult,0.0,5.0,2.0,Obese,Good,2.0,4,4,0,0.0
Adult,0.0,5.0,2.0,Obese,Poor,0.0,98,99,1,1.02
Adult,0.0,5.0,2.0,Obese,Poor,1.0,2,5,3,150.0
Adult,0.0,5.0,2.0,Obese,Poor,2.0,66,65,-1,1.52
Adult,0.0,5.0,2.0,Overweight,Fair,0.0,36,34,-2,5.56
Adult,0.0,5.0,2.0,Overweight,Fair,2.0,6,6,0,0.0
Adult,0.0,5.0,2.0,Overweight,Good,0.0,25,25,0,0.0
Adult,0.0,5.0,2.0,Overweight,Good,2.0,2,0,-2,100.0
Adult,0.0,5.0,2.0,Overweight,Poor,0.0,51,52,1,1.96
Adult,0.0,5.0,2.0,Overweight,Poor,1.0,1,2,1,100.0
Adult,0.0,5.0,2.0,Overweight,Poor,2.0,12,13,1,8.33
Adult,0.0,5.0,2.0,Underweight,Fair,0.0,5,6,1,20.0
Adult,0.0,5.0,3.0,Normal,Fair,0.0,41,39,-2,4.88
Adult,0.0,5.0,3.0,Normal,Fair,1.0,1,1,0,0.0
Adult,0.0,5.0,3.0,Normal,Good,0.0,67,66,-1,1.49
Adult,0.0,5.0,3.0,Normal,Good,1.0,1,1,0,0.0
Adult,0.0,5.0,3.0,Normal,Good,2.0,2,3,1,50.0
Adult,0.0,5.0,3.0,Normal,Poor,0.0,31,32,1,3.23
Adult,0.0,5.0,3.0,Obese,Fair,0.0,98,96,-2,2.04
Adult,0.0,5.0,3.0,Obese,Fair,1.0,6,2,-4,66.67
Adult,0.0,5.0,3.0,Obese,Fair,2.0,33,35,2,6.06
Adult,0.0,5.0,3.0,Obese,Good,0.0,68,66,-2,2.94
Adult,0.0,5.0,3.0,Obese,Good,1.0,2,0,-2,100.0
Adult,0.0,5.0,3.0,Obese,Good,2.0,7,6,-1,14.29
Adult,0.0,5.0,3.0,Obese,Poor,0.0,99,100,1,1.01
Adult,0.0,5.0,3.0,Obese,Poor,1.0,4,4,0,0.0
Adult,0.0,5.0,3.0,Obese,Poor,2.0,56,57,1,1.79
Adult,0.0,5.0,3.0,Overweight,Fair,0.0,59,61,2,3.39
Adult,0.0,5.0,3.0,Overweight,Fair,1.0,1,1,0,0.0
Adult,0.0,5.0,3.0,Overweight,Fair,2.0,6,3,-3,50.0
Adult,0.0,5.0,3.0,Overweight,Good,0.0,68,68,0,0.0
Adult,0.0,5.0,3.0,Overweight,Good,2.0,3,3,0,0.0
Adult,0.0,5.0,3.0,Overweight,Poor,0.0,53,49,-4,7.55
Adult,0.0,5.0,3.0,Overweight,Poor,1.0,2,1,-1,50.0
Adult,0.0,5.0,3.0,Overweight,Poor,2.0,9,9,0,0.0
Adult,0.0,5.0,3.0,Underweight,Poor,0.0,6,5,-1,16.67
Adult,0.0,5.0,3.0,Underweight,Poor,2.0,1,1,0,0.0
Adult,0.0,5.0,4.0,Normal,Fair,0.0,64,61,-3,4.69
Adult,0.0,5.0,4.0,Normal,Fair,1.0,1,0,-1,100.0
Adult,0.0,5.0,4.0,Normal,Fair,2.0,3,3,0,0.0
Adult,0.0,5.0,4.0,Normal,Good,0.0,85,84,-1,1.18
Adult,0.0,5.0,4.0,Normal,Good,2.0,3,3,0,0.0
Adult,0.0,5.0,4.0,Normal,Poor,0.0,34,32,-2,5.88
Adult,0.0,5.0,4.0,Normal,Poor,1.0,4,4,0,0.0
Adult,0.0,5.0,4.0,Normal,Poor,2.0,3,4,1,33.33
Adult,0.0,5.0,4.0,Obese,Fair,0.0,147,146,-1,0.68
Adult,0.0,5.0,4.0,Obese,Fair,1.0,5,4,-1,20.0
Adult,0.0,5.0,4.0,Obese,Fair,2.0,21,21,0,0.0
Adult,0.0,5.0,4.0,Obese,Good,0.0,100,100,0,0.0
Adult,0.0,5.0,4.0,Obese,Good,2.0,10,10,0,0.0
Adult,0.0,5.0,4.0,Obese,Poor,0.0,101,104,3,2.97
Adult,0.0,5.0,4.0,Obese,Poor,1.0,5,3,-2,40.0
Adult,0.0,5.0,4.0,Obese,Poor,2.0,65,65,0,0.0
Adult,0.0,5.0,4.0,Overweight,Fair,0.0,70,70,0,0.0
Adult,0.0,5.0,4.0,Overweight,Fair,2.0,10,7,-3,30.0
Adult,0.0,5.0,4.0,Overweight,Good,0.0,100,95,-5,5.0
Adult,0.0,5.0,4.0,Overweight,Good,1.0,1,2,1,100.0
Adult,0.0,5.0,4.0,Overweight,Good,2.0,2,2,0,0.0
Adult,0.0,5.0,4.0,Overweight,Poor,0.0,40,37,-3,7.5
Adult,0.0,5.0,4.0,Overweight,Poor,1.0,6,4,-2,33.33
Adult,0.0,5.0,4.0,Overweight,Poor,2.0,5,4,-1,20.0
Adult,0.0,5.0,4.0,Underweight,Fair,0.0,6,5,-1,16.67
Adult,0.0,5.0,4.0,Underweight,Good,0.0,5,6,1,20.0
Adult,0.0,5.0,4.0,Underweight,Good,2.0,1,2,1,100.0
Adult,0.0,5.0,5.0,Normal,Fair,0.0,64,64,0,0.0
Adult,0.0,5.0,5.0,Normal,Fair,1.0,1,1,0,0.0
Adult,0.0,5.0,5.0,Normal,Fair,2.0,3,3,0,0.0
Adult,0.0,5.0,5.0,Normal,Good,0.0,132,133,1,0.76
Adult,0.0,5.0,5.0,Normal,Good,2.0,2,3,1,50.0
Adult,0.0,5.0,5.0,Normal,Poor,0.0,34,34,0,0.0
Adult,0.0,5.0,5.0,Normal,Poor,1.0,1,2,1,100.0
Adult,0.0,5.0,5.0,Normal,Poor,2.0,4,4,0,0.0
Adult,0.0,5.0,5.0,Obese,Fair,0.0,181,182,1,0.55
Adult,0.0,5.0,5.0,Obese,Fair,1.0,5,4,-1,20.0
Adult,0.0,5.0,5.0,Obese,Fair,2.0,35,35,0,0.0
Adult,0.0,5.0,5.0,Obese,Good,0.0,165,165,0,0.0
Adult,0.0,5.0,5.0,Obese,Good,1.0,3,4,1,33.33
Adult,0.0,5.0,5.0,Obese,Good,2.0,12,12,0,0.0
Adult,0.0,5.0,5.0,Obese,Poor,0.0,90,89,-1,1.11
Adult,0.0,5.0,5.0,Obese,Poor,1.0,6,6,0,0.0
Adult,0.0,5.0,5.0,Obese,Poor,2.0,55,55,0,0.0
Adult,0.0,5.0,5.0,Overweight,Fair,0.0,110,110,0,0.0
Adult,0.0,5.0,5.0,Overweight,Fair,1.0,1,1,0,0.0
Adult,0.0,5.0,5.0,Overweight,Fair,2.0,5,7,2,40.0
Adult,0.0,5.0,5.0,Overweight,Good,0.0,163,161,-2,1.23
Adult,0.0,5.0,5.0,Overweight,Good,2.0,5,5,0,0.0
Adult,0.0,5.0,5.0,Overweight,Poor,0.0,54,53,-1,1.85
Adult,0.0,5.0,5.0,Overweight,Poor,1.0,1,4,3,300.0
Adult,0.0,5.0,5.0,Overweight,Poor,2.0,9,9,0,0.0
Adult,0.0,5.0,5.0,Underweight,Good,0.0,5,8,3,60.0
Adult,0.0,5.0,5.0,Underweight,Poor,0.0,8,9,1,12.5
Adult,0.0,5.0,6.0,Normal,Fair,0.0,85,86,1,1.18
Adult,0.0,5.0,6.0,Normal,Fair,2.0,5,5,0,0.0
Adult,0.0,5.0,6.0,Normal,Good,0.0,268,269,1,0.37
Adult,0.0,5.0,6.0,Normal,Poor,0.0,26,27,1,3.85
Adult,0.0,5.0,6.0,Normal,Poor,1.0,2,1,-1,50.0
Adult,0.0,5.0,6.0,Normal,Poor,2.0,3,4,1,33.33
Adult,0.0,5.0,6.0,Obese,Fair,0.0,286,285,-1,0.35
Adult,0.0,5.0,6.0,Obese,Fair,1.0,7,5,-2,28.57
Adult,0.0,5.0,6.0,Obese,Fair,2.0,51,51,0,0.0
Adult,0.0,5.0,6.0,Obese,Good,0.0,272,271,-1,0.37
Adult,0.0,5.0,6.0,Obese,Good,1.0,3,3,0,0.0
Adult,0.0,5.0,6.0,Obese,Good,2.0,19,18,-1,5.26
Adult,0.0,5.0,6.0,Obese,Poor,0.0,86,87,1,1.16
Adult,0.0,5.0,6.0,Obese,Poor,1.0,2,3,1,50.0
Adult,0.0,5.0,6.0,Obese,Poor,2.0,53,52,-1,1.89
Adult,0.0,5.0,6.0,Overweight,Fair,0.0,138,139,1,0.72
Adult,0.0,5.0,6.0,Overweight,Fair,1.0,3,0,-3,100.0
Adult,0.0,5.0,6.0,Overweight,Fair,2.0,8,8,0,0.0
Adult,0.0,5.0,6.0,Overweight,Good,0.0,278,278,0,0.0
Adult,0.0,5.0,6.0,Overweight,Good,1.0,3,2,-1,33.33
Adult,0.0,5.0,6.0,Overweight,Good,2.0,8,7,-1,12.5
Adult,0.0,5.0,6.0,Overweight,Poor,0.0,61,62,1,1.64
Adult,0.0,5.0,6.0,Overweight,Poor,1.0,1,0,-1,100.0
Adult,0.0,5.0,6.0,Overweight,Poor,2.0,11,12,1,9.09
Adult,0.0,5.0,6.0,Underweight,Fair,0.0,5,3,-2,40.0
Adult,0.0,5.0,6.0,Underweight,Good,0.0,8,7,-1,12.5
Adult,0.0,5.0,7.0,Normal,Fair,0.0,95,98,3,3.16
Adult,0.0,5.0,7.0,Normal,Fair,1.0,1,2,1,100.0
Adult,0.0,5.0,7.0,Normal,Fair,2.0,7,7,0,0.0
Adult,0.0,5.0,7.0,Normal,Good,0.0,431,431,0,0.0
Adult,0.0,5.0,7.0,Normal,Good,1.0,3,1,-2,66.67
Adult,0.0,5.0,7.0,Normal,Good,2.0,3,3,0,0.0
Adult,0.0,5.0,7.0,Normal,Poor,0.0,26,25,-1,3.85
Adult,0.0,5.0,7.0,Normal,Poor,1.0,1,2,1,100.0
Adult,0.0,5.0,7.0,Normal,Poor,2.0,5,7,2,40.0
Adult,0.0,5.0,7.0,Obese,Fair,0.0,295,295,0,0.0
Adult,0.0,5.0,7.0,Obese,Fair,1.0,7,8,1,14.29
Adult,0.0,5.0,7.0,Obese,Fair,2.0,61,61,0,0.0
Adult,0.0,5.0,7.0,Obese,Good,0.0,395,395,0,0.0
Adult,0.0,5.0,7.0,Obese,Good,1.0,4,5,1,25.0
Adult,0.0,5.0,7.0,Obese,Good,2.0,22,22,0,0.0
Adult,0.0,5.0,7.0,Obese,Poor,0.0,106,101,-5,4.72
Adult,0.0,5.0,7.0,Obese,Poor,1.0,3,3,0,0.0
Adult,0.0,5.0,7.0,Obese,Poor,2.0,40,40,0,0.0
Adult,0.0,5.0,7.0,Overweight,Fair,0.0,193,192,-1,0.52
Adult,0.0,5.0,7.0,Overweight,Fair,1.0,1,1,0,0.0
Adult,0.0,5.0,7.0,Overweight,Fair,2.0,15,15,0,0.0
Adult,0.0,5.0,7.0,Overweight,Good,0.0,476,479,3,0.63
Adult,0.0,5.0,7.0,Overweight,Good,1.0,1,0,-1,100.0
Adult,0.0,5.0,7.0,Overweight,Good,2.0,9,9,0,0.0
Adult,0.0,5.0,7.0,Overweight,Poor,0.0,46,47,1,2.17
Adult,0.0,5.0,7.0,Overweight,Poor,1.0,4,10,6,150.0
Adult,0.0,5.0,7.0,Overweight,Poor,2.0,11,11,0,0.0
Adult,0.0,5.0,7.0,Underweight,Fair,0.0,7,8,1,14.29
Adult,0.0,5.0,7.0,Underweight,Good,0.0,9,8,-1,11.11
Adult,0.0,5.0,8.0,Normal,Fair,0.0,180,181,1,0.56
Adult,0.0,5.0,8.0,Normal,Fair,1.0,3,6,3,100.0
Adult,0.0,5.0,8.0,Normal,Fair,2.0,13,14,1,7.69
Adult,0.0,5.0,8.0,Normal,Good,0.0,1110,1111,1,0.09
Adult,0.0,5.0,8.0,Normal,Good,1.0,3,3,0,0.0
Adult,0.0,5.0,8.0,Normal,Good,2.0,12,12,0,0.0
Adult,0.0,5.0,8.0,Normal,Poor,0.0,45,45,0,0.0
Adult,0.0,5.0,8.0,Normal,Poor,2.0,3,5,2,66.67
Adult,0.0,5.0,8.0,Obese,Fair,0.0,370,369,-1,0.27
Adult,0.0,5.0,8.0,Obese,Fair,1.0,15,11,-4,26.67
Adult,0.0,5.0,8.0,Obese,Fair,2.0,66,65,-1,1.52
Adult,0.0,5.0,8.0,Obese,Good,0.0,617,619,2,0.32
Adult,0.0,5.0,8.0,Obese,Good,1.0,3,3,0,0.0
Adult,0.0,5.0,8.0,Obese,Good,2.0,33,34,1,3.03
Adult,0.0,5.0,8.0,Obese,Poor,0.0,93,92,-1,1.08
Adult,0.0,5.0,8.0,Obese,Poor,1.0,4,4,0,0.0
Adult,0.0,5.0,8.0,Obese,Poor,2.0,32,32,0,0.0
Adult,0.0,5.0,8.0,Overweight,Fair,0.0,317,318,1,0.32
Adult,0.0,5.0,8.0,Overweight,Fair,1.0,5,6,1,20.0
Adult,0.0,5.0,8.0,Overweight,Fair,2.0,21,21,0,0.0
Adult,0.0,5.0,8.0,Overweight,Good,0.0,959,959,0,0.0
Adult,0.0,5.0,8.0,Overweight,Good,1.0,6,6,0,0.0
Adult,0.0,5.0,8.0,Overweight,Good,2.0,20,20,0,0.0
Adult,0.0,5.0,8.0,Overweight,Poor,0.0,62,61,-1,1.61
Adult,0.0,5.0,8.0,Overweight,Poor,1.0,1,0,-1,100.0
Adult,0.0,5.0,8.0,Overweight,Poor,2.0,12,11,-1,8.33
Adult,0.0,5.0,8.0,Underweight,Fair,0.0,6,5,-1,16.67
Adult,0.0,5.0,8.0,Underweight,Fair,2.0,1,1,0,0.0
Adult,0.0,5.0,8.0,Underweight,Good,0.0,31,30,-1,3.23
Adult,0.0,6.0,1.0,Normal,Fair,0.0,16,17,1,6.25
Adult,0.0,6.0,1.0,Normal,Fair,2.0,1,1,0,0.0
Adult,0.0,6.0,1.0,Normal,Good,0.0,34,34,0,0.0
Adult,0.0,6.0,1.0,Normal,Good,2.0,1,1,0,0.0
Adult,0.0,6.0,1.0,Normal,Poor,0.0,14,11,-3,21.43
Adult,0.0,6.0,1.0,Normal,Poor,2.0,3,4,1,33.33
Adult,0.0,6.0,1.0,Obese,Fair,0.0,27,26,-1,3.7
Adult,0.0,6.0,1.0,Obese,Fair,1.0,3,8,5,166.67
Adult,0.0,6.0,1.0,Obese,Fair,2.0,8,8,0,0.0
Adult,0.0,6.0,1.0,Obese,Good,0.0,20,19,-1,5.0
Adult,0.0,6.0,1.0,Obese,Good,2.0,1,0,-1,100.0
Adult,0.0,6.0,1.0,Obese,Poor,0.0,30,31,1,3.33
Adult,0.0,6.0,1.0,Obese,Poor,1.0,4,4,0,0.0
Adult,0.0,6.0,1.0,Obese,Poor,2.0,21,21,0,0.0
Adult,0.0,6.0,1.0,Overweight,Fair,0.0,19,20,1,5.26
Adult,0.0,6.0,1.0,Overweight,Good,0.0,22,22,0,0.0
Adult,0.0,6.0,1.0,Overweight,Good,1.0,1,2,1,100.0
Adult,0.0,6.0,1.0,Overweight,Poor,0.0,19,19,0,0.0
Adult,0.0,6.0,1.0,Overweight,Poor,2.0,6,5,-1,16.67
Adult,0.0,6.0,2.0,Normal,Fair,0.0,16,16,0,0.0
Adult,0.0,6.0,2.0,Normal,Good,0.0,24,24,0,0.0
Adult,0.0,6.0,2.0,Normal,Good,2.0,3,5,2,66.67
Adult,0.0,6.0,2.0,Normal,Poor,0.0,14,16,2,14.29
Adult,0.0,6.0,2.0,Normal,Poor,2.0,1,1,0,0.0
Adult,0.0,6.0,2.0,Obese,Fair,0.0,15,14,-1,6.67
Adult,0.0,6.0,2.0,Obese,Fair,1.0,1,3,2,200.0
Adult,0.0,6.0,2.0,Obese,Fair,2.0,4,1,-3,75.0
Adult,0.0,6.0,2.0,Obese,Good,0.0,21,21,0,0.0
Adult,0.0,6.0,2.0,Obese,Good,2.0,4,3,-1,25.0
Adult,0.0,6.0,2.0,Obese,Poor,0.0,31,30,-1,3.23
Adult,0.0,6.0,2.0,Obese,Poor,1.0,2,1,-1,50.0
Adult,0.0,6.0,2.0,Obese,Poor,2.0,23,24,1,4.35
Adult,0.0,6.0,2.0,Overweight,Fair,0.0,20,20,0,0.0
Adult,0.0,6.0,2.0,Overweight,Fair,2.0,2,4,2,100.0
Adult,0.0,6.0,2.0,Overweight,Good,0.0,23,23,0,0.0
Adult,0.0,6.0,2.0,Overweight,Good,2.0,1,2,1,100.0
Adult,0.0,6.0,2.0,Overweight,Poor,0.0,12,12,0,0.0
Adult,0.0,6.0,2.0,Overweight,Poor,2.0,4,5,1,25.0
Adult,0.0,6.0,3.0,Normal,Fair,0.0,28,29,1,3.57
Adult,0.0,6.0,3.0,Normal,Fair,1.0,1,1,0,0.0
Adult,0.0,6.0,3.0,Normal,Fair,2.0,1,2,1,100.0
Adult,0.0,6.0,3.0,Normal,Good,0.0,58,58,0,0.0
Adult,0.0,6.0,3.0,Normal,Good,1.0,1,2,1,100.0
Adult,0.0,6.0,3.0,Normal,Good,2.0,1,0,-1,100.0
Adult,0.0,6.0,3.0,Normal,Poor,0.0,14,14,0,0.0
Adult,0.0,6.0,3.0,Normal,Poor,2.0,5,4,-1,20.0
Adult,0.0,6.0,3.0,Obese,Fair,0.0,46,47,1,2.17
Adult,0.0,6.0,3.0,Obese,Fair,1.0,2,3,1,50.0
Adult,0.0,6.0,3.0,Obese,Fair,2.0,11,9,-2,18.18
Adult,0.0,6.0,3.0,Obese,Good,0.0,22,21,-1,4.55
Adult,0.0,6.0,3.0,Obese,Good,1.0,1,1,0,0.0
Adult,0.0,6.0,3.0,Obese,Good,2.0,3,3,0,0.0
Adult,0.0,6.0,3.0,Obese,Poor,0.0,24,26,2,8.33
Adult,0.0,6.0,3.0,Obese,Poor,1.0,3,2,-1,33.33
Adult,0.0,6.0,3.0,Obese,Poor,2.0,19,18,-1,5.26
Adult,0.0,6.0,3.0,Overweight,Fair,0.0,25,25,0,0.0
Adult,0.0,6.0,3.0,Overweight,Fair,1.0,1,1,0,0.0
Adult,0.0,6.0,3.0,Overweight,Fair,2.0,5,6,1,20.0
Adult,0.0,6.0,3.0,Overweight,Good,0.0,48,48,0,0.0
Adult,0.0,6.0,3.0,Overweight,Good,1.0,1,1,0,0.0
Adult,0.0,6.0,3.0,Overweight,Good,2.0,1,0,-1,100.0
Adult,0.0,6.0,3.0,Overweight,Poor,0.0,15,16,1,6.67
Adult,0.0,6.0,3.0,Overweight,Poor,1.0,1,2,1,100.0
Adult,0.0,6.0,3.0,Overweight,Poor,2.0,11,10,-1,9.09
Adult,0.0,6.0,4.0,Normal,Fair,0.0,50,52,2,4.0
Adult,0.0,6.0,4.0,Normal,Fair,2.0,2,1,-1,50.0
Adult,0.0,6.0,4.0,Normal,Good,0.0,72,70,-2,2.78
Adult,0.0,6.0,4.0,Normal,Good,2.0,2,3,1,50.0
Adult,0.0,6.0,4.0,Normal,Poor,0.0,16,14,-2,12.5
Adult,0.0,6.0,4.0,Normal,Poor,2.0,2,2,0,0.0
Adult,0.0,6.0,4.0,Obese,Fair,0.0,62,61,-1,1.61
Adult,0.0,6.0,4.0,Obese,Fair,1.0,6,7,1,16.67
Adult,0.0,6.0,4.0,Obese,Fair,2.0,20,19,-1,5.0
Adult,0.0,6.0,4.0,Obese,Good,0.0,53,53,0,0.0
Adult,0.0,6.0,4.0,Obese,Good,1.0,1,0,-1,100.0
Adult,0.0,6.0,4.0,Obese,Good,2.0,5,5,0,0.0
Adult,0.0,6.0,4.0,Obese,Poor,0.0,54,53,-1,1.85
Adult,0.0,6.0,4.0,Obese,Poor,1.0,2,2,0,0.0
Adult,0.0,6.0,4.0,Obese,Poor,2.0,20,19,-1,5.0
Adult,0.0,6.0,4.0,Overweight,Fair,0.0,45,45,0,0.0
Adult,0.0,6.0,4.0,Overweight,Fair,1.0,2,3,1,50.0
Adult,0.0,6.0,4.0,Overweight,Fair,2.0,2,4,2,100.0
Adult,0.0,6.0,4.0,Overweight,Good,0.0,62,63,1,1.61
Adult,0.0,6.0,4.0,Overweight,Good,2.0,2,2,0,0.0
Adult,0.0,6.0,4.0,Overweight,Poor,0.0,21,23,2,9.52
Adult,0.0,6.0,4.0,Overweight,Poor,1.0,1,1,0,0.0
Adult,0.0,6.0,4.0,Overweight,Poor,2.0,5,5,0,0.0
Adult,0.0,6.0,5.0,Normal,Fair,0.0,56,55,-1,1.79
Adult,0.0,6.0,5.0,Normal,Fair,1.0,1,4,3,300.0
Adult,0.0,6.0,5.0,Normal,Fair,2.0,2,3,1,50.0
Adult,0.0,6.0,5.0,Normal,Good,0.0,149,147,-2,1.34
Adult,0.0,6.0,5.0,Normal,Good,2.0,1,1,0,0.0
Adult,0.0,6.0,5.0,Normal,Poor,0.0,12,12,0,0.0
Adult,0.0,6.0,5.0,Normal,Poor,2.0,1,1,0,0.0
Adult,0.0,6.0,5.0,Obese,Fair,0.0,104,100,-4,3.85
Adult,0.0,6.0,5.0,Obese,Fair,1.0,1,2,1,100.0
Adult,0.0,6.0,5.0,Obese,Fair,2.0,18,19,1,5.56
Adult,0.0,6.0,5.0,Obese,Good,0.0,102,105,3,2.94
Adult,0.0,6.0,5.0,Obese,Good,1.0,1,1,0,0.0
Adult,0.0,6.0,5.0,Obese,Good,2.0,8,7,-1,12.5
Adult,0.0,6.0,5.0,Obese,Poor,0.0,51,50,-1,1.96
Adult,0.0,6.0,5.0,Obese,Poor,1.0,6,5,-1,16.67
Adult,0.0,6.0,5.0,Obese,Poor,2.0,29,29,0,0.0
Adult,0.0,6.0,5.0,Overweight,Fair,0.0,78,78,0,0.0
Adult,0.0,6.0,5.0,Overweight,Fair,1.0,2,2,0,0.0
Adult,0.0,6.0,5.0,Overweight,Fair,2.0,7,6,-1,14.29
Adult,0.0,6.0,5.0,Overweight,Good,0.0,131,130,-1,0.76
Adult,0.0,6.0,5.0,Overweight,Good,2.0,6,7,1,16.67
Adult,0.0,6.0,5.0,Overweight,Poor,0.0,25,25,0,0.0
Adult,0.0,6.0,5.0,Overweight,Poor,2.0,5,5,0,0.0
Adult,0.0,6.0,6.0,Normal,Fair,0.0,94,93,-1,1.06
Adult,0.0,6.0,6.0,Normal,Fair,1.0,1,0,-1,100.0
Adult,0.0,6.0,6.0,Normal,Fair,2.0,3,2,-1,33.33
Adult,0.0,6.0,6.0,Normal,Good,0.0,392,392,0,0.0
Adult,0.0,6.0,6.0,Normal,Good,1.0,3,5,2,66.67
Adult,0.0,6.0,6.0,Normal,Good,2.0,5,6,1,20.0
Adult,0.0,6.0,6.0,Normal,Poor,0.0,19,20,1,5.26
Adult,0.0,6.0,6.0,Normal,Poor,2.0,2,5,3,150.0
Adult,0.0,6.0,6.0,Obese,Fair,0.0,228,228,0,0.0
Adult,0.0,6.0,6.0,Obese,Fair,1.0,6,3,-3,50.0
Adult,0.0,6.0,6.0,Obese,Fair,2.0,40,37,-3,7.5
Adult,0.0,6.0,6.0,Obese,Good,0.0,265,266,1,0.38
Adult,0.0,6.0,6.0,Obese,Good,1.0,7,8,1,14.29
Adult,0.0,6.0,6.0,Obese,Good,2.0,8,5,-3,37.5
Adult,0.0,6.0,6.0,Obese,Poor,0.0,61,61,0,0.0
Adult,0.0,6.0,6.0,Obese,Poor,1.0,4,3,-1,25.0
Adult,0.0,6.0,6.0,Obese,Poor,2.0,30,30,0,0.0
Adult,0.0,6.0,6.0,Overweight,Fair,0.0,151,152,1,0.66
Adult,0.0,6.0,6.0,Overweight,Fair,1.0,4,4,0,0.0
Adult,0.0,6.0,6.0,Overweight,Fair,2.0,14,14,0,0.0
Adult,0.0,6.0,6.0,Overweight,Good,0.0,319,318,-1,0.31
Adult,0.0,6.0,6.0,Overweight,Good,1.0,3,4,1,33.33
Adult,0.0,6.0,6.0,Overweight,Good,2.0,5,6,1,20.0
Adult,0.0,6.0,6.0,Overweight,Poor,0.0,40,41,1,2.5
Adult,0.0,6.0,6.0,Overweight,Poor,2.0,7,7,0,0.0
Adult,0.0,6.0,6.0,Underweight,Fair,0.0,10,11,1,10.0
Adult,0.0,6.0,6.0,Underweight,Good,0.0,15,15,0,0.0
Adult,0.0,6.0,7.0,Normal,Fair,0.0,172,174,2,1.16
Adult,0.0,6.0,7.0,Normal,Fair,2.0,7,4,-3,42.86
Adult,0.0,6.0,7.0,Normal,Good,0.0,952,951,-1,0.11
Adult,0.0,6.0,7.0,Normal,Good,1.0,4,4,0,0.0
Adult,0.0,6.0,7.0,Normal,Good,2.0,5,4,-1,20.0
Adult,0.0,6.0,7.0,Normal,Poor,0.0,31,30,-1,3.23
Adult,0.0,6.0,7.0,Normal,Poor,1.0,1,0,-1,100.0
Adult,0.0,6.0,7.0,Normal,Poor,2.0,3,4,1,33.33
Adult,0.0,6.0,7.0,Obese,Fair,0.0,355,356,1,0.28
Adult,0.0,6.0,7.0,Obese,Fair,1.0,14,13,-1,7.14
Adult,0.0,6.0,7.0,Obese,Fair,2.0,48,47,-1,2.08
Adult,0.0,6.0,7.0,Obese,Good,0.0,554,554,0,0.0
Adult,0.0,6.0,7.0,Obese,Good,1.0,4,5,1,25.0
Adult,0.0,6.0,7.0,Obese,Good,2.0,15,16,1,6.67
Adult,0.0,6.0,7.0,Obese,Poor,0.0,92,92,0,0.0
Adult,0.0,6.0,7.0,Obese,Poor,1.0,4,4,0,0.0
Adult,0.0,6.0,7.0,Obese,Poor,2.0,37,37,0,0.0
Adult,0.0,6.0,7.0,Overweight,Fair,0.0,246,244,-2,0.81
Adult,0.0,6.0,7.0,Overweight,Fair,1.0,5,4,-1,20.0
Adult,0.0,6.0,7.0,Overweight,Fair,2.0,23,27,4,17.39
Adult,0.0,6.0,7.0,Overweight,Good,0.0,735,735,0,0.0
Adult,0.0,6.0,7.0,Overweight,Good,1.0,2,3,1,50.0
Adult,0.0,6.0,7.0,Overweight,Good,2.0,9,9,0,0.0
Adult,0.0,6.0,7.0,Overweight,Poor,0.0,49,50,1,2.04
Adult,0.0,6.0,7.0,Overweight,Poor,2.0,9,7,-2,22.22
Adult,0.0,6.0,7.0,Underweight,Good,0.0,21,21,0,0.0
Adult,0.0,6.0,7.0,Underweight,Poor,0.0,4,3,-1,25.0
Adult,0.0,6.0,7.0,Underweight,Poor,2.0,1,0,-1,100.0
Adult,0.0,6.0,8.0,Normal,Fair,0.0,596,596,0,0.0
Adult,0.0,6.0,8.0,Normal,Fair,1.0,10,9,-1,10.0
Adult,0.0,6.0,8.0,Normal,Fair,2.0,25,26,1,4.0
Adult,0.0,6.0,8.0,Normal,Good,0.0,5112,5112,0,0.0
Adult,0.0,6.0,8.0,Normal,Good,1.0,9,8,-1,11.11
Adult,0.0,6.0,8.0,Normal,Good,2.0,15,15,0,0.0
Adult,0.0,6.0,8.0,Normal,Poor,0.0,116,115,-1,0.86
Adult,0.0,6.0,8.0,Normal,Poor,2.0,9,8,-1,11.11
Adult,0.0,6.0,8.0,Obese,Fair,0.0,939,939,0,0.0
Adult,0.0,6.0,8.0,Obese,Fair,1.0,11,13,2,18.18
Adult,0.0,6.0,8.0,Obese,Fair,2.0,101,101,0,0.0
Adult,0.0,6.0,8.0,Obese,Good,0.0,1645,1648,3,0.18
Adult,0.0,6.0,8.0,Obese,Good,1.0,16,17,1,6.25
Adult,0.0,6.0,8.0,Obese,Good,2.0,56,59,3,5.36
Adult,0.0,6.0,8.0,Obese,Poor,0.0,171,172,1,0.58
Adult,0.0,6.0,8.0,Obese,Poor,1.0,8,8,0,0.0
Adult,0.0,6.0,8.0,Obese,Poor,2.0,56,57,1,1.79
Adult,0.0,6.0,8.0,Overweight,Fair,0.0,718,719,1,0.14
Adult,0.0,6.0,8.0,Overweight,Fair,1.0,9,8,-1,11.11
Adult,0.0,6.0,8.0,Overweight,Fair,2.0,55,54,-1,1.82
Adult,0.0,6.0,8.0,Overweight,Good,0.0,3224,3224,0,0.0
Adult,0.0,6.0,8.0,Overweight,Good,1.0,13,14,1,7.69
Adult,0.0,6.0,8.0,Overweight,Good,2.0,36,37,1,2.78
Adult,0.0,6.0,8.0,Overweight,Poor,0.0,118,118,0,0.0
Adult,0.0,6.0,8.0,Overweight,Poor,1.0,3,2,-1,33.33
Adult,0.0,6.0,8.0,Overweight,Poor,2.0,21,20,-1,4.76
Adult,0.0,6.0,8.0,Underweight,Fair,0.0,31,30,-1,3.23
Adult,0.0,6.0,8.0,Underweight,Fair,1.0,1,1,0,0.0
Adult,0.0,6.0,8.0,Underweight,Fair,2.0,1,2,1,100.0
Adult,0.0,6.0,8.0,Underweight,Good,0.0,170,171,1,0.59
Adult,0.0,6.0,8.0,Underweight,Good,2.0,1,0,-1,100.0
Adult,0.0,6.0,8.0,Underweight,Poor,0.0,7,7,0,0.0
Adult,0.0,6.0,8.0,Underweight,Poor,2.0,2,0,-2,100.0
Adult,1.0,2.0,1.0,Normal,Poor,0.0,3,3,0,0.0
Adult,1.0,2.0,1.0,Normal,Poor,2.0,2,2,0,0.0
Adult,1.0,2.0,1.0,Obese,Fair,0.0,7,10,3,42.86
Adult,1.0,2.0,1.0,Obese,Fair,2.0,1,0,-1,100.0
Adult,1.0,2.0,1.0,Obese,Poor,0.0,8,9,1,12.5
Adult,1.0,2.0,1.0,Obese,Poor,2.0,7,6,-1,14.29
Adult,1.0,2.0,1.0,Overweight,Fair,0.0,5,6,1,20.0
Adult,1.0,2.0,1.0,Overweight,Poor,0.0,18,19,1,5.56
Adult,1.0,2.0,1.0,Overweight,Poor,2.0,4,4,0,0.0
Adult,1.0,2.0,1.0,Overweight-Range,Good,0.0,6,6,0,0.0
Adult,1.0,2.0,2.0,Normal,Fair,0.0,4,6,2,50.0
Adult,1.0,2.0,2.0,Normal,Fair,1.0,1,1,0,0.0
Adult,1.0,2.0,2.0,Normal,Fair,2.0,1,0,-1,100.0
Adult,1.0,2.0,2.0,Normal-Range,Poor,0.0,2,2,0,0.0
Adult,1.0,2.0,2.0,Normal-Range,Poor,1.0,1,0,-1,100.0
Adult,1.0,2.0,2.0,Normal-Range,Poor,2.0,2,2,0,0.0
Adult,1.0,2.0,2.0,Obese,Poor,0.0,10,8,-2,20.0
Adult,1.0,2.0,2.0,Obese,Poor,2.0,9,9,0,0.0
Adult,1.0,2.0,2.0,Overweight,Poor,0.0,8,8,0,0.0
Adult,1.0,2.0,2.0,Overweight-Range,Fair,0.0,5,3,-2,40.0
Adult,1.0,2.0,2.0,Overweight-Range,Fair,2.0,1,5,4,400.0
Adult,1.0,2.0,2.0,Overweight-Range,Good,0.0,4,5,1,25.0
Adult,1.0,2.0,2.0,Overweight-Range,Good,2.0,1,2,1,100.0
Adult,1.0,2.0,3.0,Normal,Poor,0.0,7,2,-5,71.43
Adult,1.0,2.0,3.0,Normal,Poor,2.0,2,5,3,150.0
Adult,1.0,2.0,3.0,Obese,Fair,0.0,5,4,-1,20.0
Adult,1.0,2.0,3.0,Obese,Poor,0.0,17,17,0,0.0
Adult,1.0,2.0,3.0,Obese,Poor,2.0,6,6,0,0.0
Adult,1.0,2.0,3.0,Overweight,Fair,0.0,6,6,0,0.0
Adult,1.0,2.0,3.0,Overweight,Fair,2.0,1,0,-1,100.0
Adult,1.0,2.0,3.0,Overweight,Poor,0.0,5,5,0,0.0
Adult,1.0,2.0,3.0,Overweight,Poor,2.0,4,3,-1,25.0
Adult,1.0,2.0,3.0,Overweight-Range,Good,0.0,6,6,0,0.0
Adult,1.0,2.0,4.0,Any,Good,0.0,5,4,-1,20.0
Adult,1.0,2.0,4.0,Normal,Fair,0.0,6,6,0,0.0
Adult,1.0,2.0,4.0,Normal,Poor,0.0,6,7,1,16.67
Adult,1.0,2.0,4.0,Normal,Poor,2.0,1,2,1,100.0
Adult,1.0,2.0,4.0,Obese,Fair,0.0,14,15,1,7.14
Adult,1.0,2.0,4.0,Obese,Poor,0.0,7,8,1,14.29
Adult,1.0,2.0,4.0,Obese,Poor,2.0,6,6,0,0.0
Adult,1.0,2.0,4.0,Overweight,Fair,0.0,14,13,-1,7.14
Adult,1.0,2.0,4.0,Overweight,Fair,1.0,1,2,1,100.0
Adult,1.0,2.0,4.0,Overweight,Good,0.0,6,5,-1,16.67
Adult,1.0,2.0,4.0,Overweight,Good,1.0,1,2,1,100.0
Adult,1.0,2.0,4.0,Overweight,Poor,0.0,8,7,-1,12.5
Adult,1.0,2.0,4.0,Overweight,Poor,1.0,1,1,0,0.0
Adult,1.0,2.0,4.0,Overweight,Poor,2.0,2,1,-1,50.0
Adult,1.0,2.0,5.0,Any,Good,0.0,3,3,0,0.0
Adult,1.0,2.0,5.0,Any,Good,2.0,2,2,0,0.0
Adult,1.0,2.0,5.0,Normal,Fair,0.0,5,4,-1,20.0
Adult,1.0,2.0,5.0,Obese,Fair,0.0,14,15,1,7.14
Adult,1.0,2.0,5.0,Obese,Fair,2.0,1,0,-1,100.0
Adult,1.0,2.0,5.0,Obese,Poor,0.0,9,9,0,0.0
Adult,1.0,2.0,5.0,Obese,Poor,2.0,5,7,2,40.0
Adult,1.0,2.0,5.0,Overweight,Fair,0.0,12,15,3,25.0
Adult,1.0,2.0,5.0,Overweight,Good,0.0,7,7,0,0.0
Adult,1.0,2.0,5.0,Overweight,Poor,0.0,13,12,-1,7.69
Adult,1.0,2.0,5.0,Overweight,Poor,1.0,1,2,1,100.0
Adult,1.0,2.0,5.0,Overweight,Poor,2.0,2,2,0,0.0
Adult,1.0,2.0,6.0,Obese,Fair,0.0,5,6,1,20.0
Adult,1.0,2.0,6.0,Obese,Fair,1.0,1,0,-1,100.0
Adult,1.0,2.0,6.0,Obese,Fair,2.0,3,3,0,0.0
Adult,1.0,2.0,6.0,Obese,Good,0.0,4,3,-1,25.0
Adult,1.0,2.0,6.0,Obese,Good,1.0,1,0,-1,100.0
Adult,1.0,2.0,6.0,Obese,Poor,0.0,4,3,-1,25.0
Adult,1.0,2.0,6.0,Obese,Poor,1.0,1,1,0,0.0
Adult,1.0,2.0,6.0,Obese,Poor,2.0,3,2,-1,33.33
Adult,1.0,2.0,6.0,Overweight,Fair,0.0,10,10,0,0.0
Adult,1.0,2.0,6.0,Overweight,Fair,1.0,1,4,3,300.0
Adult,1.0,2.0,6.0,Overweight,Good,0.0,10,10,0,0.0
Adult,1.0,2.0,6.0,Overweight,Poor,0.0,6,7,1,16.67
Adult,1.0,2.0,7.0,Normal,Good,0.0,5,5,0,0.0
Adult,1.0,2.0,7.0,Obese,Fair,0.0,8,8,0,0.0
Adult,1.0,2.0,7.0,Obese,Poor,0.0,2,2,0,0.0
Adult,1.0,2.0,7.0,Obese,Poor,1.0,2,2,0,0.0
Adult,1.0,2.0,7.0,Obese,Poor,2.0,2,2,0,0.0
Adult,1.0,2.0,7.0,Overweight,Fair,0.0,7,7,0,0.0
Adult,1.0,2.0,7.0,Overweight-Range,Good,0.0,6,6,0,0.0
Adult,1.0,2.0,7.0,Overweight-Range,Good,2.0,1,0,-1,100.0
Adult,1.0,2.0,8.0,Any,Good,0.0,6,6,0,0.0
Adult,1.0,2.0,8.0,Overweight,Good,0.0,6,5,-1,16.67
Adult,1.0,2.0,8.0,Overweight-Range,Fair,0.0,7,7,0,0.0
Adult,1.0,2.0,8.0,Overweight-Range,Fair,2.0,1,1,0,0.0
Adult,1.0,2.0,8.0,Overweight-Range,Poor,0.0,7,7,0,0.0
Adult,1.0,3.0,1.0,Normal,Fair,0.0,9,9,0,0.0
Adult,1.0,3.0,1.0,Normal,Fair,1.0,1,3,2,200.0
Adult,1.0,3.0,1.0,Normal,Poor,0.0,16,16,0,0.0
Adult,1.0,3.0,1.0,Obese,Fair,0.0,17,17,0,0.0
Adult,1.0,3.0,1.0,Obese,Fair,2.0,6,6,0,0.0
Adult,1.0,3.0,1.0,Obese,Good,0.0,10,11,1,10.0
Adult,1.0,3.0,1.0,Obese,Good,2.0,2,0,-2,100.0
Adult,1.0,3.0,1.0,Obese,Poor,0.0,33,36,3,9.09
Adult,1.0,3.0,1.0,Obese,Poor,1.0,5,5,0,0.0
Adult,1.0,3.0,1.0,Obese,Poor,2.0,22,22,0,0.0
Adult,1.0,3.0,1.0,Overweight,Fair,0.0,7,5,-2,28.57
Adult,1.0,3.0,1.0,Overweight,Fair,2.0,1,2,1,100.0
Adult,1.0,3.0,1.0,Overweight,Good,0.0,11,10,-1,9.09
Adult,1.0,3.0,1.0,Overweight,Poor,0.0,20,21,1,5.0
Adult,1.0,3.0,1.0,Overweight,Poor,1.0,1,1,0,0.0
Adult,1.0,3.0,1.0,Overweight,Poor,2.0,7,7,0,0.0
Adult,1.0,3.0,2.0,Any,Good,0.0,7,4,-3,42.86
Adult,1.0,3.0,2.0,Any,Good,2.0,1,1,0,0.0
Adult,1.0,3.0,2.0,Normal,Poor,0.0,4,5,1,25.0
Adult,1.0,3.0,2.0,Normal,Poor,2.0,1,0,-1,100.0
Adult,1.0,3.0,2.0,Obese,Fair,0.0,16,17,1,6.25
Adult,1.0,3.0,2.0,Obese,Fair,2.0,1,2,1,100.0
Adult,1.0,3.0,2.0,Obese,Good,0.0,4,4,0,0.0
Adult,1.0,3.0,2.0,Obese,Good,1.0,1,1,0,0.0
Adult,1.0,3.0,2.0,Obese,Good,2.0,1,0,-1,100.0
Adult,1.0,3.0,2.0,Obese,Poor,0.0,20,20,0,0.0
Adult,1.0,3.0,2.0,Obese,Poor,1.0,1,0,-1,100.0
Adult,1.0,3.0,2.0,Obese,Poor,2.0,13,13,0,0.0
Adult,1.0,3.0,2.0,Overweight,Fair,0.0,9,10,1,11.11
Adult,1.0,3.0,2.0,Overweight,Fair,1.0,2,2,0,0.0
Adult,1.0,3.0,2.0,Overweight,Fair,2.0,1,0,-1,100.0
Adult,1.0,3.0,2.0,Overweight,Poor,0.0,18,18,0,0.0
Adult,1.0,3.0,2.0,Overweight,Poor,1.0,5,5,0,0.0
Adult,1.0,3.0,2.0,Overweight,Poor,2.0,5,5,0,0.0
Adult,1.0,3.0,3.0,Normal,Fair,0.0,8,9,1,12.5
Adult,1.0,3.0,3.0,Normal,Good,0.0,8,9,1,12.5
Adult,1.0,3.0,3.0,Normal,Poor,0.0,11,10,-1,9.09
Adult,1.0,3.0,3.0,Normal,Poor,2.0,3,3,0,0.0
Adult,1.0,3.0,3.0,Obese,Fair,0.0,22,22,0,0.0
Adult,1.0,3.0,3.0,Obese,Fair,2.0,8,10,2,25.0
Adult,1.0,3.0,3.0,Obese,Good,0.0,12,11,-1,8.33
Adult,1.0,3.0,3.0,Obese,Good,1.0,2,2,0,0.0
Adult,1.0,3.0,3.0,Obese,Good,2.0,2,2,0,0.0
Adult,1.0,3.0,3.0,Obese,Poor,0.0,25,26,1,4.0
Adult,1.0,3.0,3.0,Obese,Poor,1.0,2,3,1,50.0
Adult,1.0,3.0,3.0,Obese,Poor,2.0,10,11,1,10.0
Adult,1.0,3.0,3.0,Overweight,Fair,0.0,17,17,0,0.0
Adult,1.0,3.0,3.0,Overweight,Fair,1.0,1,1,0,0.0
Adult,1.0,3.0,3.0,Overweight,Good,0.0,14,14,0,0.0
Adult,1.0,3.0,3.0,Overweight,Good,2.0,1,0,-1,100.0
Adult,1.0,3.0,3.0,Overweight,Poor,0.0,13,14,1,7.69
Adult,1.0,3.0,3.0,Overweight,Poor,2.0,2,1,-1,50.0
Adult,1.0,3.0,4.0,Normal,Fair,0.0,8,8,0,0.0
Adult,1.0,3.0,4.0,Normal,Good,0.0,7,7,0,0.0
Adult,1.0,3.0,4.0,Normal,Poor,0.0,9,9,0,0.0
Adult,1.0,3.0,4.0,Normal,Poor,2.0,1,0,-1,100.0
Adult,1.0,3.0,4.0,Obese,Fair,0.0,17,18,1,5.88
Adult,1.0,3.0,4.0,Obese,Fair,1.0,1,4,3,300.0
Adult,1.0,3.0,4.0,Obese,Fair,2.0,7,8,1,14.29
Adult,1.0,3.0,4.0,Obese,Good,0.0,15,14,-1,6.67
Adult,1.0,3.0,4.0,Obese,Good,1.0,1,0,-1,100.0
Adult,1.0,3.0,4.0,Obese,Poor,0.0,18,16,-2,11.11
Adult,1.0,3.0,4.0,Obese,Poor,1.0,1,1,0,0.0
Adult,1.0,3.0,4.0,Obese,Poor,2.0,9,9,0,0.0
Adult,1.0,3.0,4.0,Overweight,Fair,0.0,21,23,2,9.52
Adult,1.0,3.0,4.0,Overweight,Fair,2.0,3,3,0,0.0
Adult,1.0,3.0,4.0,Overweight,Good,0.0,12,12,0,0.0
Adult,1.0,3.0,4.0,Overweight,Poor,0.0,11,11,0,0.0
Adult,1.0,3.0,4.0,Overweight,Poor,2.0,4,4,0,0.0
Adult,1.0,3.0,5.0,Normal,Fair,0.0,12,11,-1,8.33
Adult,1.0,3.0,5.0,Normal,Fair,2.0,3,4,1,33.33
Adult,1.0,3.0,5.0,Normal,Good,0.0,5,6,1,20.0
Adult,1.0,3.0,5.0,Normal,Poor,0.0,6,9,3,50.0
Adult,1.0,3.0,5.0,Normal,Poor,2.0,1,1,0,0.0
Adult,1.0,3.0,5.0,Obese,Fair,0.0,25,24,-1,4.0
Adult,1.0,3.0,5.0,Obese,Fair,1.0,2,2,0,0.0
Adult,1.0,3.0,5.0,Obese,Fair,2.0,2,2,0,0.0
Adult,1.0,3.0,5.0,Obese,Good,0.0,13,13,0,0.0
Adult,1.0,3.0,5.0,Obese,Poor,0.0,20,19,-1,5.0
Adult,1.0,3.0,5.0,Obese,Poor,2.0,6,3,-3,50.0
Adult,1.0,3.0,5.0,Overweight,Fair,0.0,29,28,-1,3.45
Adult,1.0,3.0,5.0,Overweight,Fair,1.0,1,0,-1,100.0
Adult,1.0,3.0,5.0,Overweight,Fair,2.0,1,4,3,300.0
Adult,1.0,3.0,5.0,Overweight,Good,0.0,11,10,-1,9.09
Adult,1.0,3.0,5.0,Overweight,Good,2.0,1,3,2,200.0
Adult,1.0,3.0,5.0,Overweight,Poor,0.0,12,10,-2,16.67
Adult,1.0,3.0,5.0,Overweight,Poor,1.0,1,1,0,0.0
Adult,1.0,3.0,5.0,Overweight,Poor,2.0,3,3,0,0.0
Adult,1.0,3.0,6.0,Normal,Fair,0.0,9,6,-3,33.33
Adult,1.0,3.0,6.0,Normal,Fair,1.0,2,3,1,50.0
Adult,1.0,3.0,6.0,Normal,Fair,2.0,1,3,2,200.0
Adult,1.0,3.0,6.0,Normal,Good,0.0,9,10,1,11.11
Adult,1.0,3.0,6.0,Obese,Fair,0.0,28,21,-7,25.0
Adult,1.0,3.0,6.0,Obese,Fair,1.0,1,0,-1,100.0
Adult,1.0,3.0,6.0,Obese,Fair,2.0,4,3,-1,25.0
Adult,1.0,3.0,6.0,Obese,Good,0.0,9,7,-2,22.22
Adult,1.0,3.0,6.0,Obese,Good,2.0,3,8,5,166.67
Adult,1.0,3.0,6.0,Obese,Poor,0.0,12,11,-1,8.33
Adult,1.0,3.0,6.0,Obese,Poor,1.0,1,2,1,100.0
Adult,1.0,3.0,6.0,Obese,Poor,2.0,6,6,0,0.0
Adult,1.0,3.0,6.0,Overweight,Fair,0.0,16,16,0,0.0
Adult,1.0,3.0,6.0,Overweight,Fair,2.0,1,0,-1,100.0
Adult,1.0,3.0,6.0,Overweight,Good,0.0,20,20,0,0.0
Adult,1.0,3.0,6.0,Overweight,Good,2.0,1,1,0,0.0
Adult,1.0,3.0,6.0,Overweight,Poor,0.0,14,17,3,21.43
Adult,1.0,3.0,6.0,Overweight,Poor,2.0,3,3,0,0.0
Adult,1.0,3.0,7.0,Normal,Fair,0.0,4,3,-1,25.0
Adult,1.0,3.0,7.0,Normal,Fair,2.0,1,0,-1,100.0
Adult,1.0,3.0,7.0,Normal,Good,0.0,10,11,1,10.0
Adult,1.0,3.0,7.0,Normal,Good,2.0,1,2,1,100.0
Adult,1.0,3.0,7.0,Obese,Fair,0.0,18,18,0,0.0
Adult,1.0,3.0,7.0,Obese,Fair,2.0,1,1,0,0.0
Adult,1.0,3.0,7.0,Obese,Good,0.0,11,10,-1,9.09
Adult,1.0,3.0,7.0,Obese,Good,2.0,1,0,-1,100.0
Adult,1.0,3.0,7.0,Obese,Poor,0.0,12,12,0,0.0
Adult,1.0,3.0,7.0,Obese,Poor,1.0,1,1,0,0.0
Adult,1.0,3.0,7.0,Obese,Poor,2.0,3,2,-1,33.33
Adult,1.0,3.0,7.0,Overweight,Fair,0.0,14,11,-3,21.43
Adult,1.0,3.0,7.0,Overweight,Fair,1.0,1,1,0,0.0
Adult,1.0,3.0,7.0,Overweight,Fair,2.0,4,5,1,25.0
Adult,1.0,3.0,7.0,Overweight,Good,0.0,21,22,1,4.76
Adult,1.0,3.0,7.0,Overweight,Poor,0.0,8,9,1,12.5
Adult,1.0,3.0,7.0,Overweight,Poor,2.0,1,1,0,0.0
Adult,1.0,3.0,8.0,Normal,Good,0.0,22,23,1,4.55
Adult,1.0,3.0,8.0,Obese,Fair,0.0,21,22,1,4.76
Adult,1.0,3.0,8.0,Obese,Fair,1.0,4,2,-2,50.0
Adult,1.0,3.0,8.0,Obese,Fair,2.0,8,9,1,12.5
Adult,1.0,3.0,8.0,Obese,Good,0.0,23,23,0,0.0
Adult,1.0,3.0,8.0,Obese,Good,2.0,3,3,0,0.0
Adult,1.0,3.0,8.0,Obese,Poor,0.0,3,4,1,33.33
Adult,1.0,3.0,8.0,Obese,Poor,1.0,1,0,-1,100.0
Adult,1.0,3.0,8.0,Obese,Poor,2.0,2,2,0,0.0
Adult,1.0,3.0,8.0,Overweight,Fair,0.0,20,20,0,0.0
Adult,1.0,3.0,8.0,Overweight,Fair,2.0,1,2,1,100.0
Adult,1.0,3.0,8.0,Overweight,Good,0.0,40,40,0,0.0
Adult,1.0,3.0,8.0,Overweight,Good,2.0,1,0,-1,100.0
Adult,1.0,4.0,1.0,Normal,Fair,0.0,20,20,0,0.0
Adult,1.0,4.0,1.0,Normal,Good,0.0,19,17,-2,10.53
Adult,1.0,4.0,1.0,Normal,Good,2.0,1,0,-1,100.0
Adult,1.0,4.0,1.0,Normal,Poor,0.0,30,30,0,0.0
Adult,1.0,4.0,1.0,Normal,Poor,1.0,1,1,0,0.0
Adult,1.0,4.0,1.0,Normal,Poor,2.0,6,9,3,50.0
Adult,1.0,4.0,1.0,Obese,Fair,0.0,34,34,0,0.0
Adult,1.0,4.0,1.0,Obese,Fair,1.0,2,0,-2,100.0
Adult,1.0,4.0,1.0,Obese,Fair,2.0,18,18,0,0.0
Adult,1.0,4.0,1.0,Obese,Good,0.0,27,27,0,0.0
Adult,1.0,4.0,1.0,Obese,Good,1.0,3,3,0,0.0
Adult,1.0,4.0,1.0,Obese,Good,2.0,10,9,-1,10.0
Adult,1.0,4.0,1.0,Obese,Poor,0.0,57,58,1,1.75
Adult,1.0,4.0,1.0,Obese,Poor,1.0,6,6,0,0.0
Adult,1.0,4.0,1.0,Obese,Poor,2.0,34,35,1,2.94
Adult,1.0,4.0,1.0,Overweight,Fair,0.0,34,33,-1,2.94
Adult,1.0,4.0,1.0,Overweight,Fair,1.0,2,3,1,50.0
Adult,1.0,4.0,1.0,Overweight,Fair,2.0,7,6,-1,14.29
Adult,1.0,4.0,1.0,Overweight,Good,0.0,32,32,0,0.0
Adult,1.0,4.0,1.0,Overweight,Poor,0.0,44,43,-1,2.27
Adult,1.0,4.0,1.0,Overweight,Poor,1.0,4,7,3,75.0
Adult,1.0,4.0,1.0,Overweight,Poor,2.0,17,17,0,0.0
Adult,1.0,4.0,2.0,Normal,Fair,0.0,18,19,1,5.56
Adult,1.0,4.0,2.0,Normal,Fair,2.0,1,1,0,0.0
Adult,1.0,4.0,2.0,Normal,Good,0.0,27,27,0,0.0
Adult,1.0,4.0,2.0,Normal,Good,2.0,1,4,3,300.0
Adult,1.0,4.0,2.0,Normal,Poor,0.0,24,24,0,0.0
Adult,1.0,4.0,2.0,Normal,Poor,2.0,6,5,-1,16.67
Adult,1.0,4.0,2.0,Obese,Fair,0.0,39,38,-1,2.56
Adult,1.0,4.0,2.0,Obese,Fair,2.0,20,18,-2,10.0
Adult,1.0,4.0,2.0,Obese,Good,0.0,25,28,3,12.0
Adult,1.0,4.0,2.0,Obese,Good,1.0,1,0,-1,100.0
Adult,1.0,4.0,2.0,Obese,Good,2.0,4,5,1,25.0
Adult,1.0,4.0,2.0,Obese,Poor,0.0,64,65,1,1.56
Adult,1.0,4.0,2.0,Obese,Poor,1.0,3,3,0,0.0
Adult,1.0,4.0,2.0,Obese,Poor,2.0,50,50,0,0.0
Adult,1.0,4.0,2.0,Overweight,Fair,0.0,29,29,0,0.0
Adult,1.0,4.0,2.0,Overweight,Fair,2.0,5,6,1,20.0
Adult,1.0,4.0,2.0,Overweight,Good,0.0,24,25,1,4.17
Adult,1.0,4.0,2.0,Overweight,Good,2.0,3,2,-1,33.33
Adult,1.0,4.0,2.0,Overweight,Poor,0.0,31,32,1,3.23
Adult,1.0,4.0,2.0,Overweight,Poor,2.0,12,12,0,0.0
Adult,1.0,4.0,3.0,Normal,Fair,0.0,45,44,-1,2.22
Adult,1.0,4.0,3.0,Normal,Fair,2.0,4,3,-1,25.0
Adult,1.0,4.0,3.0,Normal,Good,0.0,37,40,3,8.11
Adult,1.0,4.0,3.0,Normal,Good,1.0,2,5,3,150.0
Adult,1.0,4.0,3.0,Normal,Good,2.0,1,1,0,0.0
Adult,1.0,4.0,3.0,Normal,Poor,0.0,28,26,-2,7.14
Adult,1.0,4.0,3.0,Normal,Poor,2.0,5,7,2,40.0
Adult,1.0,4.0,3.0,Obese,Fair,0.0,48,49,1,2.08
Adult,1.0,4.0,3.0,Obese,Fair,1.0,2,1,-1,50.0
Adult,1.0,4.0,3.0,Obese,Fair,2.0,18,16,-2,11.11
Adult,1.0,4.0,3.0,Obese,Good,0.0,41,40,-1,2.44
Adult,1.0,4.0,3.0,Obese,Good,2.0,12,12,0,0.0
Adult,1.0,4.0,3.0,Obese,Poor,0.0,63,64,1,1.59
Adult,1.0,4.0,3.0,Obese,Poor,1.0,6,6,0,0.0
Adult,1.0,4.0,3.0,Obese,Poor,2.0,38,38,0,0.0
Adult,1.0,4.0,3.0,Overweight,Fair,0.0,61,61,0,0.0
Adult,1.0,4.0,3.0,Overweight,Fair,2.0,8,8,0,0.0
Adult,1.0,4.0,3.0,Overweight,Good,0.0,37,36,-1,2.7
Adult,1.0,4.0,3.0,Overweight,Good,2.0,3,2,-1,33.33
Adult,1.0,4.0,3.0,Overweight,Poor,0.0,44,44,0,0.0
Adult,1.0,4.0,3.0,Overweight,Poor,1.0,4,4,0,0.0
Adult,1.0,4.0,3.0,Overweight,Poor,2.0,14,16,2,14.29
Adult,1.0,4.0,4.0,Normal,Fair,0.0,41,41,0,0.0
Adult,1.0,4.0,4.0,Normal,Fair,1.0,1,0,-1,100.0
Adult,1.0,4.0,4.0,Normal,Fair,2.0,5,4,-1,20.0
Adult,1.0,4.0,4.0,Normal,Good,0.0,63,63,0,0.0
Adult,1.0,4.0,4.0,Normal,Poor,0.0,26,28,2,7.69
Adult,1.0,4.0,4.0,Normal,Poor,1.0,2,2,0,0.0
Adult,1.0,4.0,4.0,Normal,Poor,2.0,5,6,1,20.0
Adult,1.0,4.0,4.0,Obese,Fair,0.0,90,89,-1,1.11
Adult,1.0,4.0,4.0,Obese,Fair,1.0,5,4,-1,20.0
Adult,1.0,4.0,4.0,Obese,Fair,2.0,18,18,0,0.0
Adult,1.0,4.0,4.0,Obese,Good,0.0,72,71,-1,1.39
Adult,1.0,4.0,4.0,Obese,Good,2.0,8,8,0,0.0
Adult,1.0,4.0,4.0,Obese,Poor,0.0,58,58,0,0.0
Adult,1.0,4.0,4.0,Obese,Poor,1.0,6,7,1,16.67
Adult,1.0,4.0,4.0,Obese,Poor,2.0,33,35,2,6.06
Adult,1.0,4.0,4.0,Overweight,Fair,0.0,75,74,-1,1.33
Adult,1.0,4.0,4.0,Overweight,Fair,1.0,1,0,-1,100.0
Adult,1.0,4.0,4.0,Overweight,Fair,2.0,9,9,0,0.0
Adult,1.0,4.0,4.0,Overweight,Good,0.0,84,83,-1,1.19
Adult,1.0,4.0,4.0,Overweight,Good,1.0,1,2,1,100.0
Adult,1.0,4.0,4.0,Overweight,Good,2.0,4,4,0,0.0
Adult,1.0,4.0,4.0,Overweight,Poor,0.0,52,51,-1,1.92
Adult,1.0,4.0,4.0,Overweight,Poor,2.0,15,14,-1,6.67
Adult,1.0,4.0,5.0,Normal,Fair,0.0,49,50,1,2.04
Adult,1.0,4.0,5.0,Normal,Fair,2.0,3,3,0,0.0
Adult,1.0,4.0,5.0,Normal,Good,0.0,68,67,-1,1.47
Adult,1.0,4.0,5.0,Normal,Good,2.0,3,3,0,0.0
Adult,1.0,4.0,5.0,Normal,Poor,0.0,22,20,-2,9.09
Adult,1.0,4.0,5.0,Normal,Poor,1.0,2,2,0,0.0
Adult,1.0,4.0,5.0,Normal,Poor,2.0,10,9,-1,10.0
Adult,1.0,4.0,5.0,Obese,Fair,0.0,111,112,1,0.9
Adult,1.0,4.0,5.0,Obese,Fair,1.0,7,6,-1,14.29
Adult,1.0,4.0,5.0,Obese,Fair,2.0,29,28,-1,3.45
Adult,1.0,4.0,5.0,Obese,Good,0.0,98,99,1,1.02
Adult,1.0,4.0,5.0,Obese,Good,1.0,4,4,0,0.0
Adult,1.0,4.0,5.0,Obese,Good,2.0,8,9,1,12.5
Adult,1.0,4.0,5.0,Obese,Poor,0.0,70,70,0,0.0
Adult,1.0,4.0,5.0,Obese,Poor,1.0,5,5,0,0.0
Adult,1.0,4.0,5.0,Obese,Poor,2.0,33,33,0,0.0
Adult,1.0,4.0,5.0,Overweight,Fair,0.0,85,86,1,1.18
Adult,1.0,4.0,5.0,Overweight,Fair,2.0,7,6,-1,14.29
Adult,1.0,4.0,5.0,Overweight,Good,0.0,137,137,0,0.0
Adult,1.0,4.0,5.0,Overweight,Good,2.0,3,3,0,0.0
Adult,1.0,4.0,5.0,Overweight,Poor,0.0,39,41,2,5.13
Adult,1.0,4.0,5.0,Overweight,Poor,2.0,13,13,0,0.0
Adult,1.0,4.0,6.0,Normal,Fair,0.0,78,76,-2,2.56
Adult,1.0,4.0,6.0,Normal,Fair,1.0,3,4,1,33.33
Adult,1.0,4.0,6.0,Normal,Fair,2.0,2,2,0,0.0
Adult,1.0,4.0,6.0,Normal,Good,0.0,101,100,-1,0.99
Adult,1.0,4.0,6.0,Normal,Good,2.0,2,0,-2,100.0
Adult,1.0,4.0,6.0,Normal,Poor,0.0,21,22,1,4.76
Adult,1.0,4.0,6.0,Normal,Poor,2.0,4,5,1,25.0
Adult,1.0,4.0,6.0,Obese,Fair,0.0,232,233,1,0.43
Adult,1.0,4.0,6.0,Obese,Fair,1.0,5,5,0,0.0
Adult,1.0,4.0,6.0,Obese,Fair,2.0,42,42,0,0.0
Adult,1.0,4.0,6.0,Obese,Good,0.0,218,216,-2,0.92
Adult,1.0,4.0,6.0,Obese,Good,1.0,4,4,0,0.0
Adult,1.0,4.0,6.0,Obese,Good,2.0,13,10,-3,23.08
Adult,1.0,4.0,6.0,Obese,Poor,0.0,71,71,0,0.0
Adult,1.0,4.0,6.0,Obese,Poor,1.0,5,3,-2,40.0
Adult,1.0,4.0,6.0,Obese,Poor,2.0,36,36,0,0.0
Adult,1.0,4.0,6.0,Overweight,Fair,0.0,139,140,1,0.72
Adult,1.0,4.0,6.0,Overweight,Fair,1.0,2,2,0,0.0
Adult,1.0,4.0,6.0,Overweight,Fair,2.0,17,17,0,0.0
Adult,1.0,4.0,6.0,Overweight,Good,0.0,255,255,0,0.0
Adult,1.0,4.0,6.0,Overweight,Good,1.0,3,4,1,33.33
Adult,1.0,4.0,6.0,Overweight,Good,2.0,4,4,0,0.0
Adult,1.0,4.0,6.0,Overweight,Poor,0.0,37,38,1,2.7
Adult,1.0,4.0,6.0,Overweight,Poor,1.0,1,0,-1,100.0
Adult,1.0,4.0,6.0,Overweight,Poor,2.0,11,11,0,0.0
Adult,1.0,4.0,7.0,Normal,Fair,0.0,61,61,0,0.0
Adult,1.0,4.0,7.0,Normal,Fair,1.0,1,1,0,0.0
Adult,1.0,4.0,7.0,Normal,Fair,2.0,6,7,1,16.67
Adult,1.0,4.0,7.0,Normal,Good,0.0,124,121,-3,2.42
Adult,1.0,4.0,7.0,Normal,Good,1.0,1,0,-1,100.0
Adult,1.0,4.0,7.0,Normal,Good,2.0,5,6,1,20.0
Adult,1.0,4.0,7.0,Normal,Poor,0.0,17,13,-4,23.53
Adult,1.0,4.0,7.0,Obese,Fair,0.0,248,250,2,0.81
Adult,1.0,4.0,7.0,Obese,Fair,1.0,7,9,2,28.57
Adult,1.0,4.0,7.0,Obese,Fair,2.0,48,49,1,2.08
Adult,1.0,4.0,7.0,Obese,Good,0.0,277,276,-1,0.36
Adult,1.0,4.0,7.0,Obese,Good,1.0,5,3,-2,40.0
Adult,1.0,4.0,7.0,Obese,Good,2.0,26,26,0,0.0
Adult,1.0,4.0,7.0,Obese,Poor,0.0,62,62,0,0.0
Adult,1.0,4.0,7.0,Obese,Poor,1.0,4,5,1,25.0
Adult,1.0,4.0,7.0,Obese,Poor,2.0,44,43,-1,2.27
Adult,1.0,4.0,7.0,Overweight,Fair,0.0,186,187,1,0.54
Adult,1.0,4.0,7.0,Overweight,Fair,1.0,5,5,0,0.0
Adult,1.0,4.0,7.0,Overweight,Fair,2.0,19,14,-5,26.32
Adult,1.0,4.0,7.0,Overweight,Good,0.0,347,348,1,0.29
Adult,1.0,4.0,7.0,Overweight,Good,2.0,7,7,0,0.0
Adult,1.0,4.0,7.0,Overweight,Poor,0.0,40,40,0,0.0
Adult,1.0,4.0,7.0,Overweight,Poor,2.0,10,10,0,0.0
Adult,1.0,4.0,8.0,Normal,Fair,0.0,70,72,2,2.86
Adult,1.0,4.0,8.0,Normal,Fair,2.0,2,1,-1,50.0
Adult,1.0,4.0,8.0,Normal,Good,0.0,206,207,1,0.49
Adult,1.0,4.0,8.0,Normal,Good,1.0,1,1,0,0.0
Adult,1.0,4.0,8.0,Normal,Good,2.0,1,1,0,0.0
Adult,1.0,4.0,8.0,Normal,Poor,0.0,14,15,1,7.14
Adult,1.0,4.0,8.0,Normal,Poor,2.0,2,2,0,0.0
Adult,1.0,4.0,8.0,Obese,Fair,0.0,421,417,-4,0.95
Adult,1.0,4.0,8.0,Obese,Fair,1.0,11,12,1,9.09
Adult,1.0,4.0,8.0,Obese,Fair,2.0,60,60,0,0.0
Adult,1.0,4.0,8.0,Obese,Good,0.0,495,495,0,0.0
Adult,1.0,4.0,8.0,Obese,Good,1.0,5,5,0,0.0
Adult,1.0,4.0,8.0,Obese,Good,2.0,30,30,0,0.0
Adult,1.0,4.0,8.0,Obese,Poor,0.0,75,78,3,4.0
Adult,1.0,4.0,8.0,Obese,Poor,1.0,2,3,1,50.0
Adult,1.0,4.0,8.0,Obese,Poor,2.0,28,28,0,0.0
Adult,1.0,4.0,8.0,Overweight,Fair,0.0,264,264,0,0.0
Adult,1.0,4.0,8.0,Overweight,Fair,2.0,18,18,0,0.0
Adult,1.0,4.0,8.0,Overweight,Good,0.0,680,680,0,0.0
Adult,1.0,4.0,8.0,Overweight,Good,1.0,3,3,0,0.0
Adult,1.0,4.0,8.0,Overweight,Good,2.0,11,12,1,9.09
Adult,1.0,4.0,8.0,Overweight,Poor,0.0,36,34,-2,5.56
Adult,1.0,4.0,8.0,Overweight,Poor,1.0,1,2,1,100.0
Adult,1.0,4.0,8.0,Overweight,Poor,2.0,9,10,1,11.11
Adult,1.0,5.0,1.0,Normal,Fair,0.0,14,15,1,7.14
Adult,1.0,5.0,1.0,Normal,Fair,2.0,2,0,-2,100.0
Adult,1.0,5.0,1.0,Normal,Good,0.0,9,12,3,33.33
Adult,1.0,5.0,1.0,Normal,Poor,0.0,15,17,2,13.33
Adult,1.0,5.0,1.0,Normal,Poor,2.0,2,3,1,50.0
Adult,1.0,5.0,1.0,Obese,Fair,0.0,33,33,0,0.0
Adult,1.0,5.0,1.0,Obese,Fair,2.0,5,6,1,20.0
Adult,1.0,5.0,1.0,Obese,Good,0.0,27,28,1,3.7
Adult,1.0,5.0,1.0,Obese,Good,1.0,1,4,3,300.0
Adult,1.0,5.0,1.0,Obese,Good,2.0,1,1,0,0.0
Adult,1.0,5.0,1.0,Obese,Poor,0.0,35,36,1,2.86
Adult,1.0,5.0,1.0,Obese,Poor,1.0,2,3,1,50.0
Adult,1.0,5.0,1.0,Obese,Poor,2.0,22,24,2,9.09
Adult,1.0,5.0,1.0,Overweight,Fair,0.0,18,18,0,0.0
Adult,1.0,5.0,1.0,Overweight,Fair,2.0,6,6,0,0.0
Adult,1.0,5.0,1.0,Overweight,Good,0.0,19,19,0,0.0
Adult,1.0,5.0,1.0,Overweight,Good,2.0,1,4,3,300.0
Adult,1.0,5.0,1.0,Overweight,Poor,0.0,24,22,-2,8.33
Adult,1.0,5.0,1.0,Overweight,Poor,1.0,3,7,4,133.33
Adult,1.0,5.0,1.0,Overweight,Poor,2.0,5,5,0,0.0
Adult,1.0,5.0,2.0,Normal,Fair,0.0,18,15,-3,16.67
Adult,1.0,5.0,2.0,Normal,Fair,2.0,1,0,-1,100.0
Adult,1.0,5.0,2.0,Normal,Good,0.0,12,10,-2,16.67
Adult,1.0,5.0,2.0,Normal,Good,1.0,1,0,-1,100.0
Adult,1.0,5.0,2.0,Normal,Good,2.0,3,3,0,0.0
Adult,1.0,5.0,2.0,Normal,Poor,0.0,23,22,-1,4.35
Adult,1.0,5.0,2.0,Normal,Poor,2.0,6,9,3,50.0
Adult,1.0,5.0,2.0,Obese,Fair,0.0,21,25,4,19.05
Adult,1.0,5.0,2.0,Obese,Fair,1.0,2,3,1,50.0
Adult,1.0,5.0,2.0,Obese,Fair,2.0,6,4,-2,33.33
Adult,1.0,5.0,2.0,Obese,Good,0.0,22,19,-3,13.64
Adult,1.0,5.0,2.0,Obese,Good,2.0,5,6,1,20.0
Adult,1.0,5.0,2.0,Obese,Poor,0.0,41,40,-1,2.44
Adult,1.0,5.0,2.0,Obese,Poor,1.0,3,4,1,33.33
Adult,1.0,5.0,2.0,Obese,Poor,2.0,26,29,3,11.54
Adult,1.0,5.0,2.0,Overweight,Fair,0.0,19,18,-1,5.26
Adult,1.0,5.0,2.0,Overweight,Fair,2.0,4,3,-1,25.0
Adult,1.0,5.0,2.0,Overweight,Good,0.0,12,11,-1,8.33
Adult,1.0,5.0,2.0,Overweight,Good,2.0,2,5,3,150.0
Adult,1.0,5.0,2.0,Overweight,Poor,0.0,23,22,-1,4.35
Adult,1.0,5.0,2.0,Overweight,Poor,1.0,2,4,2,100.0
Adult,1.0,5.0,2.0,Overweight,Poor,2.0,10,9,-1,10.0
Adult,1.0,5.0,3.0,Normal,Fair,0.0,25,25,0,0.0
Adult,1.0,5.0,3.0,Normal,Fair,2.0,2,2,0,0.0
Adult,1.0,5.0,3.0,Normal,Good,0.0,27,27,0,0.0
Adult,1.0,5.0,3.0,Normal,Poor,0.0,19,20,1,5.26
Adult,1.0,5.0,3.0,Normal,Poor,1.0,2,4,2,100.0
Adult,1.0,5.0,3.0,Normal,Poor,2.0,6,4,-2,33.33
Adult,1.0,5.0,3.0,Obese,Fair,0.0,36,36,0,0.0
Adult,1.0,5.0,3.0,Obese,Fair,1.0,1,1,0,0.0
Adult,1.0,5.0,3.0,Obese,Fair,2.0,16,17,1,6.25
Adult,1.0,5.0,3.0,Obese,Good,0.0,41,46,5,12.2
Adult,1.0,5.0,3.0,Obese,Good,2.0,6,6,0,0.0
Adult,1.0,5.0,3.0,Obese,Poor,0.0,40,39,-1,2.5
Adult,1.0,5.0,3.0,Obese,Poor,1.0,2,0,-2,100.0
Adult,1.0,5.0,3.0,Obese,Poor,2.0,28,29,1,3.57
Adult,1.0,5.0,3.0,Overweight,Fair,0.0,40,39,-1,2.5
Adult,1.0,5.0,3.0,Overweight,Fair,2.0,4,4,0,0.0
Adult,1.0,5.0,3.0,Overweight,Good,0.0,31,31,0,0.0
Adult,1.0,5.0,3.0,Overweight,Good,2.0,1,4,3,300.0
Adult,1.0,5.0,3.0,Overweight,Poor,0.0,30,32,2,6.67
Adult,1.0,5.0,3.0,Overweight,Poor,2.0,7,11,4,57.14
Adult,1.0,5.0,4.0,Normal,Fair,0.0,24,24,0,0.0
Adult,1.0,5.0,4.0,Normal,Fair,2.0,1,1,0,0.0
Adult,1.0,5.0,4.0,Normal,Good,0.0,39,40,1,2.56
Adult,1.0,5.0,4.0,Normal,Good,2.0,1,1,0,0.0
Adult,1.0,5.0,4.0,Normal,Poor,0.0,10,10,0,0.0
Adult,1.0,5.0,4.0,Normal,Poor,2.0,4,6,2,50.0
Adult,1.0,5.0,4.0,Obese,Fair,0.0,52,53,1,1.92
Adult,1.0,5.0,4.0,Obese,Fair,1.0,1,1,0,0.0
Adult,1.0,5.0,4.0,Obese,Fair,2.0,17,19,2,11.76
Adult,1.0,5.0,4.0,Obese,Good,0.0,48,47,-1,2.08
Adult,1.0,5.0,4.0,Obese,Good,2.0,8,12,4,50.0
Adult,1.0,5.0,4.0,Obese,Poor,0.0,41,41,0,0.0
Adult,1.0,5.0,4.0,Obese,Poor,1.0,1,2,1,100.0
Adult,1.0,5.0,4.0,Obese,Poor,2.0,22,22,0,0.0
Adult,1.0,5.0,4.0,Overweight,Fair,0.0,59,59,0,0.0
Adult,1.0,5.0,4.0,Overweight,Fair,2.0,5,2,-3,60.0
Adult,1.0,5.0,4.0,Overweight,Good,0.0,83,84,1,1.2
Adult,1.0,5.0,4.0,Overweight,Good,1.0,1,3,2,200.0
Adult,1.0,5.0,4.0,Overweight,Poor,0.0,34,34,0,0.0
Adult,1.0,5.0,4.0,Overweight,Poor,1.0,1,2,1,100.0
Adult,1.0,5.0,4.0,Overweight,Poor,2.0,16,17,1,6.25
Adult,1.0,5.0,5.0,Normal,Fair,0.0,24,23,-1,4.17
Adult,1.0,5.0,5.0,Normal,Fair,2.0,5,5,0,0.0
Adult,1.0,5.0,5.0,Normal,Good,0.0,73,71,-2,2.74
Adult,1.0,5.0,5.0,Normal,Good,1.0,1,6,5,500.0
Adult,1.0,5.0,5.0,Normal,Good,2.0,1,1,0,0.0
Adult,1.0,5.0,5.0,Normal,Poor,0.0,14,14,0,0.0
Adult,1.0,5.0,5.0,Normal,Poor,2.0,4,7,3,75.0
Adult,1.0,5.0,5.0,Obese,Fair,0.0,92,91,-1,1.09
Adult,1.0,5.0,5.0,Obese,Fair,1.0,4,4,0,0.0
Adult,1.0,5.0,5.0,Obese,Fair,2.0,14,10,-4,28.57
Adult,1.0,5.0,5.0,Obese,Good,0.0,91,90,-1,1.1
Adult,1.0,5.0,5.0,Obese,Good,2.0,6,7,1,16.67
Adult,1.0,5.0,5.0,Obese,Poor,0.0,51,49,-2,3.92
Adult,1.0,5.0,5.0,Obese,Poor,1.0,4,5,1,25.0
Adult,1.0,5.0,5.0,Obese,Poor,2.0,38,38,0,0.0
Adult,1.0,5.0,5.0,Overweight,Fair,0.0,83,82,-1,1.2
Adult,1.0,5.0,5.0,Overweight,Fair,1.0,1,1,0,0.0
Adult,1.0,5.0,5.0,Overweight,Fair,2.0,5,5,0,0.0
Adult,1.0,5.0,5.0,Overweight,Good,0.0,104,106,2,1.92
Adult,1.0,5.0,5.0,Overweight,Good,2.0,3,4,1,33.33
Adult,1.0,5.0,5.0,Overweight,Poor,0.0,15,14,-1,6.67
Adult,1.0,5.0,5.0,Overweight,Poor,1.0,2,6,4,200.0
Adult,1.0,5.0,5.0,Overweight,Poor,2.0,5,5,0,0.0
Adult,1.0,5.0,6.0,Normal,Fair,0.0,52,50,-2,3.85
Adult,1.0,5.0,6.0,Normal,Fair,1.0,1,3,2,200.0
Adult,1.0,5.0,6.0,Normal,Fair,2.0,1,2,1,100.0
Adult,1.0,5.0,6.0,Normal,Good,0.0,112,111,-1,0.89
Adult,1.0,5.0,6.0,Normal,Good,1.0,1,1,0,0.0
Adult,1.0,5.0,6.0,Normal,Good,2.0,4,6,2,50.0
Adult,1.0,5.0,6.0,Normal,Poor,0.0,20,21,1,5.0
Adult,1.0,5.0,6.0,Normal,Poor,2.0,2,2,0,0.0
Adult,1.0,5.0,6.0,Obese,Fair,0.0,187,187,0,0.0
Adult,1.0,5.0,6.0,Obese,Fair,1.0,8,10,2,25.0
Adult,1.0,5.0,6.0,Obese,Fair,2.0,38,39,1,2.63
Adult,1.0,5.0,6.0,Obese,Good,0.0,204,205,1,0.49
Adult,1.0,5.0,6.0,Obese,Good,1.0,4,4,0,0.0
Adult,1.0,5.0,6.0,Obese,Good,2.0,10,8,-2,20.0
Adult,1.0,5.0,6.0,Obese,Poor,0.0,61,62,1,1.64
Adult,1.0,5.0,6.0,Obese,Poor,1.0,5,4,-1,20.0
Adult,1.0,5.0,6.0,Obese,Poor,2.0,26,26,0,0.0
Adult,1.0,5.0,6.0,Overweight,Fair,0.0,113,114,1,0.88
Adult,1.0,5.0,6.0,Overweight,Fair,1.0,2,2,0,0.0
Adult,1.0,5.0,6.0,Overweight,Fair,2.0,9,9,0,0.0
Adult,1.0,5.0,6.0,Overweight,Good,0.0,261,262,1,0.38
Adult,1.0,5.0,6.0,Overweight,Good,1.0,1,1,0,0.0
Adult,1.0,5.0,6.0,Overweight,Good,2.0,8,7,-1,12.5
Adult,1.0,5.0,6.0,Overweight,Poor,0.0,37,36,-1,2.7
Adult,1.0,5.0,6.0,Overweight,Poor,1.0,2,2,0,0.0
Adult,1.0,5.0,6.0,Overweight,Poor,2.0,13,12,-1,7.69
Adult,1.0,5.0,7.0,Normal,Fair,0.0,60,61,1,1.67
Adult,1.0,5.0,7.0,Normal,Fair,2.0,4,4,0,0.0
Adult,1.0,5.0,7.0,Normal,Good,0.0,175,173,-2,1.14
Adult,1.0,5.0,7.0,Normal,Good,1.0,1,2,1,100.0
Adult,1.0,5.0,7.0,Normal,Good,2.0,2,2,0,0.0
Adult,1.0,5.0,7.0,Normal,Poor,0.0,18,20,2,11.11
Adult,1.0,5.0,7.0,Normal,Poor,2.0,4,5,1,25.0
Adult,1.0,5.0,7.0,Obese,Fair,0.0,288,289,1,0.35
Adult,1.0,5.0,7.0,Obese,Fair,1.0,4,5,1,25.0
Adult,1.0,5.0,7.0,Obese,Fair,2.0,48,49,1,2.08
Adult,1.0,5.0,7.0,Obese,Good,0.0,320,321,1,0.31
Adult,1.0,5.0,7.0,Obese,Good,1.0,6,7,1,16.67
Adult,1.0,5.0,7.0,Obese,Good,2.0,28,28,0,0.0
Adult,1.0,5.0,7.0,Obese,Poor,0.0,75,70,-5,6.67
Adult,1.0,5.0,7.0,Obese,Poor,1.0,8,9,1,12.5
Adult,1.0,5.0,7.0,Obese,Poor,2.0,31,32,1,3.23
Adult,1.0,5.0,7.0,Overweight,Fair,0.0,193,196,3,1.55
Adult,1.0,5.0,7.0,Overweight,Fair,1.0,1,0,-1,100.0
Adult,1.0,5.0,7.0,Overweight,Fair,2.0,14,14,0,0.0
Adult,1.0,5.0,7.0,Overweight,Good,0.0,423,423,0,0.0
Adult,1.0,5.0,7.0,Overweight,Good,1.0,6,6,0,0.0
Adult,1.0,5.0,7.0,Overweight,Good,2.0,11,12,1,9.09
Adult,1.0,5.0,7.0,Overweight,Poor,0.0,29,31,2,6.9
Adult,1.0,5.0,7.0,Overweight,Poor,1.0,1,2,1,100.0
Adult,1.0,5.0,7.0,Overweight,Poor,2.0,9,9,0,0.0
Adult,1.0,5.0,8.0,Normal,Fair,0.0,80,76,-4,5.0
Adult,1.0,5.0,8.0,Normal,Fair,2.0,4,4,0,0.0
Adult,1.0,5.0,8.0,Normal,Good,0.0,362,366,4,1.1
Adult,1.0,5.0,8.0,Normal,Good,2.0,5,5,0,0.0
Adult,1.0,5.0,8.0,Normal,Poor,0.0,24,24,0,0.0
Adult,1.0,5.0,8.0,Normal,Poor,2.0,2,2,0,0.0
Adult,1.0,5.0,8.0,Obese,Fair,0.0,521,522,1,0.19
Adult,1.0,5.0,8.0,Obese,Fair,1.0,7,7,0,0.0
Adult,1.0,5.0,8.0,Obese,Fair,2.0,90,91,1,1.11
Adult,1.0,5.0,8.0,Obese,Good,0.0,820,821,1,0.12
Adult,1.0,5.0,8.0,Obese,Good,1.0,7,8,1,14.29
Adult,1.0,5.0,8.0,Obese,Good,2.0,51,52,1,1.96
Adult,1.0,5.0,8.0,Obese,Poor,0.0,96,96,0,0.0
Adult,1.0,5.0,8.0,Obese,Poor,1.0,7,3,-4,57.14
Adult,1.0,5.0,8.0,Obese,Poor,2.0,39,42,3,7.69
Adult,1.0,5.0,8.0,Overweight,Fair,0.0,330,329,-1,0.3
Adult,1.0,5.0,8.0,Overweight,Fair,1.0,6,7,1,16.67
Adult,1.0,5.0,8.0,Overweight,Fair,2.0,36,36,0,0.0
Adult,1.0,5.0,8.0,Overweight,Good,0.0,1058,1058,0,0.0
Adult,1.0,5.0,8.0,Overweight,Good,1.0,3,2,-1,33.33
Adult,1.0,5.0,8.0,Overweight,Good,2.0,23,25,2,8.7
Adult,1.0,5.0,8.0,Overweight,Poor,0.0,38,39,1,2.63
Adult,1.0,5.0,8.0,Overweight,Poor,2.0,7,7,0,0.0
Adult,1.0,6.0,1.0,Normal,Fair,0.0,7,8,1,14.29
Adult,1.0,6.0,1.0,Normal,Fair,1.0,1,1,0,0.0
Adult,1.0,6.0,1.0,Normal,Good,0.0,14,14,0,0.0
Adult,1.0,6.0,1.0,Normal,Poor,0.0,6,4,-2,33.33
Adult,1.0,6.0,1.0,Normal,Poor,2.0,2,0,-2,100.0
Adult,1.0,6.0,1.0,Obese,Fair,0.0,11,11,0,0.0
Adult,1.0,6.0,1.0,Obese,Fair,2.0,1,1,0,0.0
Adult,1.0,6.0,1.0,Obese,Good,0.0,14,14,0,0.0
Adult,1.0,6.0,1.0,Obese,Good,1.0,1,1,0,0.0
Adult,1.0,6.0,1.0,Obese,Good,2.0,1,3,2,200.0
Adult,1.0,6.0,1.0,Obese,Poor,0.0,15,15,0,0.0
Adult,1.0,6.0,1.0,Obese,Poor,1.0,2,2,0,0.0
Adult,1.0,6.0,1.0,Obese,Poor,2.0,11,13,2,18.18
Adult,1.0,6.0,1.0,Overweight,Fair,0.0,16,17,1,6.25
Adult,1.0,6.0,1.0,Overweight,Fair,2.0,4,3,-1,25.0
Adult,1.0,6.0,1.0,Overweight,Good,0.0,24,26,2,8.33
Adult,1.0,6.0,1.0,Overweight,Poor,0.0,12,12,0,0.0
Adult,1.0,6.0,1.0,Overweight,Poor,1.0,2,2,0,0.0
Adult,1.0,6.0,1.0,Overweight,Poor,2.0,3,2,-1,33.33
Adult,1.0,6.0,2.0,Normal,Fair,0.0,7,8,1,14.29
Adult,1.0,6.0,2.0,Normal,Good,0.0,8,8,0,0.0
Adult,1.0,6.0,2.0,Normal,Poor,0.0,7,7,0,0.0
Adult,1.0,6.0,2.0,Normal,Poor,2.0,1,3,2,200.0
Adult,1.0,6.0,2.0,Obese,Fair,0.0,12,12,0,0.0
Adult,1.0,6.0,2.0,Obese,Fair,1.0,1,1,0,0.0
Adult,1.0,6.0,2.0,Obese,Fair,2.0,1,2,1,100.0
Adult,1.0,6.0,2.0,Obese,Good,0.0,9,9,0,0.0
Adult,1.0,6.0,2.0,Obese,Good,2.0,1,0,-1,100.0
Adult,1.0,6.0,2.0,Obese,Poor,0.0,18,18,0,0.0
Adult,1.0,6.0,2.0,Obese,Poor,1.0,1,0,-1,100.0
Adult,1.0,6.0,2.0,Obese,Poor,2.0,13,11,-2,15.38
Adult,1.0,6.0,2.0,Overweight,Fair,0.0,6,8,2,33.33
Adult,1.0,6.0,2.0,Overweight,Fair,2.0,2,2,0,0.0
Adult,1.0,6.0,2.0,Overweight,Good,0.0,15,15,0,0.0
Adult,1.0,6.0,2.0,Overweight,Good,2.0,1,1,0,0.0
Adult,1.0,6.0,2.0,Overweight,Poor,0.0,10,7,-3,30.0
Adult,1.0,6.0,2.0,Overweight,Poor,2.0,3,5,2,66.67
Adult,1.0,6.0,3.0,Normal,Fair,0.0,12,13,1,8.33
Adult,1.0,6.0,3.0,Normal,Fair,2.0,1,0,-1,100.0
Adult,1.0,6.0,3.0,Normal,Good,0.0,21,21,0,0.0
Adult,1.0,6.0,3.0,Normal,Good,1.0,1,0,-1,100.0
Adult,1.0,6.0,3.0,Normal,Poor,0.0,9,9,0,0.0
Adult,1.0,6.0,3.0,Normal,Poor,2.0,3,0,-3,100.0
Adult,1.0,6.0,3.0,Obese,Fair,0.0,16,18,2,12.5
Adult,1.0,6.0,3.0,Obese,Fair,2.0,6,7,1,16.67
Adult,1.0,6.0,3.0,Obese,Good,0.0,21,21,0,0.0
Adult,1.0,6.0,3.0,Obese,Good,2.0,3,5,2,66.67
Adult,1.0,6.0,3.0,Obese,Poor,0.0,16,15,-1,6.25
Adult,1.0,6.0,3.0,Obese,Poor,1.0,1,2,1,100.0
Adult,1.0,6.0,3.0,Obese,Poor,2.0,8,8,0,0.0
Adult,1.0,6.0,3.0,Overweight,Fair,0.0,16,17,1,6.25
Adult,1.0,6.0,3.0,Overweight,Fair,2.0,2,1,-1,50.0
Adult,1.0,6.0,3.0,Overweight,Good,0.0,21,21,0,0.0
Adult,1.0,6.0,3.0,Overweight,Good,2.0,1,3,2,200.0
Adult,1.0,6.0,3.0,Overweight,Poor,0.0,16,16,0,0.0
Adult,1.0,6.0,3.0,Overweight,Poor,2.0,1,1,0,0.0
Adult,1.0,6.0,4.0,Normal,Fair,0.0,16,16,0,0.0
Adult,1.0,6.0,4.0,Normal,Fair,2.0,1,1,0,0.0
Adult,1.0,6.0,4.0,Normal,Good,0.0,26,25,-1,3.85
Adult,1.0,6.0,4.0,Normal,Good,2.0,2,2,0,0.0
Adult,1.0,6.0,4.0,Normal,Poor,0.0,8,8,0,0.0
Adult,1.0,6.0,4.0,Normal,Poor,2.0,2,2,0,0.0
Adult,1.0,6.0,4.0,Obese,Fair,0.0,31,29,-2,6.45
Adult,1.0,6.0,4.0,Obese,Fair,2.0,9,10,1,11.11
Adult,1.0,6.0,4.0,Obese,Good,0.0,30,31,1,3.33
Adult,1.0,6.0,4.0,Obese,Good,1.0,1,1,0,0.0
Adult,1.0,6.0,4.0,Obese,Good,2.0,3,4,1,33.33
Adult,1.0,6.0,4.0,Obese,Poor,0.0,23,23,0,0.0
Adult,1.0,6.0,4.0,Obese,Poor,2.0,17,14,-3,17.65
Adult,1.0,6.0,4.0,Overweight,Fair,0.0,40,41,1,2.5
Adult,1.0,6.0,4.0,Overweight,Fair,1.0,1,1,0,0.0
Adult,1.0,6.0,4.0,Overweight,Fair,2.0,2,0,-2,100.0
Adult,1.0,6.0,4.0,Overweight,Good,0.0,53,51,-2,3.77
Adult,1.0,6.0,4.0,Overweight,Good,2.0,3,3,0,0.0
Adult,1.0,6.0,4.0,Overweight,Poor,0.0,11,12,1,9.09
Adult,1.0,6.0,4.0,Overweight,Poor,1.0,2,2,0,0.0
Adult,1.0,6.0,4.0,Overweight,Poor,2.0,6,7,1,16.67
Adult,1.0,6.0,5.0,Normal,Fair,0.0,20,20,0,0.0
Adult,1.0,6.0,5.0,Normal,Fair,2.0,4,5,1,25.0
Adult,1.0,6.0,5.0,Normal,Good,0.0,53,52,-1,1.89
Adult,1.0,6.0,5.0,Normal,Good,2.0,2,1,-1,50.0
Adult,1.0,6.0,5.0,Normal,Poor,0.0,10,10,0,0.0
Adult,1.0,6.0,5.0,Normal,Poor,2.0,3,2,-1,33.33
Adult,1.0,6.0,5.0,Obese,Fair,0.0,54,54,0,0.0
Adult,1.0,6.0,5.0,Obese,Fair,1.0,1,0,-1,100.0
Adult,1.0,6.0,5.0,Obese,Fair,2.0,12,10,-2,16.67
Adult,1.0,6.0,5.0,Obese,Good,0.0,58,59,1,1.72
Adult,1.0,6.0,5.0,Obese,Good,2.0,1,1,0,0.0
Adult,1.0,6.0,5.0,Obese,Poor,0.0,16,18,2,12.5
Adult,1.0,6.0,5.0,Obese,Poor,2.0,16,16,0,0.0
Adult,1.0,6.0,5.0,Overweight,Fair,0.0,45,44,-1,2.22
Adult,1.0,6.0,5.0,Overweight,Fair,2.0,6,7,1,16.67
Adult,1.0,6.0,5.0,Overweight,Good,0.0,86,86,0,0.0
Adult,1.0,6.0,5.0,Overweight,Good,1.0,3,3,0,0.0
Adult,1.0,6.0,5.0,Overweight,Good,2.0,1,3,2,200.0
Adult,1.0,6.0,5.0,Overweight,Poor,0.0,14,14,0,0.0
Adult,1.0,6.0,5.0,Overweight,Poor,2.0,7,5,-2,28.57
Adult,1.0,6.0,6.0,Normal,Fair,0.0,39,39,0,0.0
Adult,1.0,6.0,6.0,Normal,Fair,2.0,1,0,-1,100.0
Adult,1.0,6.0,6.0,Normal,Good,0.0,155,156,1,0.65
Adult,1.0,6.0,6.0,Normal,Good,1.0,1,1,0,0.0
Adult,1.0,6.0,6.0,Normal,Good,2.0,2,2,0,0.0
Adult,1.0,6.0,6.0,Normal,Poor,0.0,7,7,0,0.0
Adult,1.0,6.0,6.0,Normal,Poor,1.0,1,1,0,0.0
Adult,1.0,6.0,6.0,Normal,Poor,2.0,4,4,0,0.0
Adult,1.0,6.0,6.0,Obese,Fair,0.0,123,122,-1,0.81
Adult,1.0,6.0,6.0,Obese,Fair,1.0,5,5,0,0.0
Adult,1.0,6.0,6.0,Obese,Fair,2.0,26,26,0,0.0
Adult,1.0,6.0,6.0,Obese,Good,0.0,150,151,1,0.67
Adult,1.0,6.0,6.0,Obese,Good,1.0,1,2,1,100.0
Adult,1.0,6.0,6.0,Obese,Good,2.0,14,13,-1,7.14
Adult,1.0,6.0,6.0,Obese,Poor,0.0,35,35,0,0.0
Adult,1.0,6.0,6.0,Obese,Poor,1.0,2,2,0,0.0
Adult,1.0,6.0,6.0,Obese,Poor,2.0,13,12,-1,7.69
Adult,1.0,6.0,6.0,Overweight,Fair,0.0,102,102,0,0.0
Adult,1.0,6.0,6.0,Overweight,Fair,1.0,1,1,0,0.0
Adult,1.0,6.0,6.0,Overweight,Fair,2.0,13,13,0,0.0
Adult,1.0,6.0,6.0,Overweight,Good,0.0,225,225,0,0.0
Adult,1.0,6.0,6.0,Overweight,Good,2.0,11,13,2,18.18
Adult,1.0,6.0,6.0,Overweight,Poor,0.0,20,20,0,0.0
Adult,1.0,6.0,6.0,Overweight,Poor,2.0,2,2,0,0.0
Adult,1.0,6.0,7.0,Normal,Fair,0.0,68,67,-1,1.47
Adult,1.0,6.0,7.0,Normal,Fair,2.0,2,1,-1,50.0
Adult,1.0,6.0,7.0,Normal,Good,0.0,300,300,0,0.0
Adult,1.0,6.0,7.0,Normal,Good,1.0,1,2,1,100.0
Adult,1.0,6.0,7.0,Normal,Good,2.0,7,7,0,0.0
Adult,1.0,6.0,7.0,Normal,Poor,0.0,14,13,-1,7.14
Adult,1.0,6.0,7.0,Normal,Poor,2.0,3,3,0,0.0
Adult,1.0,6.0,7.0,Obese,Fair,0.0,236,236,0,0.0
Adult,1.0,6.0,7.0,Obese,Fair,1.0,8,7,-1,12.5
Adult,1.0,6.0,7.0,Obese,Fair,2.0,46,47,1,2.17
Adult,1.0,6.0,7.0,Obese,Good,0.0,312,312,0,0.0
Adult,1.0,6.0,7.0,Obese,Good,1.0,5,5,0,0.0
Adult,1.0,6.0,7.0,Obese,Good,2.0,27,28,1,3.7
Adult,1.0,6.0,7.0,Obese,Poor,0.0,73,73,0,0.0
Adult,1.0,6.0,7.0,Obese,Poor,1.0,3,1,-2,66.67
Adult,1.0,6.0,7.0,Obese,Poor,2.0,26,20,-6,23.08
Adult,1.0,6.0,7.0,Overweight,Fair,0.0,165,164,-1,0.61
Adult,1.0,6.0,7.0,Overweight,Fair,2.0,20,20,0,0.0
Adult,1.0,6.0,7.0,Overweight,Good,0.0,614,614,0,0.0
Adult,1.0,6.0,7.0,Overweight,Good,1.0,4,3,-1,25.0
Adult,1.0,6.0,7.0,Overweight,Good,2.0,15,15,0,0.0
Adult,1.0,6.0,7.0,Overweight,Poor,0.0,25,25,0,0.0
Adult,1.0,6.0,7.0,Overweight,Poor,1.0,1,1,0,0.0
Adult,1.0,6.0,7.0,Overweight,Poor,2.0,6,6,0,0.0
Adult,1.0,6.0,7.0,Underweight,Good,0.0,6,7,1,16.67
Adult,1.0,6.0,8.0,Normal,Fair,0.0,282,282,0,0.0
Adult,1.0,6.0,8.0,Normal,Fair,1.0,4,4,0,0.0
Adult,1.0,6.0,8.0,Normal,Fair,2.0,15,13,-2,13.33
Adult,1.0,6.0,8.0,Normal,Good,0.0,2115,2116,1,0.05
Adult,1.0,6.0,8.0,Normal,Good,1.0,5,5,0,0.0
Adult,1.0,6.0,8.0,Normal,Good,2.0,26,25,-1,3.85
Adult,1.0,6.0,8.0,Normal,Poor,0.0,48,48,0,0.0
Adult,1.0,6.0,8.0,Normal,Poor,2.0,4,5,1,25.0
Adult,1.0,6.0,8.0,Obese,Fair,0.0,1063,1063,0,0.0
Adult,1.0,6.0,8.0,Obese,Fair,1.0,25,26,1,4.0
Adult,1.0,6.0,8.0,Obese,Fair,2.0,171,171,0,0.0
Adult,1.0,6.0,8.0,Obese,Good,0.0,1888,1888,0,0.0
Adult,1.0,6.0,8.0,Obese,Good,1.0,17,18,1,5.88
Adult,1.0,6.0,8.0,Obese,Good,2.0,89,89,0,0.0
Adult,1.0,6.0,8.0,Obese,Poor,0.0,160,160,0,0.0
Adult,1.0,6.0,8.0,Obese,Poor,1.0,10,10,0,0.0
Adult,1.0,6.0,8.0,Obese,Poor,2.0,63,64,1,1.59
Adult,1.0,6.0,8.0,Overweight,Fair,0.0,859,858,-1,0.12
Adult,1.0,6.0,8.0,Overweight,Fair,1.0,9,6,-3,33.33
Adult,1.0,6.0,8.0,Overweight,Fair,2.0,76,76,0,0.0
Adult,1.0,6.0,8.0,Overweight,Good,0.0,3906,3909,3,0.08
Adult,1.0,6.0,8.0,Overweight,Good,1.0,10,9,-1,10.0
Adult,1.0,6.0,8.0,Overweight,Good,2.0,82,82,0,0.0
Adult,1.0,6.0,8.0,Overweight,Poor,0.0,85,85,0,0.0
Adult,1.0,6.0,8.0,Overweight,Poor,1.0,2,1,-1,50.0
Adult,1.0,6.0,8.0,Overweight,Poor,2.0,20,19,-1,5.0
Adult,1.0,6.0,8.0,Underweight,Good,0.0,28,28,0,0.0
Any,0.0,1.0,6.0,Any,Fair,0.0,3,2,-1,33.33
Any,0.0,1.0,6.0,Any,Fair,2.0,2,2,0,0.0
Any,0.0,1.0,7.0,Any,Good,0.0,6,7,1,16.67
Any,0.0,1.0,Low,Any,Fair,0.0,3,3,0,0.0
Any,0.0,1.0,Low,Any,Fair,2.0,4,5,1,25.0
Any,0.0,1.0,Low,Any,Good,0.0,6,6,0,0.0
Any,0.0,1.0,Low,Any,Poor,0.0,4,4,0,0.0
Any,0.0,1.0,Low,Any,Poor,1.0,1,0,-1,100.0
Any,0.0,1.0,Low,Any,Poor,2.0,3,3,0,0.0
Any,0.0,1.0,Middle,Any,Fair,0.0,4,3,-1,25.0
Any,0.0,1.0,Middle,Any,Fair,2.0,1,0,-1,100.0
Any,0.0,1.0,Middle,Any,Good,0.0,5,5,0,0.0
Any,0.0,1.0,Middle,Any,Poor,0.0,7,5,-2,28.57
Any,0.0,1.0,Middle,Any,Poor,2.0,1,0,-1,100.0
Any,0.0,2.0,1.0,Any,Poor,0.0,6,6,0,0.0
Any,0.0,2.0,3.0,Any,Fair,0.0,6,7,1,16.67
Any,0.0,2.0,5.0,Any,Fair,0.0,6,6,0,0.0
Any,0.0,2.0,6.0,Any,Fair,0.0,5,5,0,0.0
Any,0.0,2.0,6.0,Any,Fair,2.0,2,0,-2,100.0
Any,0.0,2.0,7.0,Any,Fair,0.0,4,2,-2,50.0
Any,0.0,2.0,7.0,Any,Fair,2.0,2,4,2,100.0
Any,0.0,2.0,7.0,Any,Good,0.0,6,8,2,33.33
Any,0.0,2.0,8.0,Any,Poor,0.0,2,3,1,50.0
Any,0.0,2.0,8.0,Any,Poor,1.0,1,2,1,100.0
Any,0.0,2.0,8.0,Any,Poor,2.0,2,1,-1,50.0
Any,0.0,2.0,Low,Any,Good,0.0,9,10,1,11.11
Any,0.0,2.0,Low,Any,Good,2.0,1,2,1,100.0
Any,0.0,2.0,Low,Any,Poor,0.0,6,6,0,0.0
Any,0.0,2.0,Low,Any,Poor,2.0,1,0,-1,100.0
Any,0.0,2.0,Low-Middle,Any,Fair,0.0,6,7,1,16.67
Any,0.0,2.0,Low-Middle,Any,Fair,2.0,1,2,1,100.0
Any,0.0,2.0,Middle,Any,Good,0.0,7,7,0,0.0
Any,0.0,2.0,Middle,Any,Poor,0.0,6,2,-4,66.67
Any,0.0,2.0,Middle,Any,Poor,2.0,2,0,-2,100.0
Any,0.0,3.0,3.0,Any,Fair,0.0,6,6,0,0.0
Any,0.0,3.0,3.0,Any,Fair,2.0,2,0,-2,100.0
Any,0.0,3.0,5.0,Any,Good,0.0,5,2,-3,60.0
Any,0.0,3.0,6.0,Any,Poor,0.0,4,3,-1,25.0
Any,0.0,3.0,6.0,Any,Poor,2.0,1,1,0,0.0
Any,0.0,3.0,7.0,Any,Good,0.0,5,5,0,0.0
Any,0.0,3.0,7.0,Any,Poor,0.0,4,6,2,50.0
Any,0.0,3.0,7.0,Any,Poor,2.0,1,1,0,0.0
Any,0.0,3.0,8.0,Any,Good,0.0,6,7,1,16.67
Any,0.0,3.0,Any,Any,Fair,0.0,8,8,0,0.0
Any,0.0,3.0,Low,Any,Good,0.0,6,5,-1,16.67
Any,0.0,3.0,Low,Any,Poor,0.0,7,8,1,14.29
Any,0.0,3.0,Low,Any,Poor,1.0,1,2,1,100.0
Any,0.0,3.0,Middle,Any,Fair,0.0,9,10,1,11.11
Any,0.0,4.0,1.0,Any,Good,0.0,7,9,2,28.57
Any,0.0,4.0,7.0,Any,Poor,0.0,6,6,0,0.0
Any,0.0,4.0,8.0,Any,Fair,0.0,6,6,0,0.0
Any,0.0,4.0,8.0,Any,Poor,0.0,5,6,1,20.0
Any,0.0,4.0,8.0,Any,Poor,2.0,1,1,0,0.0
Any,0.0,4.0,Low,Any,Good,0.0,4,4,0,0.0
Any,0.0,4.0,Low,Any,Good,2.0,1,1,0,0.0
Any,0.0,4.0,Low-Middle,Any,Fair,0.0,7,7,0,0.0
Any,0.0,4.0,Middle,Any,Good,0.0,7,9,2,28.57
Any,0.0,5.0,3.0,Any,Fair,0.0,5,5,0,0.0
Any,0.0,5.0,7.0,Any,Poor,0.0,5,4,-1,20.0
Any,0.0,5.0,7.0,Any,Poor,2.0,2,0,-2,100.0
Any,0.0,5.0,8.0,Any,Fair,0.0,6,9,3,50.0
Any,0.0,5.0,8.0,Any,Fair,2.0,1,1,0,0.0
Any,0.0,5.0,Middle,Any,Fair,0.0,8,7,-1,12.5
Any,0.0,5.0,Middle,Any,Poor,0.0,4,4,0,0.0
Any,0.0,5.0,Middle,Any,Poor,2.0,1,1,0,0.0
Any,0.0,6.0,3.0,Any,Fair,0.0,6,5,-1,16.67
Any,0.0,6.0,3.0,Any,Good,0.0,7,7,0,0.0
Any,0.0,6.0,4.0,Any,Good,0.0,5,0,-5,100.0
Any,0.0,6.0,Any,Any,Poor,0.0,3,3,0,0.0
Any,0.0,6.0,Any,Any,Poor,1.0,1,6,5,500.0
Any,0.0,6.0,Any,Any,Poor,2.0,1,3,2,200.0
Any,0.0,6.0,Low-Middle,Any,Good,0.0,6,5,-1,16.67
Any,0.0,6.0,Low-Middle,Any,Good,2.0,1,1,0,0.0
Any,0.0,6.0,Middle,Any,Fair,0.0,6,5,-1,16.67
Any,0.0,6.0,Middle,Any,Poor,0.0,8,7,-1,12.5
Any,0.0,Any,Any,Any,Any,0.0,8,8,0,0.0
Any,0.0,LowEdu,Any,Any,Fair,0.0,7,9,2,28.57
Any,0.0,LowEdu,Any,Any,Fair,2.0,1,0,-1,100.0
Any,0.0,LowEdu,Any,Any,Poor,0.0,5,4,-1,20.0
Any,0.0,LowEdu,Any,Any,Poor,2.0,2,3,1,50.0
Any,0.0,MidEdu,Any,Any,Good,0.0,6,6,0,0.0
Any,0.0,MidEdu,Any,Any,Poor,0.0,6,3,-3,50.0
Any,0.0,MidEdu,Any,Any,Poor,2.0,1,3,2,200.0
Any,1.0,1.0,1.0,Any,Poor,0.0,6,6,0,0.0
Any,1.0,1.0,1.0,Any,Poor,2.0,1,0,-1,100.0
Any,1.0,1.0,5.0,Any,Poor,0.0,5,4,-1,20.0
Any,1.0,1.0,5.0,Any,Poor,2.0,1,2,1,100.0
Any,1.0,1.0,Any,Any,Poor,0.0,3,2,-1,33.33
Any,1.0,1.0,Any,Any,Poor,2.0,3,4,1,33.33
Any,1.0,1.0,High,Any,Good,0.0,5,0,-5,100.0
Any,1.0,1.0,Low,Any,Fair,0.0,7,7,0,0.0
Any,1.0,1.0,Low,Any,Fair,2.0,3,4,1,33.33
Any,1.0,1.0,Low,Any,Good,0.0,5,4,-1,20.0
Any,1.0,1.0,Middle,Any,Fair,0.0,9,11,2,22.22
Any,1.0,1.0,Middle,Any,Fair,2.0,1,0,-1,100.0
Any,1.0,1.0,Middle,Any,Good,0.0,6,6,0,0.0
Any,1.0,1.0,Middle,Any,Good,2.0,1,0,-1,100.0
Any,1.0,1.0,Middle,Any,Poor,0.0,4,4,0,0.0
Any,1.0,1.0,Middle,Any,Poor,1.0,1,0,-1,100.0
Any,1.0,1.0,Middle,Any,Poor,2.0,2,1,-1,50.0
Any,1.0,2.0,1.0,Any,Fair,0.0,5,5,0,0.0
Any,1.0,2.0,1.0,Any,Poor,0.0,5,3,-2,40.0
Any,1.0,2.0,1.0,Any,Poor,2.0,2,2,0,0.0
Any,1.0,2.0,2.0,Any,Good,0.0,5,5,0,0.0
Any,1.0,2.0,2.0,Any,Good,1.0,1,3,2,200.0
Any,1.0,2.0,3.0,Any,Poor,0.0,4,4,0,0.0
Any,1.0,2.0,3.0,Any,Poor,2.0,2,2,0,0.0
Any,1.0,2.0,4.0,Any,Fair,0.0,6,8,2,33.33
Any,1.0,2.0,6.0,Any,Fair,0.0,5,5,0,0.0
Any,1.0,2.0,6.0,Any,Fair,2.0,1,1,0,0.0
Any,1.0,2.0,7.0,Any,Poor,0.0,4,6,2,50.0
Any,1.0,2.0,7.0,Any,Poor,1.0,1,0,-1,100.0
Any,1.0,2.0,7.0,Any,Poor,2.0,1,0,-1,100.0
Any,1.0,2.0,8.0,Any,Good,0.0,6,5,-1,16.67
Any,1.0,2.0,8.0,Any,Good,2.0,1,1,0,0.0
Any,1.0,2.0,8.0,Any,Poor,0.0,3,4,1,33.33
Any,1.0,2.0,8.0,Any,Poor,2.0,3,5,2,66.67
Any,1.0,2.0,Any,Any,Good,0.0,4,8,4,100.0
Any,1.0,2.0,Any,Any,Good,2.0,1,1,0,0.0
Any,1.0,2.0,High,Any,Fair,0.0,5,5,0,0.0
Any,1.0,2.0,High,Any,Fair,2.0,1,3,2,200.0
Any,1.0,2.0,Low,Any,Fair,0.0,5,7,2,40.0
Any,1.0,2.0,Low,Any,Good,0.0,7,7,0,0.0
Any,1.0,2.0,Low,Any,Good,2.0,1,3,2,200.0
Any,1.0,2.0,Middle,Any,Poor,0.0,5,5,0,0.0
Any,1.0,2.0,Middle,Any,Poor,2.0,1,1,0,0.0
Any,1.0,3.0,1.0,Any,Poor,0.0,4,4,0,0.0
Any,1.0,3.0,1.0,Any,Poor,2.0,2,3,1,50.0
Any,1.0,3.0,3.0,Any,Poor,0.0,3,2,-1,33.33
Any,1.0,3.0,3.0,Any,Poor,2.0,2,3,1,50.0
Any,1.0,3.0,8.0,Any,Fair,0.0,5,9,4,80.0
Any,1.0,3.0,8.0,Any,Fair,2.0,2,2,0,0.0
Any,1.0,3.0,Any,Any,Poor,0.0,6,6,0,0.0
Any,1.0,3.0,Any,Any,Poor,2.0,1,1,0,0.0
Any,1.0,3.0,High,Any,Good,0.0,6,7,1,16.67
Any,1.0,3.0,High,Any,Good,1.0,1,2,1,100.0
Any,1.0,3.0,Low,Any,Fair,0.0,5,2,-3,60.0
Any,1.0,3.0,Middle,Any,Fair,0.0,5,4,-1,20.0
Any,1.0,3.0,Middle,Any,Fair,1.0,1,0,-1,100.0
Any,1.0,3.0,Middle,Any,Good,0.0,7,6,-1,14.29
Any,1.0,3.0,Middle,Any,Good,2.0,2,1,-1,50.0
Any,1.0,3.0,Middle,Any,Poor,0.0,5,5,0,0.0
Any,1.0,3.0,Middle,Any,Poor,2.0,1,0,-1,100.0
Any,1.0,4.0,1.0,Any,Good,0.0,5,7,2,40.0
Any,1.0,4.0,1.0,Any,Good,1.0,1,1,0,0.0
Any,1.0,4.0,1.0,Any,Good,2.0,1,2,1,100.0
Any,1.0,4.0,2.0,Any,Fair,0.0,4,5,1,25.0
Any,1.0,4.0,2.0,Any,Fair,2.0,1,3,2,200.0
Any,1.0,4.0,2.0,Any,Good,0.0,6,6,0,0.0
Any,1.0,4.0,3.0,Any,Fair,0.0,7,5,-2,28.57
Any,1.0,4.0,3.0,Any,Poor,0.0,5,5,0,0.0
Any,1.0,4.0,5.0,Any,Poor,0.0,8,11,3,37.5
Any,1.0,4.0,6.0,Any,Poor,0.0,5,5,0,0.0
Any,1.0,4.0,7.0,Any,Good,0.0,6,6,0,0.0
Any,1.0,4.0,8.0,Any,Good,0.0,8,8,0,0.0
Any,1.0,4.0,8.0,Any,Poor,0.0,3,4,1,33.33
Any,1.0,4.0,8.0,Any,Poor,2.0,2,2,0,0.0
Any,1.0,4.0,Any,Any,Poor,0.0,7,6,-1,14.29
Any,1.0,4.0,Any,Any,Poor,2.0,1,2,1,100.0
Any,1.0,4.0,High,Any,Fair,0.0,4,4,0,0.0
Any,1.0,4.0,High,Any,Fair,2.0,1,1,0,0.0
Any,1.0,4.0,Low,Any,Poor,0.0,4,3,-1,25.0
Any,1.0,4.0,Low,Any,Poor,2.0,2,4,2,100.0
Any,1.0,4.0,Middle,Any,Fair,0.0,5,5,0,0.0
Any,1.0,4.0,Middle,Any,Good,0.0,7,5,-2,28.57
Any,1.0,5.0,1.0,Any,Good,0.0,4,6,2,50.0
Any,1.0,5.0,1.0,Any,Good,2.0,1,0,-1,100.0
Any,1.0,5.0,2.0,Any,Fair,0.0,6,6,0,0.0
Any,1.0,5.0,2.0,Any,Fair,2.0,1,1,0,0.0
Any,1.0,5.0,3.0,Any,Fair,0.0,7,8,1,14.29
Any,1.0,5.0,3.0,Any,Fair,2.0,1,1,0,0.0
Any,1.0,5.0,3.0,Any,Poor,0.0,5,5,0,0.0
Any,1.0,5.0,4.0,Any,Good,0.0,7,8,1,14.29
Any,1.0,5.0,5.0,Any,Good,0.0,7,8,1,14.29
Any,1.0,5.0,8.0,Any,Fair,0.0,7,11,4,57.14
Any,1.0,5.0,8.0,Any,Fair,2.0,1,2,1,100.0
Any,1.0,5.0,8.0,Any,Poor,0.0,5,4,-1,20.0
Any,1.0,5.0,Any,Any,Good,0.0,7,8,1,14.29
Any,1.0,5.0,Any,Any,Good,2.0,1,1,0,0.0
Any,1.0,5.0,Any,Any,Poor,0.0,6,6,0,0.0
Any,1.0,5.0,Any,Any,Poor,2.0,1,1,0,0.0
Any,1.0,5.0,Middle,Any,Fair,0.0,4,4,0,0.0
Any,1.0,5.0,Middle,Any,Fair,2.0,1,1,0,0.0
Any,1.0,5.0,Middle,Any,Poor,0.0,8,7,-1,12.5
Any,1.0,6.0,3.0,Any,Fair,0.0,5,6,1,20.0
Any,1.0,6.0,3.0,Any,Fair,2.0,1,0,-1,100.0
Any,1.0,6.0,3.0,Any,Good,0.0,6,7,1,16.67
Any,1.0,6.0,4.0,Any,Good,0.0,4,5,1,25.0
Any,1.0,6.0,4.0,Any,Good,2.0,1,2,1,100.0
Any,1.0,6.0,7.0,Any,Poor,0.0,5,3,-2,40.0
Any,1.0,6.0,7.0,Any,Poor,2.0,1,1,0,0.0
Any,1.0,6.0,Any,Any,Good,0.0,6,6,0,0.0
Any,1.0,6.0,Any,Any,Good,2.0,2,2,0,0.0
Any,1.0,6.0,High,Any,Fair,0.0,6,5,-1,16.67
Any,1.0,6.0,Low,Any,Fair,0.0,6,8,2,33.33
Any,1.0,6.0,Low,Any,Good,0.0,6,7,1,16.67
Any,1.0,6.0,Low,Any,Poor,0.0,6,5,-1,16.67
Any,1.0,6.0,Low,Any,Poor,1.0,1,3,2,200.0
Any,1.0,6.0,Middle,Any,Fair,0.0,7,7,0,0.0
Any,1.0,6.0,Middle,Any,Poor,0.0,4,3,-1,25.0
Any,1.0,6.0,Middle,Any,Poor,2.0,1,1,0,0.0
Any,1.0,Any,Any,Any,Fair,0.0,6,8,2,33.33
Any,1.0,Any,Any,Any,Fair,2.0,1,0,-1,100.0
Any,1.0,Any,Any,Any,Poor,0.0,6,6,0,0.0
Any,1.0,MidEdu,Any,Any,Fair,0.0,6,2,-4,66.67
Any,1.0,MidEdu,Any,Any,Good,0.0,5,4,-1,20.0
MiddleAge,0.0,1.0,1.0,Obese,Poor,0.0,3,3,0,0.0
MiddleAge,0.0,1.0,1.0,Obese,Poor,2.0,2,2,0,0.0
MiddleAge,0.0,2.0,1.0,Normal,Fair,0.0,7,7,0,0.0
MiddleAge,0.0,2.0,1.0,Normal,Fair,2.0,1,2,1,100.0
MiddleAge,0.0,2.0,1.0,Normal,Poor,0.0,23,24,1,4.35
MiddleAge,0.0,2.0,1.0,Normal,Poor,2.0,9,7,-2,22.22
MiddleAge,0.0,2.0,1.0,Obese,Fair,0.0,17,10,-7,41.18
MiddleAge,0.0,2.0,1.0,Obese,Fair,2.0,6,7,1,16.67
MiddleAge,0.0,2.0,1.0,Obese,Poor,0.0,24,24,0,0.0
MiddleAge,0.0,2.0,1.0,Obese,Poor,1.0,7,9,2,28.57
MiddleAge,0.0,2.0,1.0,Obese,Poor,2.0,60,59,-1,1.67
MiddleAge,0.0,2.0,1.0,Overweight,Fair,0.0,5,4,-1,20.0
MiddleAge,0.0,2.0,1.0,Overweight,Fair,1.0,1,2,1,100.0
MiddleAge,0.0,2.0,1.0,Overweight,Fair,2.0,1,0,-1,100.0
MiddleAge,0.0,2.0,1.0,Overweight,Poor,0.0,29,29,0,0.0
MiddleAge,0.0,2.0,1.0,Overweight,Poor,1.0,2,2,0,0.0
MiddleAge,0.0,2.0,1.0,Overweight,Poor,2.0,11,13,2,18.18
MiddleAge,0.0,2.0,1.0,Overweight-Range,Good,0.0,3,5,2,66.67
MiddleAge,0.0,2.0,1.0,Overweight-Range,Good,2.0,2,2,0,0.0
MiddleAge,0.0,2.0,2.0,Normal,Fair,0.0,5,6,1,20.0
MiddleAge,0.0,2.0,2.0,Normal,Fair,2.0,3,2,-1,33.33
MiddleAge,0.0,2.0,2.0,Normal,Poor,0.0,7,10,3,42.86
MiddleAge,0.0,2.0,2.0,Normal,Poor,1.0,1,1,0,0.0
MiddleAge,0.0,2.0,2.0,Normal,Poor,2.0,6,7,1,16.67
MiddleAge,0.0,2.0,2.0,Obese,Fair,0.0,6,6,0,0.0
MiddleAge,0.0,2.0,2.0,Obese,Fair,2.0,7,8,1,14.29
MiddleAge,0.0,2.0,2.0,Obese,Good,0.0,5,6,1,20.0
MiddleAge,0.0,2.0,2.0,Obese,Good,1.0,1,3,2,200.0
MiddleAge,0.0,2.0,2.0,Obese,Poor,0.0,31,32,1,3.23
MiddleAge,0.0,2.0,2.0,Obese,Poor,1.0,4,0,-4,100.0
MiddleAge,0.0,2.0,2.0,Obese,Poor,2.0,29,32,3,10.34
MiddleAge,0.0,2.0,2.0,Overweight,Fair,0.0,7,7,0,0.0
MiddleAge,0.0,2.0,2.0,Overweight,Fair,2.0,2,2,0,0.0
MiddleAge,0.0,2.0,2.0,Overweight,Good,0.0,5,4,-1,20.0
MiddleAge,0.0,2.0,2.0,Overweight,Poor,0.0,16,18,2,12.5
MiddleAge,0.0,2.0,2.0,Overweight,Poor,1.0,2,1,-1,50.0
MiddleAge,0.0,2.0,2.0,Overweight,Poor,2.0,16,16,0,0.0
MiddleAge,0.0,2.0,3.0,Normal,Fair,0.0,11,11,0,0.0
MiddleAge,0.0,2.0,3.0,Normal,Poor,0.0,2,1,-1,50.0
MiddleAge,0.0,2.0,3.0,Normal,Poor,2.0,4,4,0,0.0
MiddleAge,0.0,2.0,3.0,Obese,Fair,0.0,7,7,0,0.0
MiddleAge,0.0,2.0,3.0,Obese,Fair,2.0,6,5,-1,16.67
MiddleAge,0.0,2.0,3.0,Obese,Good,0.0,5,7,2,40.0
MiddleAge,0.0,2.0,3.0,Obese,Good,2.0,1,2,1,100.0
MiddleAge,0.0,2.0,3.0,Obese,Poor,0.0,17,17,0,0.0
MiddleAge,0.0,2.0,3.0,Obese,Poor,1.0,2,2,0,0.0
MiddleAge,0.0,2.0,3.0,Obese,Poor,2.0,25,25,0,0.0
MiddleAge,0.0,2.0,3.0,Overweight,Fair,0.0,8,8,0,0.0
MiddleAge,0.0,2.0,3.0,Overweight,Fair,2.0,1,0,-1,100.0
MiddleAge,0.0,2.0,3.0,Overweight,Good,0.0,6,7,1,16.67
MiddleAge,0.0,2.0,3.0,Overweight,Good,2.0,1,0,-1,100.0
MiddleAge,0.0,2.0,3.0,Overweight,Poor,0.0,16,13,-3,18.75
MiddleAge,0.0,2.0,3.0,Overweight,Poor,2.0,9,10,1,11.11
MiddleAge,0.0,2.0,4.0,Normal,Poor,0.0,4,5,1,25.0
MiddleAge,0.0,2.0,4.0,Normal,Poor,1.0,1,3,2,200.0
MiddleAge,0.0,2.0,4.0,Obese,Fair,0.0,6,7,1,16.67
MiddleAge,0.0,2.0,4.0,Obese,Fair,1.0,1,0,-1,100.0
MiddleAge,0.0,2.0,4.0,Obese,Fair,2.0,6,6,0,0.0
MiddleAge,0.0,2.0,4.0,Obese,Poor,0.0,11,11,0,0.0
MiddleAge,0.0,2.0,4.0,Obese,Poor,1.0,3,3,0,0.0
MiddleAge,0.0,2.0,4.0,Obese,Poor,2.0,16,16,0,0.0
MiddleAge,0.0,2.0,4.0,Overweight,Fair,0.0,4,6,2,50.0
MiddleAge,0.0,2.0,4.0,Overweight,Fair,2.0,3,2,-1,33.33
MiddleAge,0.0,2.0,4.0,Overweight,Poor,0.0,5,7,2,40.0
MiddleAge,0.0,2.0,4.0,Overweight,Poor,2.0,6,8,2,33.33
MiddleAge,0.0,2.0,4.0,Overweight-Range,Good,0.0,5,8,3,60.0
MiddleAge,0.0,2.0,4.0,Overweight-Range,Good,2.0,2,2,0,0.0
MiddleAge,0.0,2.0,5.0,Normal,Good,0.0,5,4,-1,20.0
MiddleAge,0.0,2.0,5.0,Normal-Range,Fair,0.0,4,4,0,0.0
MiddleAge,0.0,2.0,5.0,Normal-Range,Fair,2.0,1,0,-1,100.0
MiddleAge,0.0,2.0,5.0,Obese,Fair,0.0,2,2,0,0.0
MiddleAge,0.0,2.0,5.0,Obese,Fair,2.0,4,4,0,0.0
MiddleAge,0.0,2.0,5.0,Obese,Good,0.0,5,3,-2,40.0
MiddleAge,0.0,2.0,5.0,Obese,Good,2.0,3,3,0,0.0
MiddleAge,0.0,2.0,5.0,Obese,Poor,0.0,14,14,0,0.0
MiddleAge,0.0,2.0,5.0,Obese,Poor,1.0,2,2,0,0.0
MiddleAge,0.0,2.0,5.0,Obese,Poor,2.0,9,12,3,33.33
MiddleAge,0.0,2.0,5.0,Overweight,Good,0.0,4,4,0,0.0
MiddleAge,0.0,2.0,5.0,Overweight,Good,2.0,1,1,0,0.0
MiddleAge,0.0,2.0,5.0,Overweight,Poor,0.0,5,5,0,0.0
MiddleAge,0.0,2.0,5.0,Overweight,Poor,2.0,5,5,0,0.0
MiddleAge,0.0,2.0,6.0,Any,Good,0.0,5,6,1,20.0
MiddleAge,0.0,2.0,6.0,Obese,Fair,0.0,4,2,-2,50.0
MiddleAge,0.0,2.0,6.0,Obese,Fair,2.0,2,1,-1,50.0
MiddleAge,0.0,2.0,6.0,Obese,Poor,0.0,1,1,0,0.0
MiddleAge,0.0,2.0,6.0,Obese,Poor,2.0,6,6,0,0.0
MiddleAge,0.0,2.0,6.0,Overweight,Fair,0.0,7,10,3,42.86
MiddleAge,0.0,2.0,6.0,Overweight,Poor,0.0,4,4,0,0.0
MiddleAge,0.0,2.0,6.0,Overweight,Poor,2.0,2,2,0,0.0
MiddleAge,0.0,2.0,7.0,Any,Good,0.0,3,1,-2,66.67
MiddleAge,0.0,2.0,7.0,Any,Good,2.0,2,2,0,0.0
MiddleAge,0.0,2.0,7.0,Overweight-Range,Fair,0.0,3,0,-3,100.0
MiddleAge,0.0,2.0,7.0,Overweight-Range,Fair,2.0,3,4,1,33.33
MiddleAge,0.0,2.0,8.0,Overweight-Range,Poor,0.0,2,5,3,150.0
MiddleAge,0.0,2.0,8.0,Overweight-Range,Poor,1.0,1,1,0,0.0
MiddleAge,0.0,2.0,8.0,Overweight-Range,Poor,2.0,2,3,1,50.0
MiddleAge,0.0,3.0,1.0,Normal,Fair,0.0,18,18,0,0.0
MiddleAge,0.0,3.0,1.0,Normal,Fair,1.0,1,1,0,0.0
MiddleAge,0.0,3.0,1.0,Normal,Fair,2.0,4,3,-1,25.0
MiddleAge,0.0,3.0,1.0,Normal,Good,0.0,18,20,2,11.11
MiddleAge,0.0,3.0,1.0,Normal,Poor,0.0,36,35,-1,2.78
MiddleAge,0.0,3.0,1.0,Normal,Poor,1.0,1,1,0,0.0
MiddleAge,0.0,3.0,1.0,Normal,Poor,2.0,15,16,1,6.67
MiddleAge,0.0,3.0,1.0,Obese,Fair,0.0,31,35,4,12.9
MiddleAge,0.0,3.0,1.0,Obese,Fair,1.0,1,3,2,200.0
MiddleAge,0.0,3.0,1.0,Obese,Fair,2.0,18,20,2,11.11
MiddleAge,0.0,3.0,1.0,Obese,Good,0.0,14,13,-1,7.14
MiddleAge,0.0,3.0,1.0,Obese,Good,1.0,1,2,1,100.0
MiddleAge,0.0,3.0,1.0,Obese,Good,2.0,2,2,0,0.0
MiddleAge,0.0,3.0,1.0,Obese,Poor,0.0,52,50,-2,3.85
MiddleAge,0.0,3.0,1.0,Obese,Poor,1.0,3,3,0,0.0
MiddleAge,0.0,3.0,1.0,Obese,Poor,2.0,72,72,0,0.0
MiddleAge,0.0,3.0,1.0,Overweight,Fair,0.0,28,28,0,0.0
MiddleAge,0.0,3.0,1.0,Overweight,Fair,2.0,8,7,-1,12.5
MiddleAge,0.0,3.0,1.0,Overweight,Good,0.0,13,14,1,7.69
MiddleAge,0.0,3.0,1.0,Overweight,Good,2.0,3,6,3,100.0
MiddleAge,0.0,3.0,1.0,Overweight,Poor,0.0,33,33,0,0.0
MiddleAge,0.0,3.0,1.0,Overweight,Poor,1.0,3,3,0,0.0
MiddleAge,0.0,3.0,1.0,Overweight,Poor,2.0,21,21,0,0.0
MiddleAge,0.0,3.0,1.0,Underweight,Poor,0.0,6,4,-2,33.33
MiddleAge,0.0,3.0,2.0,Normal,Fair,0.0,7,7,0,0.0
MiddleAge,0.0,3.0,2.0,Normal,Fair,2.0,2,3,1,50.0
MiddleAge,0.0,3.0,2.0,Normal,Good,0.0,5,5,0,0.0
MiddleAge,0.0,3.0,2.0,Normal,Good,2.0,1,0,-1,100.0
MiddleAge,0.0,3.0,2.0,Normal,Poor,0.0,24,23,-1,4.17
MiddleAge,0.0,3.0,2.0,Normal,Poor,2.0,6,6,0,0.0
MiddleAge,0.0,3.0,2.0,Obese,Fair,0.0,17,16,-1,5.88
MiddleAge,0.0,3.0,2.0,Obese,Fair,1.0,5,4,-1,20.0
MiddleAge,0.0,3.0,2.0,Obese,Fair,2.0,19,22,3,15.79
MiddleAge,0.0,3.0,2.0,Obese,Good,0.0,11,11,0,0.0
MiddleAge,0.0,3.0,2.0,Obese,Good,2.0,1,0,-1,100.0
MiddleAge,0.0,3.0,2.0,Obese,Poor,0.0,44,44,0,0.0
MiddleAge,0.0,3.0,2.0,Obese,Poor,1.0,4,4,0,0.0
MiddleAge,0.0,3.0,2.0,Obese,Poor,2.0,63,64,1,1.59
MiddleAge,0.0,3.0,2.0,Overweight,Fair,0.0,25,25,0,0.0
MiddleAge,0.0,3.0,2.0,Overweight,Fair,1.0,2,3,1,50.0
MiddleAge,0.0,3.0,2.0,Overweight,Fair,2.0,1,1,0,0.0
MiddleAge,0.0,3.0,2.0,Overweight,Good,0.0,14,16,2,14.29
MiddleAge,0.0,3.0,2.0,Overweight,Good,2.0,3,3,0,0.0
MiddleAge,0.0,3.0,2.0,Overweight,Poor,0.0,38,39,1,2.63
MiddleAge,0.0,3.0,2.0,Overweight,Poor,1.0,2,1,-1,50.0
MiddleAge,0.0,3.0,2.0,Overweight,Poor,2.0,20,20,0,0.0
MiddleAge,0.0,3.0,2.0,Underweight,Poor,0.0,7,8,1,14.29
MiddleAge,0.0,3.0,2.0,Underweight,Poor,2.0,1,2,1,100.0
MiddleAge,0.0,3.0,3.0,Normal,Fair,0.0,23,23,0,0.0
MiddleAge,0.0,3.0,3.0,Normal,Fair,2.0,3,2,-1,33.33
MiddleAge,0.0,3.0,3.0,Normal,Good,0.0,13,12,-1,7.69
MiddleAge,0.0,3.0,3.0,Normal,Good,2.0,1,0,-1,100.0
MiddleAge,0.0,3.0,3.0,Normal,Poor,0.0,20,19,-1,5.0
MiddleAge,0.0,3.0,3.0,Normal,Poor,2.0,6,6,0,0.0
MiddleAge,0.0,3.0,3.0,Obese,Fair,0.0,31,31,0,0.0
MiddleAge,0.0,3.0,3.0,Obese,Fair,1.0,3,2,-1,33.33
MiddleAge,0.0,3.0,3.0,Obese,Fair,2.0,17,19,2,11.76
MiddleAge,0.0,3.0,3.0,Obese,Good,0.0,15,13,-2,13.33
MiddleAge,0.0,3.0,3.0,Obese,Good,2.0,3,4,1,33.33
MiddleAge,0.0,3.0,3.0,Obese,Poor,0.0,45,45,0,0.0
MiddleAge,0.0,3.0,3.0,Obese,Poor,1.0,6,5,-1,16.67
MiddleAge,0.0,3.0,3.0,Obese,Poor,2.0,55,56,1,1.82
MiddleAge,0.0,3.0,3.0,Overweight,Fair,0.0,28,29,1,3.57
MiddleAge,0.0,3.0,3.0,Overweight,Fair,2.0,11,10,-1,9.09
MiddleAge,0.0,3.0,3.0,Overweight,Good,0.0,11,14,3,27.27
MiddleAge,0.0,3.0,3.0,Overweight,Good,1.0,1,1,0,0.0
MiddleAge,0.0,3.0,3.0,Overweight,Good,2.0,1,2,1,100.0
MiddleAge,0.0,3.0,3.0,Overweight,Poor,0.0,30,30,0,0.0
MiddleAge,0.0,3.0,3.0,Overweight,Poor,1.0,3,1,-2,66.67
MiddleAge,0.0,3.0,3.0,Overweight,Poor,2.0,12,13,1,8.33
MiddleAge,0.0,3.0,4.0,Normal,Fair,0.0,13,12,-1,7.69
MiddleAge,0.0,3.0,4.0,Normal,Fair,2.0,1,2,1,100.0
MiddleAge,0.0,3.0,4.0,Normal,Good,0.0,11,11,0,0.0
MiddleAge,0.0,3.0,4.0,Normal,Good,1.0,1,3,2,200.0
MiddleAge,0.0,3.0,4.0,Normal,Poor,0.0,11,13,2,18.18
MiddleAge,0.0,3.0,4.0,Normal,Poor,2.0,5,5,0,0.0
MiddleAge,0.0,3.0,4.0,Obese,Fair,0.0,29,33,4,13.79
MiddleAge,0.0,3.0,4.0,Obese,Fair,1.0,2,4,2,100.0
MiddleAge,0.0,3.0,4.0,Obese,Fair,2.0,18,22,4,22.22
MiddleAge,0.0,3.0,4.0,Obese,Good,0.0,11,9,-2,18.18
MiddleAge,0.0,3.0,4.0,Obese,Good,2.0,4,7,3,75.0
MiddleAge,0.0,3.0,4.0,Obese,Poor,0.0,37,37,0,0.0
MiddleAge,0.0,3.0,4.0,Obese,Poor,1.0,1,2,1,100.0
MiddleAge,0.0,3.0,4.0,Obese,Poor,2.0,30,31,1,3.33
MiddleAge,0.0,3.0,4.0,Overweight,Fair,0.0,21,21,0,0.0
MiddleAge,0.0,3.0,4.0,Overweight,Fair,2.0,5,7,2,40.0
MiddleAge,0.0,3.0,4.0,Overweight,Good,0.0,17,16,-1,5.88
MiddleAge,0.0,3.0,4.0,Overweight,Good,1.0,1,0,-1,100.0
MiddleAge,0.0,3.0,4.0,Overweight,Poor,0.0,20,19,-1,5.0
MiddleAge,0.0,3.0,4.0,Overweight,Poor,2.0,6,7,1,16.67
MiddleAge,0.0,3.0,5.0,Normal,Fair,0.0,22,22,0,0.0
MiddleAge,0.0,3.0,5.0,Normal,Fair,2.0,2,2,0,0.0
MiddleAge,0.0,3.0,5.0,Normal,Good,0.0,7,7,0,0.0
MiddleAge,0.0,3.0,5.0,Normal,Poor,0.0,13,11,-2,15.38
MiddleAge,0.0,3.0,5.0,Normal,Poor,2.0,1,0,-1,100.0
MiddleAge,0.0,3.0,5.0,Obese,Fair,0.0,17,16,-1,5.88
MiddleAge,0.0,3.0,5.0,Obese,Fair,1.0,1,0,-1,100.0
MiddleAge,0.0,3.0,5.0,Obese,Fair,2.0,6,8,2,33.33
MiddleAge,0.0,3.0,5.0,Obese,Good,0.0,13,13,0,0.0
MiddleAge,0.0,3.0,5.0,Obese,Good,1.0,1,0,-1,100.0
MiddleAge,0.0,3.0,5.0,Obese,Good,2.0,2,5,3,150.0
MiddleAge,0.0,3.0,5.0,Obese,Poor,0.0,19,19,0,0.0
MiddleAge,0.0,3.0,5.0,Obese,Poor,1.0,1,2,1,100.0
MiddleAge,0.0,3.0,5.0,Obese,Poor,2.0,20,21,1,5.0
MiddleAge,0.0,3.0,5.0,Overweight,Fair,0.0,14,13,-1,7.14
MiddleAge,0.0,3.0,5.0,Overweight,Fair,2.0,5,6,1,20.0
MiddleAge,0.0,3.0,5.0,Overweight,Good,0.0,20,20,0,0.0
MiddleAge,0.0,3.0,5.0,Overweight,Good,1.0,1,1,0,0.0
MiddleAge,0.0,3.0,5.0,Overweight,Good,2.0,2,4,2,100.0
MiddleAge,0.0,3.0,5.0,Overweight,Poor,0.0,15,15,0,0.0
MiddleAge,0.0,3.0,5.0,Overweight,Poor,2.0,6,8,2,33.33
MiddleAge,0.0,3.0,6.0,Normal,Fair,0.0,7,7,0,0.0
MiddleAge,0.0,3.0,6.0,Normal,Fair,1.0,1,2,1,100.0
MiddleAge,0.0,3.0,6.0,Normal,Fair,2.0,1,1,0,0.0
MiddleAge,0.0,3.0,6.0,Normal,Good,0.0,9,10,1,11.11
MiddleAge,0.0,3.0,6.0,Normal,Good,2.0,1,1,0,0.0
MiddleAge,0.0,3.0,6.0,Obese,Fair,0.0,11,11,0,0.0
MiddleAge,0.0,3.0,6.0,Obese,Fair,1.0,1,0,-1,100.0
MiddleAge,0.0,3.0,6.0,Obese,Fair,2.0,6,8,2,33.33
MiddleAge,0.0,3.0,6.0,Obese,Good,0.0,10,11,1,10.0
MiddleAge,0.0,3.0,6.0,Obese,Good,2.0,2,2,0,0.0
MiddleAge,0.0,3.0,6.0,Obese,Poor,0.0,12,11,-1,8.33
MiddleAge,0.0,3.0,6.0,Obese,Poor,1.0,7,6,-1,14.29
MiddleAge,0.0,3.0,6.0,Obese,Poor,2.0,8,7,-1,12.5
MiddleAge,0.0,3.0,6.0,Overweight,Fair,0.0,9,8,-1,11.11
MiddleAge,0.0,3.0,6.0,Overweight,Fair,1.0,1,2,1,100.0
MiddleAge,0.0,3.0,6.0,Overweight,Fair,2.0,4,5,1,25.0
MiddleAge,0.0,3.0,6.0,Overweight,Good,0.0,14,14,0,0.0
MiddleAge,0.0,3.0,6.0,Overweight,Good,1.0,1,1,0,0.0
MiddleAge,0.0,3.0,6.0,Overweight,Poor,0.0,15,13,-2,13.33
MiddleAge,0.0,3.0,6.0,Overweight,Poor,1.0,1,0,-1,100.0
MiddleAge,0.0,3.0,6.0,Overweight,Poor,2.0,4,4,0,0.0
MiddleAge,0.0,3.0,7.0,Normal,Good,0.0,6,5,-1,16.67
MiddleAge,0.0,3.0,7.0,Obese,Fair,0.0,7,4,-3,42.86
MiddleAge,0.0,3.0,7.0,Obese,Fair,1.0,1,2,1,100.0
MiddleAge,0.0,3.0,7.0,Obese,Fair,2.0,3,2,-1,33.33
MiddleAge,0.0,3.0,7.0,Obese,Good,0.0,8,8,0,0.0
MiddleAge,0.0,3.0,7.0,Obese,Good,2.0,1,0,-1,100.0
MiddleAge,0.0,3.0,7.0,Obese,Poor,0.0,3,2,-1,33.33
MiddleAge,0.0,3.0,7.0,Obese,Poor,1.0,1,1,0,0.0
MiddleAge,0.0,3.0,7.0,Obese,Poor,2.0,10,8,-2,20.0
MiddleAge,0.0,3.0,7.0,Overweight,Fair,0.0,4,4,0,0.0
MiddleAge,0.0,3.0,7.0,Overweight,Fair,1.0,1,1,0,0.0
MiddleAge,0.0,3.0,7.0,Overweight,Fair,2.0,3,3,0,0.0
MiddleAge,0.0,3.0,7.0,Overweight,Good,0.0,15,16,1,6.67
MiddleAge,0.0,3.0,7.0,Overweight,Good,1.0,1,1,0,0.0
MiddleAge,0.0,3.0,7.0,Overweight,Poor,0.0,5,4,-1,20.0
MiddleAge,0.0,3.0,7.0,Overweight,Poor,2.0,1,0,-1,100.0
MiddleAge,0.0,3.0,8.0,Normal,Good,0.0,9,9,0,0.0
MiddleAge,0.0,3.0,8.0,Obese,Fair,0.0,7,8,1,14.29
MiddleAge,0.0,3.0,8.0,Obese,Fair,1.0,1,3,2,200.0
MiddleAge,0.0,3.0,8.0,Obese,Fair,2.0,4,4,0,0.0
MiddleAge,0.0,3.0,8.0,Obese,Good,0.0,11,10,-1,9.09
MiddleAge,0.0,3.0,8.0,Obese,Good,2.0,1,0,-1,100.0
MiddleAge,0.0,3.0,8.0,Obese,Poor,0.0,1,1,0,0.0
MiddleAge,0.0,3.0,8.0,Obese,Poor,1.0,1,1,0,0.0
MiddleAge,0.0,3.0,8.0,Obese,Poor,2.0,7,10,3,42.86
MiddleAge,0.0,3.0,8.0,Overweight,Fair,0.0,8,9,1,12.5
MiddleAge,0.0,3.0,8.0,Overweight,Fair,2.0,1,1,0,0.0
MiddleAge,0.0,3.0,8.0,Overweight,Good,0.0,7,10,3,42.86
MiddleAge,0.0,3.0,8.0,Overweight,Poor,0.0,1,0,-1,100.0
MiddleAge,0.0,3.0,8.0,Overweight,Poor,2.0,5,5,0,0.0
MiddleAge,0.0,4.0,1.0,Normal,Fair,0.0,50,51,1,2.0
MiddleAge,0.0,4.0,1.0,Normal,Fair,1.0,1,2,1,100.0
MiddleAge,0.0,4.0,1.0,Normal,Fair,2.0,4,5,1,25.0
MiddleAge,0.0,4.0,1.0,Normal,Good,0.0,23,22,-1,4.35
MiddleAge,0.0,4.0,1.0,Normal,Good,1.0,1,4,3,300.0
MiddleAge,0.0,4.0,1.0,Normal,Good,2.0,8,8,0,0.0
MiddleAge,0.0,4.0,1.0,Normal,Poor,0.0,63,61,-2,3.17
MiddleAge,0.0,4.0,1.0,Normal,Poor,1.0,2,2,0,0.0
MiddleAge,0.0,4.0,1.0,Normal,Poor,2.0,15,13,-2,13.33
MiddleAge,0.0,4.0,1.0,Obese,Fair,0.0,79,78,-1,1.27
MiddleAge,0.0,4.0,1.0,Obese,Fair,1.0,4,5,1,25.0
MiddleAge,0.0,4.0,1.0,Obese,Fair,2.0,40,43,3,7.5
MiddleAge,0.0,4.0,1.0,Obese,Good,0.0,35,37,2,5.71
MiddleAge,0.0,4.0,1.0,Obese,Good,1.0,2,0,-2,100.0
MiddleAge,0.0,4.0,1.0,Obese,Good,2.0,13,12,-1,7.69
MiddleAge,0.0,4.0,1.0,Obese,Poor,0.0,118,119,1,0.85
MiddleAge,0.0,4.0,1.0,Obese,Poor,1.0,17,17,0,0.0
MiddleAge,0.0,4.0,1.0,Obese,Poor,2.0,131,128,-3,2.29
MiddleAge,0.0,4.0,1.0,Overweight,Fair,0.0,65,64,-1,1.54
MiddleAge,0.0,4.0,1.0,Overweight,Fair,1.0,3,5,2,66.67
MiddleAge,0.0,4.0,1.0,Overweight,Fair,2.0,21,21,0,0.0
MiddleAge,0.0,4.0,1.0,Overweight,Good,0.0,46,46,0,0.0
MiddleAge,0.0,4.0,1.0,Overweight,Good,1.0,4,6,2,50.0
MiddleAge,0.0,4.0,1.0,Overweight,Good,2.0,6,5,-1,16.67
MiddleAge,0.0,4.0,1.0,Overweight,Poor,0.0,102,103,1,0.98
MiddleAge,0.0,4.0,1.0,Overweight,Poor,1.0,5,6,1,20.0
MiddleAge,0.0,4.0,1.0,Overweight,Poor,2.0,50,50,0,0.0
MiddleAge,0.0,4.0,1.0,Underweight,Fair,0.0,4,3,-1,25.0
MiddleAge,0.0,4.0,1.0,Underweight,Fair,1.0,1,0,-1,100.0
MiddleAge,0.0,4.0,1.0,Underweight,Fair,2.0,1,0,-1,100.0
MiddleAge,0.0,4.0,1.0,Underweight,Poor,0.0,13,13,0,0.0
MiddleAge,0.0,4.0,1.0,Underweight,Poor,1.0,2,2,0,0.0
MiddleAge,0.0,4.0,1.0,Underweight,Poor,2.0,2,1,-1,50.0
MiddleAge,0.0,4.0,2.0,Normal,Fair,0.0,57,57,0,0.0
MiddleAge,0.0,4.0,2.0,Normal,Fair,1.0,1,1,0,0.0
MiddleAge,0.0,4.0,2.0,Normal,Fair,2.0,4,4,0,0.0
MiddleAge,0.0,4.0,2.0,Normal,Good,0.0,58,58,0,0.0
MiddleAge,0.0,4.0,2.0,Normal,Good,1.0,1,1,0,0.0
MiddleAge,0.0,4.0,2.0,Normal,Good,2.0,5,4,-1,20.0
MiddleAge,0.0,4.0,2.0,Normal,Poor,0.0,71,72,1,1.41
MiddleAge,0.0,4.0,2.0,Normal,Poor,2.0,17,18,1,5.88
MiddleAge,0.0,4.0,2.0,Obese,Fair,0.0,113,112,-1,0.88
MiddleAge,0.0,4.0,2.0,Obese,Fair,1.0,8,8,0,0.0
MiddleAge,0.0,4.0,2.0,Obese,Fair,2.0,76,75,-1,1.32
MiddleAge,0.0,4.0,2.0,Obese,Good,0.0,55,53,-2,3.64
MiddleAge,0.0,4.0,2.0,Obese,Good,1.0,5,6,1,20.0
MiddleAge,0.0,4.0,2.0,Obese,Good,2.0,7,0,-7,100.0
MiddleAge,0.0,4.0,2.0,Obese,Poor,0.0,148,148,0,0.0
MiddleAge,0.0,4.0,2.0,Obese,Poor,1.0,12,10,-2,16.67
MiddleAge,0.0,4.0,2.0,Obese,Poor,2.0,152,153,1,0.66
MiddleAge,0.0,4.0,2.0,Overweight,Fair,0.0,89,89,0,0.0
MiddleAge,0.0,4.0,2.0,Overweight,Fair,1.0,2,1,-1,50.0
MiddleAge,0.0,4.0,2.0,Overweight,Fair,2.0,22,23,1,4.55
MiddleAge,0.0,4.0,2.0,Overweight,Good,0.0,70,70,0,0.0
MiddleAge,0.0,4.0,2.0,Overweight,Good,1.0,1,1,0,0.0
MiddleAge,0.0,4.0,2.0,Overweight,Good,2.0,9,9,0,0.0
MiddleAge,0.0,4.0,2.0,Overweight,Poor,0.0,103,103,0,0.0
MiddleAge,0.0,4.0,2.0,Overweight,Poor,1.0,9,9,0,0.0
MiddleAge,0.0,4.0,2.0,Overweight,Poor,2.0,49,48,-1,2.04
MiddleAge,0.0,4.0,2.0,Underweight,Fair,0.0,10,10,0,0.0
MiddleAge,0.0,4.0,2.0,Underweight,Good,0.0,4,4,0,0.0
MiddleAge,0.0,4.0,2.0,Underweight,Good,2.0,1,1,0,0.0
MiddleAge,0.0,4.0,2.0,Underweight,Poor,0.0,12,12,0,0.0
MiddleAge,0.0,4.0,2.0,Underweight,Poor,2.0,1,0,-1,100.0
MiddleAge,0.0,4.0,3.0,Normal,Fair,0.0,76,75,-1,1.32
MiddleAge,0.0,4.0,3.0,Normal,Fair,1.0,4,1,-3,75.0
MiddleAge,0.0,4.0,3.0,Normal,Fair,2.0,6,6,0,0.0
MiddleAge,0.0,4.0,3.0,Normal,Good,0.0,95,97,2,2.11
MiddleAge,0.0,4.0,3.0,Normal,Good,1.0,2,1,-1,50.0
MiddleAge,0.0,4.0,3.0,Normal,Good,2.0,6,4,-2,33.33
MiddleAge,0.0,4.0,3.0,Normal,Poor,0.0,78,78,0,0.0
MiddleAge,0.0,4.0,3.0,Normal,Poor,1.0,3,2,-1,33.33
MiddleAge,0.0,4.0,3.0,Normal,Poor,2.0,16,17,1,6.25
MiddleAge,0.0,4.0,3.0,Obese,Fair,0.0,131,131,0,0.0
MiddleAge,0.0,4.0,3.0,Obese,Fair,1.0,11,11,0,0.0
MiddleAge,0.0,4.0,3.0,Obese,Fair,2.0,86,85,-1,1.16
MiddleAge,0.0,4.0,3.0,Obese,Good,0.0,82,81,-1,1.22
MiddleAge,0.0,4.0,3.0,Obese,Good,1.0,4,4,0,0.0
MiddleAge,0.0,4.0,3.0,Obese,Good,2.0,24,24,0,0.0
MiddleAge,0.0,4.0,3.0,Obese,Poor,0.0,165,163,-2,1.21
MiddleAge,0.0,4.0,3.0,Obese,Poor,1.0,13,11,-2,15.38
MiddleAge,0.0,4.0,3.0,Obese,Poor,2.0,165,164,-1,0.61
MiddleAge,0.0,4.0,3.0,Overweight,Fair,0.0,107,107,0,0.0
MiddleAge,0.0,4.0,3.0,Overweight,Fair,1.0,2,2,0,0.0
MiddleAge,0.0,4.0,3.0,Overweight,Fair,2.0,41,40,-1,2.44
MiddleAge,0.0,4.0,3.0,Overweight,Good,0.0,121,121,0,0.0
MiddleAge,0.0,4.0,3.0,Overweight,Good,2.0,12,11,-1,8.33
MiddleAge,0.0,4.0,3.0,Overweight,Poor,0.0,100,99,-1,1.0
MiddleAge,0.0,4.0,3.0,Overweight,Poor,1.0,5,4,-1,20.0
MiddleAge,0.0,4.0,3.0,Overweight,Poor,2.0,53,53,0,0.0
MiddleAge,0.0,4.0,3.0,Underweight,Fair,0.0,8,8,0,0.0
MiddleAge,0.0,4.0,3.0,Underweight,Poor,0.0,10,7,-3,30.0
MiddleAge,0.0,4.0,3.0,Underweight,Poor,2.0,1,0,-1,100.0
MiddleAge,0.0,4.0,4.0,Normal,Fair,0.0,87,86,-1,1.15
MiddleAge,0.0,4.0,4.0,Normal,Fair,1.0,2,0,-2,100.0
MiddleAge,0.0,4.0,4.0,Normal,Fair,2.0,11,12,1,9.09
MiddleAge,0.0,4.0,4.0,Normal,Good,0.0,117,115,-2,1.71
MiddleAge,0.0,4.0,4.0,Normal,Good,1.0,1,0,-1,100.0
MiddleAge,0.0,4.0,4.0,Normal,Good,2.0,7,7,0,0.0
MiddleAge,0.0,4.0,4.0,Normal,Poor,0.0,60,60,0,0.0
MiddleAge,0.0,4.0,4.0,Normal,Poor,1.0,2,2,0,0.0
MiddleAge,0.0,4.0,4.0,Normal,Poor,2.0,21,21,0,0.0
MiddleAge,0.0,4.0,4.0,Obese,Fair,0.0,181,181,0,0.0
MiddleAge,0.0,4.0,4.0,Obese,Fair,1.0,8,8,0,0.0
MiddleAge,0.0,4.0,4.0,Obese,Fair,2.0,83,84,1,1.2
MiddleAge,0.0,4.0,4.0,Obese,Good,0.0,125,125,0,0.0
MiddleAge,0.0,4.0,4.0,Obese,Good,1.0,6,5,-1,16.67
MiddleAge,0.0,4.0,4.0,Obese,Good,2.0,33,31,-2,6.06
MiddleAge,0.0,4.0,4.0,Obese,Poor,0.0,128,127,-1,0.78
MiddleAge,0.0,4.0,4.0,Obese,Poor,1.0,16,14,-2,12.5
MiddleAge,0.0,4.0,4.0,Obese,Poor,2.0,129,129,0,0.0
MiddleAge,0.0,4.0,4.0,Overweight,Fair,0.0,169,169,0,0.0
MiddleAge,0.0,4.0,4.0,Overweight,Fair,1.0,3,4,1,33.33
MiddleAge,0.0,4.0,4.0,Overweight,Fair,2.0,34,34,0,0.0
MiddleAge,0.0,4.0,4.0,Overweight,Good,0.0,177,174,-3,1.69
MiddleAge,0.0,4.0,4.0,Overweight,Good,1.0,1,1,0,0.0
MiddleAge,0.0,4.0,4.0,Overweight,Good,2.0,14,14,0,0.0
MiddleAge,0.0,4.0,4.0,Overweight,Poor,0.0,103,103,0,0.0
MiddleAge,0.0,4.0,4.0,Overweight,Poor,1.0,2,4,2,100.0
MiddleAge,0.0,4.0,4.0,Overweight,Poor,2.0,45,45,0,0.0
MiddleAge,0.0,4.0,4.0,Underweight,Fair,0.0,8,7,-1,12.5
MiddleAge,0.0,4.0,4.0,Underweight,Good,0.0,8,10,2,25.0
MiddleAge,0.0,4.0,4.0,Underweight,Good,2.0,1,0,-1,100.0
MiddleAge,0.0,4.0,4.0,Underweight,Poor,0.0,9,11,2,22.22
MiddleAge,0.0,4.0,4.0,Underweight,Poor,2.0,3,2,-1,33.33
MiddleAge,0.0,4.0,5.0,Normal,Fair,0.0,114,114,0,0.0
MiddleAge,0.0,4.0,5.0,Normal,Fair,2.0,10,11,1,10.0
MiddleAge,0.0,4.0,5.0,Normal,Good,0.0,218,223,5,2.29
MiddleAge,0.0,4.0,5.0,Normal,Good,1.0,2,0,-2,100.0
MiddleAge,0.0,4.0,5.0,Normal,Good,2.0,6,9,3,50.0
MiddleAge,0.0,4.0,5.0,Normal,Poor,0.0,54,54,0,0.0
MiddleAge,0.0,4.0,5.0,Normal,Poor,1.0,1,2,1,100.0
MiddleAge,0.0,4.0,5.0,Normal,Poor,2.0,16,15,-1,6.25
MiddleAge,0.0,4.0,5.0,Obese,Fair,0.0,209,212,3,1.44
MiddleAge,0.0,4.0,5.0,Obese,Fair,1.0,10,11,1,10.0
MiddleAge,0.0,4.0,5.0,Obese,Fair,2.0,100,99,-1,1.0
MiddleAge,0.0,4.0,5.0,Obese,Good,0.0,195,196,1,0.51
MiddleAge,0.0,4.0,5.0,Obese,Good,1.0,8,8,0,0.0
MiddleAge,0.0,4.0,5.0,Obese,Good,2.0,38,34,-4,10.53
MiddleAge,0.0,4.0,5.0,Obese,Poor,0.0,128,129,1,0.78
MiddleAge,0.0,4.0,5.0,Obese,Poor,1.0,12,12,0,0.0
MiddleAge,0.0,4.0,5.0,Obese,Poor,2.0,97,97,0,0.0
MiddleAge,0.0,4.0,5.0,Overweight,Fair,0.0,174,174,0,0.0
MiddleAge,0.0,4.0,5.0,Overweight,Fair,1.0,12,12,0,0.0
MiddleAge,0.0,4.0,5.0,Overweight,Fair,2.0,35,35,0,0.0
MiddleAge,0.0,4.0,5.0,Overweight,Good,0.0,279,279,0,0.0
MiddleAge,0.0,4.0,5.0,Overweight,Good,1.0,7,8,1,14.29
MiddleAge,0.0,4.0,5.0,Overweight,Good,2.0,21,21,0,0.0
MiddleAge,0.0,4.0,5.0,Overweight,Poor,0.0,95,94,-1,1.05
MiddleAge,0.0,4.0,5.0,Overweight,Poor,1.0,2,1,-1,50.0
MiddleAge,0.0,4.0,5.0,Overweight,Poor,2.0,28,28,0,0.0
MiddleAge,0.0,4.0,5.0,Underweight,Fair,0.0,7,8,1,14.29
MiddleAge,0.0,4.0,5.0,Underweight,Fair,1.0,1,2,1,100.0
MiddleAge,0.0,4.0,5.0,Underweight,Good,0.0,9,10,1,11.11
MiddleAge,0.0,4.0,5.0,Underweight,Poor,0.0,5,5,0,0.0
MiddleAge,0.0,4.0,5.0,Underweight,Poor,2.0,4,3,-1,25.0
MiddleAge,0.0,4.0,6.0,Normal,Fair,0.0,135,136,1,0.74
MiddleAge,0.0,4.0,6.0,Normal,Fair,1.0,2,1,-1,50.0
MiddleAge,0.0,4.0,6.0,Normal,Fair,2.0,9,9,0,0.0
MiddleAge,0.0,4.0,6.0,Normal,Good,0.0,293,294,1,0.34
MiddleAge,0.0,4.0,6.0,Normal,Good,1.0,3,3,0,0.0
MiddleAge,0.0,4.0,6.0,Normal,Good,2.0,13,13,0,0.0
MiddleAge,0.0,4.0,6.0,Normal,Poor,0.0,65,67,2,3.08
MiddleAge,0.0,4.0,6.0,Normal,Poor,2.0,10,10,0,0.0
MiddleAge,0.0,4.0,6.0,Obese,Fair,0.0,286,286,0,0.0
MiddleAge,0.0,4.0,6.0,Obese,Fair,1.0,15,14,-1,6.67
MiddleAge,0.0,4.0,6.0,Obese,Fair,2.0,99,99,0,0.0
MiddleAge,0.0,4.0,6.0,Obese,Good,0.0,283,282,-1,0.35
MiddleAge,0.0,4.0,6.0,Obese,Good,1.0,6,8,2,33.33
MiddleAge,0.0,4.0,6.0,Obese,Good,2.0,50,50,0,0.0
MiddleAge,0.0,4.0,6.0,Obese,Poor,0.0,112,111,-1,0.89
MiddleAge,0.0,4.0,6.0,Obese,Poor,1.0,7,6,-1,14.29
MiddleAge,0.0,4.0,6.0,Obese,Poor,2.0,100,100,0,0.0
MiddleAge,0.0,4.0,6.0,Overweight,Fair,0.0,203,202,-1,0.49
MiddleAge,0.0,4.0,6.0,Overweight,Fair,1.0,3,3,0,0.0
MiddleAge,0.0,4.0,6.0,Overweight,Fair,2.0,41,39,-2,4.88
MiddleAge,0.0,4.0,6.0,Overweight,Good,0.0,374,372,-2,0.53
MiddleAge,0.0,4.0,6.0,Overweight,Good,1.0,7,6,-1,14.29
MiddleAge,0.0,4.0,6.0,Overweight,Good,2.0,21,22,1,4.76
MiddleAge,0.0,4.0,6.0,Overweight,Poor,0.0,77,75,-2,2.6
MiddleAge,0.0,4.0,6.0,Overweight,Poor,1.0,2,2,0,0.0
MiddleAge,0.0,4.0,6.0,Overweight,Poor,2.0,28,29,1,3.57
MiddleAge,0.0,4.0,6.0,Underweight,Fair,0.0,8,8,0,0.0
MiddleAge,0.0,4.0,6.0,Underweight,Good,0.0,10,8,-2,20.0
MiddleAge,0.0,4.0,6.0,Underweight,Poor,0.0,6,7,1,16.67
MiddleAge,0.0,4.0,6.0,Underweight,Poor,1.0,2,0,-2,100.0
MiddleAge,0.0,4.0,7.0,Normal,Fair,0.0,114,120,6,5.26
MiddleAge,0.0,4.0,7.0,Normal,Fair,1.0,2,2,0,0.0
MiddleAge,0.0,4.0,7.0,Normal,Fair,2.0,11,12,1,9.09
MiddleAge,0.0,4.0,7.0,Normal,Good,0.0,356,357,1,0.28
MiddleAge,0.0,4.0,7.0,Normal,Good,1.0,3,5,2,66.67
MiddleAge,0.0,4.0,7.0,Normal,Good,2.0,3,3,0,0.0
MiddleAge,0.0,4.0,7.0,Normal,Poor,0.0,36,36,0,0.0
MiddleAge,0.0,4.0,7.0,Normal,Poor,1.0,1,1,0,0.0
MiddleAge,0.0,4.0,7.0,Normal,Poor,2.0,12,11,-1,8.33
MiddleAge,0.0,4.0,7.0,Obese,Fair,0.0,242,239,-3,1.24
MiddleAge,0.0,4.0,7.0,Obese,Fair,1.0,7,6,-1,14.29
MiddleAge,0.0,4.0,7.0,Obese,Fair,2.0,85,85,0,0.0
MiddleAge,0.0,4.0,7.0,Obese,Good,0.0,229,226,-3,1.31
MiddleAge,0.0,4.0,7.0,Obese,Good,1.0,2,2,0,0.0
MiddleAge,0.0,4.0,7.0,Obese,Good,2.0,21,24,3,14.29
MiddleAge,0.0,4.0,7.0,Obese,Poor,0.0,81,83,2,2.47
MiddleAge,0.0,4.0,7.0,Obese,Poor,1.0,2,4,2,100.0
MiddleAge,0.0,4.0,7.0,Obese,Poor,2.0,73,70,-3,4.11
MiddleAge,0.0,4.0,7.0,Overweight,Fair,0.0,206,206,0,0.0
MiddleAge,0.0,4.0,7.0,Overweight,Fair,1.0,5,3,-2,40.0
MiddleAge,0.0,4.0,7.0,Overweight,Fair,2.0,35,33,-2,5.71
MiddleAge,0.0,4.0,7.0,Overweight,Good,0.0,422,426,4,0.95
MiddleAge,0.0,4.0,7.0,Overweight,Good,1.0,1,2,1,100.0
MiddleAge,0.0,4.0,7.0,Overweight,Good,2.0,20,20,0,0.0
MiddleAge,0.0,4.0,7.0,Overweight,Poor,0.0,62,61,-1,1.61
MiddleAge,0.0,4.0,7.0,Overweight,Poor,1.0,3,5,2,66.67
MiddleAge,0.0,4.0,7.0,Overweight,Poor,2.0,15,16,1,6.67
MiddleAge,0.0,4.0,7.0,Underweight,Fair,0.0,5,4,-1,20.0
MiddleAge,0.0,4.0,7.0,Underweight,Good,0.0,11,11,0,0.0
MiddleAge,0.0,4.0,8.0,Normal,Fair,0.0,120,119,-1,0.83
MiddleAge,0.0,4.0,8.0,Normal,Fair,2.0,11,11,0,0.0
MiddleAge,0.0,4.0,8.0,Normal,Good,0.0,383,383,0,0.0
MiddleAge,0.0,4.0,8.0,Normal,Good,1.0,5,6,1,20.0
MiddleAge,0.0,4.0,8.0,Normal,Good,2.0,6,6,0,0.0
MiddleAge,0.0,4.0,8.0,Normal,Poor,0.0,30,29,-1,3.33
MiddleAge,0.0,4.0,8.0,Normal,Poor,2.0,4,4,0,0.0
MiddleAge,0.0,4.0,8.0,Obese,Fair,0.0,171,172,1,0.58
MiddleAge,0.0,4.0,8.0,Obese,Fair,1.0,5,6,1,20.0
MiddleAge,0.0,4.0,8.0,Obese,Fair,2.0,69,68,-1,1.45
MiddleAge,0.0,4.0,8.0,Obese,Good,0.0,258,258,0,0.0
MiddleAge,0.0,4.0,8.0,Obese,Good,1.0,2,1,-1,50.0
MiddleAge,0.0,4.0,8.0,Obese,Good,2.0,31,31,0,0.0
MiddleAge,0.0,4.0,8.0,Obese,Poor,0.0,51,51,0,0.0
MiddleAge,0.0,4.0,8.0,Obese,Poor,1.0,2,3,1,50.0
MiddleAge,0.0,4.0,8.0,Obese,Poor,2.0,44,42,-2,4.55
MiddleAge,0.0,4.0,8.0,Overweight,Fair,0.0,177,175,-2,1.13
MiddleAge,0.0,4.0,8.0,Overweight,Fair,1.0,3,5,2,66.67
MiddleAge,0.0,4.0,8.0,Overweight,Fair,2.0,18,18,0,0.0
MiddleAge,0.0,4.0,8.0,Overweight,Good,0.0,493,491,-2,0.41
MiddleAge,0.0,4.0,8.0,Overweight,Good,1.0,4,2,-2,50.0
MiddleAge,0.0,4.0,8.0,Overweight,Good,2.0,14,12,-2,14.29
MiddleAge,0.0,4.0,8.0,Overweight,Poor,0.0,46,46,0,0.0
MiddleAge,0.0,4.0,8.0,Overweight,Poor,2.0,15,15,0,0.0
MiddleAge,0.0,4.0,8.0,Underweight,Fair,0.0,6,7,1,16.67
MiddleAge,0.0,4.0,8.0,Underweight,Good,0.0,20,19,-1,5.0
MiddleAge,0.0,4.0,8.0,Underweight,Poor,0.0,6,6,0,0.0
MiddleAge,0.0,5.0,1.0,Normal,Fair,0.0,27,27,0,0.0
MiddleAge,0.0,5.0,1.0,Normal,Fair,1.0,2,2,0,0.0
MiddleAge,0.0,5.0,1.0,Normal,Fair,2.0,2,2,0,0.0
MiddleAge,0.0,5.0,1.0,Normal,Good,0.0,27,27,0,0.0
MiddleAge,0.0,5.0,1.0,Normal,Good,2.0,2,2,0,0.0
MiddleAge,0.0,5.0,1.0,Normal,Poor,0.0,44,43,-1,2.27
MiddleAge,0.0,5.0,1.0,Normal,Poor,2.0,17,17,0,0.0
MiddleAge,0.0,5.0,1.0,Obese,Fair,0.0,39,38,-1,2.56
MiddleAge,0.0,5.0,1.0,Obese,Fair,2.0,21,20,-1,4.76
MiddleAge,0.0,5.0,1.0,Obese,Good,0.0,23,23,0,0.0
MiddleAge,0.0,5.0,1.0,Obese,Good,2.0,8,7,-1,12.5
MiddleAge,0.0,5.0,1.0,Obese,Poor,0.0,75,75,0,0.0
MiddleAge,0.0,5.0,1.0,Obese,Poor,1.0,11,10,-1,9.09
MiddleAge,0.0,5.0,1.0,Obese,Poor,2.0,89,89,0,0.0
MiddleAge,0.0,5.0,1.0,Overweight,Fair,0.0,36,36,0,0.0
MiddleAge,0.0,5.0,1.0,Overweight,Fair,1.0,2,0,-2,100.0
MiddleAge,0.0,5.0,1.0,Overweight,Fair,2.0,8,8,0,0.0
MiddleAge,0.0,5.0,1.0,Overweight,Good,0.0,36,36,0,0.0
MiddleAge,0.0,5.0,1.0,Overweight,Good,2.0,4,7,3,75.0
MiddleAge,0.0,5.0,1.0,Overweight,Poor,0.0,58,55,-3,5.17
MiddleAge,0.0,5.0,1.0,Overweight,Poor,1.0,5,4,-1,20.0
MiddleAge,0.0,5.0,1.0,Overweight,Poor,2.0,35,36,1,2.86
MiddleAge,0.0,5.0,1.0,Underweight,Poor,0.0,8,7,-1,12.5
MiddleAge,0.0,5.0,1.0,Underweight,Poor,1.0,1,5,4,400.0
MiddleAge,0.0,5.0,1.0,Underweight,Poor,2.0,1,1,0,0.0
MiddleAge,0.0,5.0,2.0,Normal,Fair,0.0,33,34,1,3.03
MiddleAge,0.0,5.0,2.0,Normal,Fair,2.0,5,4,-1,20.0
MiddleAge,0.0,5.0,2.0,Normal,Good,0.0,66,68,2,3.03
MiddleAge,0.0,5.0,2.0,Normal,Good,2.0,1,1,0,0.0
MiddleAge,0.0,5.0,2.0,Normal,Poor,0.0,55,55,0,0.0
MiddleAge,0.0,5.0,2.0,Normal,Poor,1.0,1,1,0,0.0
MiddleAge,0.0,5.0,2.0,Normal,Poor,2.0,20,21,1,5.0
MiddleAge,0.0,5.0,2.0,Obese,Fair,0.0,78,79,1,1.28
MiddleAge,0.0,5.0,2.0,Obese,Fair,1.0,2,3,1,50.0
MiddleAge,0.0,5.0,2.0,Obese,Fair,2.0,47,47,0,0.0
MiddleAge,0.0,5.0,2.0,Obese,Good,0.0,34,33,-1,2.94
MiddleAge,0.0,5.0,2.0,Obese,Good,1.0,3,0,-3,100.0
MiddleAge,0.0,5.0,2.0,Obese,Good,2.0,12,11,-1,8.33
MiddleAge,0.0,5.0,2.0,Obese,Poor,0.0,125,125,0,0.0
MiddleAge,0.0,5.0,2.0,Obese,Poor,1.0,8,7,-1,12.5
MiddleAge,0.0,5.0,2.0,Obese,Poor,2.0,126,128,2,1.59
MiddleAge,0.0,5.0,2.0,Overweight,Fair,0.0,55,56,1,1.82
MiddleAge,0.0,5.0,2.0,Overweight,Fair,1.0,3,3,0,0.0
MiddleAge,0.0,5.0,2.0,Overweight,Fair,2.0,14,14,0,0.0
MiddleAge,0.0,5.0,2.0,Overweight,Good,0.0,69,68,-1,1.45
MiddleAge,0.0,5.0,2.0,Overweight,Good,1.0,2,3,1,50.0
MiddleAge,0.0,5.0,2.0,Overweight,Good,2.0,6,6,0,0.0
MiddleAge,0.0,5.0,2.0,Overweight,Poor,0.0,70,70,0,0.0
MiddleAge,0.0,5.0,2.0,Overweight,Poor,1.0,5,5,0,0.0
MiddleAge,0.0,5.0,2.0,Overweight,Poor,2.0,29,28,-1,3.45
MiddleAge,0.0,5.0,2.0,Underweight,Fair,0.0,7,9,2,28.57
MiddleAge,0.0,5.0,2.0,Underweight,Poor,0.0,16,14,-2,12.5
MiddleAge,0.0,5.0,3.0,Normal,Fair,0.0,55,55,0,0.0
MiddleAge,0.0,5.0,3.0,Normal,Fair,1.0,2,2,0,0.0
MiddleAge,0.0,5.0,3.0,Normal,Fair,2.0,5,7,2,40.0
MiddleAge,0.0,5.0,3.0,Normal,Good,0.0,72,73,1,1.39
MiddleAge,0.0,5.0,3.0,Normal,Good,1.0,1,1,0,0.0
MiddleAge,0.0,5.0,3.0,Normal,Good,2.0,3,1,-2,66.67
MiddleAge,0.0,5.0,3.0,Normal,Poor,0.0,67,67,0,0.0
MiddleAge,0.0,5.0,3.0,Normal,Poor,1.0,1,3,2,200.0
MiddleAge,0.0,5.0,3.0,Normal,Poor,2.0,12,13,1,8.33
MiddleAge,0.0,5.0,3.0,Obese,Fair,0.0,102,101,-1,0.98
MiddleAge,0.0,5.0,3.0,Obese,Fair,1.0,4,5,1,25.0
MiddleAge,0.0,5.0,3.0,Obese,Fair,2.0,55,55,0,0.0
MiddleAge,0.0,5.0,3.0,Obese,Good,0.0,75,74,-1,1.33
MiddleAge,0.0,5.0,3.0,Obese,Good,1.0,4,4,0,0.0
MiddleAge,0.0,5.0,3.0,Obese,Good,2.0,12,9,-3,25.0
MiddleAge,0.0,5.0,3.0,Obese,Poor,0.0,101,105,4,3.96
MiddleAge,0.0,5.0,3.0,Obese,Poor,1.0,12,11,-1,8.33
MiddleAge,0.0,5.0,3.0,Obese,Poor,2.0,99,95,-4,4.04
MiddleAge,0.0,5.0,3.0,Overweight,Fair,0.0,77,79,2,2.6
MiddleAge,0.0,5.0,3.0,Overweight,Fair,1.0,3,3,0,0.0
MiddleAge,0.0,5.0,3.0,Overweight,Fair,2.0,32,31,-1,3.12
MiddleAge,0.0,5.0,3.0,Overweight,Good,0.0,87,88,1,1.15
MiddleAge,0.0,5.0,3.0,Overweight,Good,1.0,1,1,0,0.0
MiddleAge,0.0,5.0,3.0,Overweight,Good,2.0,11,12,1,9.09
MiddleAge,0.0,5.0,3.0,Overweight,Poor,0.0,66,66,0,0.0
MiddleAge,0.0,5.0,3.0,Overweight,Poor,1.0,4,4,0,0.0
MiddleAge,0.0,5.0,3.0,Overweight,Poor,2.0,31,36,5,16.13
MiddleAge,0.0,5.0,3.0,Underweight,Good,0.0,5,5,0,0.0
MiddleAge,0.0,5.0,3.0,Underweight,Poor,0.0,10,12,2,20.0
MiddleAge,0.0,5.0,4.0,Normal,Fair,0.0,74,74,0,0.0
MiddleAge,0.0,5.0,4.0,Normal,Fair,2.0,10,10,0,0.0
MiddleAge,0.0,5.0,4.0,Normal,Good,0.0,138,138,0,0.0
MiddleAge,0.0,5.0,4.0,Normal,Good,1.0,2,2,0,0.0
MiddleAge,0.0,5.0,4.0,Normal,Good,2.0,6,6,0,0.0
MiddleAge,0.0,5.0,4.0,Normal,Poor,0.0,61,62,1,1.64
MiddleAge,0.0,5.0,4.0,Normal,Poor,2.0,9,7,-2,22.22
MiddleAge,0.0,5.0,4.0,Obese,Fair,0.0,169,168,-1,0.59
MiddleAge,0.0,5.0,4.0,Obese,Fair,1.0,7,7,0,0.0
MiddleAge,0.0,5.0,4.0,Obese,Fair,2.0,78,78,0,0.0
MiddleAge,0.0,5.0,4.0,Obese,Good,0.0,117,118,1,0.85
MiddleAge,0.0,5.0,4.0,Obese,Good,1.0,4,4,0,0.0
MiddleAge,0.0,5.0,4.0,Obese,Good,2.0,28,30,2,7.14
MiddleAge,0.0,5.0,4.0,Obese,Poor,0.0,123,122,-1,0.81
MiddleAge,0.0,5.0,4.0,Obese,Poor,1.0,5,6,1,20.0
MiddleAge,0.0,5.0,4.0,Obese,Poor,2.0,126,123,-3,2.38
MiddleAge,0.0,5.0,4.0,Overweight,Fair,0.0,112,110,-2,1.79
MiddleAge,0.0,5.0,4.0,Overweight,Fair,1.0,2,1,-1,50.0
MiddleAge,0.0,5.0,4.0,Overweight,Fair,2.0,30,28,-2,6.67
MiddleAge,0.0,5.0,4.0,Overweight,Good,0.0,155,155,0,0.0
MiddleAge,0.0,5.0,4.0,Overweight,Good,1.0,4,3,-1,25.0
MiddleAge,0.0,5.0,4.0,Overweight,Good,2.0,12,12,0,0.0
MiddleAge,0.0,5.0,4.0,Overweight,Poor,0.0,62,63,1,1.61
MiddleAge,0.0,5.0,4.0,Overweight,Poor,1.0,5,4,-1,20.0
MiddleAge,0.0,5.0,4.0,Overweight,Poor,2.0,35,34,-1,2.86
MiddleAge,0.0,5.0,4.0,Underweight,Fair,0.0,7,9,2,28.57
MiddleAge,0.0,5.0,4.0,Underweight,Good,0.0,12,11,-1,8.33
MiddleAge,0.0,5.0,4.0,Underweight,Poor,0.0,11,11,0,0.0
MiddleAge,0.0,5.0,4.0,Underweight,Poor,2.0,1,1,0,0.0
MiddleAge,0.0,5.0,5.0,Normal,Fair,0.0,97,97,0,0.0
MiddleAge,0.0,5.0,5.0,Normal,Fair,1.0,2,1,-1,50.0
MiddleAge,0.0,5.0,5.0,Normal,Fair,2.0,9,9,0,0.0
MiddleAge,0.0,5.0,5.0,Normal,Good,0.0,238,237,-1,0.42
MiddleAge,0.0,5.0,5.0,Normal,Good,1.0,5,5,0,0.0
MiddleAge,0.0,5.0,5.0,Normal,Good,2.0,8,8,0,0.0
MiddleAge,0.0,5.0,5.0,Normal,Poor,0.0,56,56,0,0.0
MiddleAge,0.0,5.0,5.0,Normal,Poor,1.0,1,1,0,0.0
MiddleAge,0.0,5.0,5.0,Normal,Poor,2.0,12,14,2,16.67
MiddleAge,0.0,5.0,5.0,Obese,Fair,0.0,220,222,2,0.91
MiddleAge,0.0,5.0,5.0,Obese,Fair,1.0,10,9,-1,10.0
MiddleAge,0.0,5.0,5.0,Obese,Fair,2.0,105,107,2,1.9
MiddleAge,0.0,5.0,5.0,Obese,Good,0.0,215,215,0,0.0
MiddleAge,0.0,5.0,5.0,Obese,Good,1.0,6,4,-2,33.33
MiddleAge,0.0,5.0,5.0,Obese,Good,2.0,40,38,-2,5.0
MiddleAge,0.0,5.0,5.0,Obese,Poor,0.0,135,132,-3,2.22
MiddleAge,0.0,5.0,5.0,Obese,Poor,1.0,3,3,0,0.0
MiddleAge,0.0,5.0,5.0,Obese,Poor,2.0,99,98,-1,1.01
MiddleAge,0.0,5.0,5.0,Overweight,Fair,0.0,160,160,0,0.0
MiddleAge,0.0,5.0,5.0,Overweight,Fair,1.0,4,5,1,25.0
MiddleAge,0.0,5.0,5.0,Overweight,Fair,2.0,56,55,-1,1.79
MiddleAge,0.0,5.0,5.0,Overweight,Good,0.0,258,258,0,0.0
MiddleAge,0.0,5.0,5.0,Overweight,Good,1.0,6,6,0,0.0
MiddleAge,0.0,5.0,5.0,Overweight,Good,2.0,23,23,0,0.0
MiddleAge,0.0,5.0,5.0,Overweight,Poor,0.0,69,69,0,0.0
MiddleAge,0.0,5.0,5.0,Overweight,Poor,1.0,4,4,0,0.0
MiddleAge,0.0,5.0,5.0,Overweight,Poor,2.0,35,34,-1,2.86
MiddleAge,0.0,5.0,5.0,Underweight,Fair,0.0,6,4,-2,33.33
MiddleAge,0.0,5.0,5.0,Underweight,Good,0.0,6,5,-1,16.67
MiddleAge,0.0,5.0,5.0,Underweight,Good,1.0,1,0,-1,100.0
MiddleAge,0.0,5.0,5.0,Underweight,Poor,0.0,6,5,-1,16.67
MiddleAge,0.0,5.0,6.0,Normal,Fair,0.0,149,150,1,0.67
MiddleAge,0.0,5.0,6.0,Normal,Fair,1.0,3,3,0,0.0
MiddleAge,0.0,5.0,6.0,Normal,Fair,2.0,21,22,1,4.76
MiddleAge,0.0,5.0,6.0,Normal,Good,0.0,409,410,1,0.24
MiddleAge,0.0,5.0,6.0,Normal,Good,1.0,3,3,0,0.0
MiddleAge,0.0,5.0,6.0,Normal,Good,2.0,12,12,0,0.0
MiddleAge,0.0,5.0,6.0,Normal,Poor,0.0,55,57,2,3.64
MiddleAge,0.0,5.0,6.0,Normal,Poor,2.0,10,10,0,0.0
MiddleAge,0.0,5.0,6.0,Obese,Fair,0.0,303,303,0,0.0
MiddleAge,0.0,5.0,6.0,Obese,Fair,1.0,10,10,0,0.0
MiddleAge,0.0,5.0,6.0,Obese,Fair,2.0,135,135,0,0.0
MiddleAge,0.0,5.0,6.0,Obese,Good,0.0,386,386,0,0.0
MiddleAge,0.0,5.0,6.0,Obese,Good,1.0,11,9,-2,18.18
MiddleAge,0.0,5.0,6.0,Obese,Good,2.0,53,52,-1,1.89
MiddleAge,0.0,5.0,6.0,Obese,Poor,0.0,124,124,0,0.0
MiddleAge,0.0,5.0,6.0,Obese,Poor,1.0,7,7,0,0.0
MiddleAge,0.0,5.0,6.0,Obese,Poor,2.0,105,106,1,0.95
MiddleAge,0.0,5.0,6.0,Overweight,Fair,0.0,254,255,1,0.39
MiddleAge,0.0,5.0,6.0,Overweight,Fair,1.0,10,11,1,10.0
MiddleAge,0.0,5.0,6.0,Overweight,Fair,2.0,61,61,0,0.0
MiddleAge,0.0,5.0,6.0,Overweight,Good,0.0,549,548,-1,0.18
MiddleAge,0.0,5.0,6.0,Overweight,Good,1.0,4,5,1,25.0
MiddleAge,0.0,5.0,6.0,Overweight,Good,2.0,34,34,0,0.0
MiddleAge,0.0,5.0,6.0,Overweight,Poor,0.0,76,75,-1,1.32
MiddleAge,0.0,5.0,6.0,Overweight,Poor,1.0,2,3,1,50.0
MiddleAge,0.0,5.0,6.0,Overweight,Poor,2.0,31,31,0,0.0
MiddleAge,0.0,5.0,6.0,Underweight,Fair,0.0,12,12,0,0.0
MiddleAge,0.0,5.0,6.0,Underweight,Good,0.0,6,6,0,0.0
MiddleAge,0.0,5.0,6.0,Underweight,Poor,0.0,8,9,1,12.5
MiddleAge,0.0,5.0,6.0,Underweight,Poor,2.0,2,1,-1,50.0
MiddleAge,0.0,5.0,7.0,Normal,Fair,0.0,136,136,0,0.0
MiddleAge,0.0,5.0,7.0,Normal,Fair,1.0,2,2,0,0.0
MiddleAge,0.0,5.0,7.0,Normal,Fair,2.0,16,16,0,0.0
MiddleAge,0.0,5.0,7.0,Normal,Good,0.0,559,559,0,0.0
MiddleAge,0.0,5.0,7.0,Normal,Good,1.0,7,6,-1,14.29
MiddleAge,0.0,5.0,7.0,Normal,Good,2.0,14,14,0,0.0
MiddleAge,0.0,5.0,7.0,Normal,Poor,0.0,52,51,-1,1.92
MiddleAge,0.0,5.0,7.0,Normal,Poor,2.0,9,9,0,0.0
MiddleAge,0.0,5.0,7.0,Obese,Fair,0.0,330,333,3,0.91
MiddleAge,0.0,5.0,7.0,Obese,Fair,1.0,15,14,-1,6.67
MiddleAge,0.0,5.0,7.0,Obese,Fair,2.0,132,132,0,0.0
MiddleAge,0.0,5.0,7.0,Obese,Good,0.0,391,390,-1,0.26
MiddleAge,0.0,5.0,7.0,Obese,Good,1.0,14,14,0,0.0
MiddleAge,0.0,5.0,7.0,Obese,Good,2.0,73,71,-2,2.74
MiddleAge,0.0,5.0,7.0,Obese,Poor,0.0,95,97,2,2.11
MiddleAge,0.0,5.0,7.0,Obese,Poor,1.0,7,7,0,0.0
MiddleAge,0.0,5.0,7.0,Obese,Poor,2.0,81,84,3,3.7
MiddleAge,0.0,5.0,7.0,Overweight,Fair,0.0,271,270,-1,0.37
MiddleAge,0.0,5.0,7.0,Overweight,Fair,1.0,6,6,0,0.0
MiddleAge,0.0,5.0,7.0,Overweight,Fair,2.0,44,45,1,2.27
MiddleAge,0.0,5.0,7.0,Overweight,Good,0.0,697,698,1,0.14
MiddleAge,0.0,5.0,7.0,Overweight,Good,1.0,10,8,-2,20.0
MiddleAge,0.0,5.0,7.0,Overweight,Good,2.0,31,29,-2,6.45
MiddleAge,0.0,5.0,7.0,Overweight,Poor,0.0,72,73,1,1.39
MiddleAge,0.0,5.0,7.0,Overweight,Poor,1.0,2,3,1,50.0
MiddleAge,0.0,5.0,7.0,Overweight,Poor,2.0,23,22,-1,4.35
MiddleAge,0.0,5.0,7.0,Underweight,Fair,0.0,10,11,1,10.0
MiddleAge,0.0,5.0,7.0,Underweight,Fair,2.0,1,1,0,0.0
MiddleAge,0.0,5.0,7.0,Underweight,Good,0.0,14,12,-2,14.29
MiddleAge,0.0,5.0,7.0,Underweight,Poor,0.0,6,8,2,33.33
MiddleAge,0.0,5.0,7.0,Underweight,Poor,2.0,1,1,0,0.0
MiddleAge,0.0,5.0,8.0,Normal,Fair,0.0,204,204,0,0.0
MiddleAge,0.0,5.0,8.0,Normal,Fair,1.0,3,5,2,66.67
MiddleAge,0.0,5.0,8.0,Normal,Fair,2.0,12,13,1,8.33
MiddleAge,0.0,5.0,8.0,Normal,Good,0.0,979,979,0,0.0
MiddleAge,0.0,5.0,8.0,Normal,Good,1.0,8,13,5,62.5
MiddleAge,0.0,5.0,8.0,Normal,Good,2.0,10,10,0,0.0
MiddleAge,0.0,5.0,8.0,Normal,Poor,0.0,65,61,-4,6.15
MiddleAge,0.0,5.0,8.0,Normal,Poor,1.0,1,1,0,0.0
MiddleAge,0.0,5.0,8.0,Normal,Poor,2.0,7,10,3,42.86
MiddleAge,0.0,5.0,8.0,Obese,Fair,0.0,305,305,0,0.0
MiddleAge,0.0,5.0,8.0,Obese,Fair,1.0,15,16,1,6.67
MiddleAge,0.0,5.0,8.0,Obese,Fair,2.0,116,115,-1,0.86
MiddleAge,0.0,5.0,8.0,Obese,Good,0.0,590,589,-1,0.17
MiddleAge,0.0,5.0,8.0,Obese,Good,1.0,11,9,-2,18.18
MiddleAge,0.0,5.0,8.0,Obese,Good,2.0,63,62,-1,1.59
MiddleAge,0.0,5.0,8.0,Obese,Poor,0.0,92,97,5,5.43
MiddleAge,0.0,5.0,8.0,Obese,Poor,1.0,8,9,1,12.5
MiddleAge,0.0,5.0,8.0,Obese,Poor,2.0,76,75,-1,1.32
MiddleAge,0.0,5.0,8.0,Overweight,Fair,0.0,278,278,0,0.0
MiddleAge,0.0,5.0,8.0,Overweight,Fair,1.0,12,10,-2,16.67
MiddleAge,0.0,5.0,8.0,Overweight,Fair,2.0,50,51,1,2.0
MiddleAge,0.0,5.0,8.0,Overweight,Good,0.0,1018,1018,0,0.0
MiddleAge,0.0,5.0,8.0,Overweight,Good,1.0,9,11,2,22.22
MiddleAge,0.0,5.0,8.0,Overweight,Good,2.0,43,42,-1,2.33
MiddleAge,0.0,5.0,8.0,Overweight,Poor,0.0,70,70,0,0.0
MiddleAge,0.0,5.0,8.0,Overweight,Poor,1.0,3,3,0,0.0
MiddleAge,0.0,5.0,8.0,Overweight,Poor,2.0,20,13,-7,35.0
MiddleAge,0.0,5.0,8.0,Underweight,Fair,0.0,5,5,0,0.0
MiddleAge,0.0,5.0,8.0,Underweight,Fair,2.0,1,1,0,0.0
MiddleAge,0.0,5.0,8.0,Underweight,Good,0.0,27,17,-10,37.04
MiddleAge,0.0,6.0,1.0,Normal,Fair,0.0,24,24,0,0.0
MiddleAge,0.0,6.0,1.0,Normal,Fair,1.0,1,1,0,0.0
MiddleAge,0.0,6.0,1.0,Normal,Fair,2.0,3,6,3,100.0
MiddleAge,0.0,6.0,1.0,Normal,Good,0.0,20,19,-1,5.0
MiddleAge,0.0,6.0,1.0,Normal,Good,2.0,1,2,1,100.0
MiddleAge,0.0,6.0,1.0,Normal,Poor,0.0,26,25,-1,3.85
MiddleAge,0.0,6.0,1.0,Normal,Poor,2.0,3,2,-1,33.33
MiddleAge,0.0,6.0,1.0,Obese,Fair,0.0,25,25,0,0.0
MiddleAge,0.0,6.0,1.0,Obese,Fair,2.0,12,12,0,0.0
MiddleAge,0.0,6.0,1.0,Obese,Good,0.0,21,21,0,0.0
MiddleAge,0.0,6.0,1.0,Obese,Good,2.0,6,7,1,16.67
MiddleAge,0.0,6.0,1.0,Obese,Poor,0.0,32,30,-2,6.25
MiddleAge,0.0,6.0,1.0,Obese,Poor,1.0,1,1,0,0.0
MiddleAge,0.0,6.0,1.0,Obese,Poor,2.0,32,32,0,0.0
MiddleAge,0.0,6.0,1.0,Overweight,Fair,0.0,16,16,0,0.0
MiddleAge,0.0,6.0,1.0,Overweight,Fair,1.0,1,1,0,0.0
MiddleAge,0.0,6.0,1.0,Overweight,Fair,2.0,6,6,0,0.0
MiddleAge,0.0,6.0,1.0,Overweight,Good,0.0,29,29,0,0.0
MiddleAge,0.0,6.0,1.0,Overweight,Good,1.0,1,1,0,0.0
MiddleAge,0.0,6.0,1.0,Overweight,Good,2.0,2,2,0,0.0
MiddleAge,0.0,6.0,1.0,Overweight,Poor,0.0,19,18,-1,5.26
MiddleAge,0.0,6.0,1.0,Overweight,Poor,2.0,11,11,0,0.0
MiddleAge,0.0,6.0,2.0,Normal,Fair,0.0,25,26,1,4.0
MiddleAge,0.0,6.0,2.0,Normal,Fair,2.0,2,2,0,0.0
MiddleAge,0.0,6.0,2.0,Normal,Good,0.0,48,48,0,0.0
MiddleAge,0.0,6.0,2.0,Normal,Good,1.0,2,3,1,50.0
MiddleAge,0.0,6.0,2.0,Normal,Good,2.0,1,3,2,200.0
MiddleAge,0.0,6.0,2.0,Normal,Poor,0.0,41,41,0,0.0
MiddleAge,0.0,6.0,2.0,Normal,Poor,1.0,1,0,-1,100.0
MiddleAge,0.0,6.0,2.0,Normal,Poor,2.0,4,4,0,0.0
MiddleAge,0.0,6.0,2.0,Obese,Fair,0.0,32,35,3,9.38
MiddleAge,0.0,6.0,2.0,Obese,Fair,1.0,5,5,0,0.0
MiddleAge,0.0,6.0,2.0,Obese,Fair,2.0,15,16,1,6.67
MiddleAge,0.0,6.0,2.0,Obese,Good,0.0,22,20,-2,9.09
MiddleAge,0.0,6.0,2.0,Obese,Good,2.0,6,6,0,0.0
MiddleAge,0.0,6.0,2.0,Obese,Poor,0.0,37,36,-1,2.7
MiddleAge,0.0,6.0,2.0,Obese,Poor,1.0,4,3,-1,25.0
MiddleAge,0.0,6.0,2.0,Obese,Poor,2.0,42,41,-1,2.38
MiddleAge,0.0,6.0,2.0,Overweight,Fair,0.0,22,23,1,4.55
MiddleAge,0.0,6.0,2.0,Overweight,Fair,1.0,2,1,-1,50.0
MiddleAge,0.0,6.0,2.0,Overweight,Fair,2.0,4,3,-1,25.0
MiddleAge,0.0,6.0,2.0,Overweight,Good,0.0,31,31,0,0.0
MiddleAge,0.0,6.0,2.0,Overweight,Good,1.0,4,4,0,0.0
MiddleAge,0.0,6.0,2.0,Overweight,Good,2.0,5,6,1,20.0
MiddleAge,0.0,6.0,2.0,Overweight,Poor,0.0,27,27,0,0.0
MiddleAge,0.0,6.0,2.0,Overweight,Poor,2.0,13,13,0,0.0
MiddleAge,0.0,6.0,2.0,Underweight,Poor,0.0,5,4,-1,20.0
MiddleAge,0.0,6.0,3.0,Normal,Fair,0.0,41,43,2,4.88
MiddleAge,0.0,6.0,3.0,Normal,Fair,1.0,1,1,0,0.0
MiddleAge,0.0,6.0,3.0,Normal,Fair,2.0,1,4,3,300.0
MiddleAge,0.0,6.0,3.0,Normal,Good,0.0,80,79,-1,1.25
MiddleAge,0.0,6.0,3.0,Normal,Good,1.0,1,0,-1,100.0
MiddleAge,0.0,6.0,3.0,Normal,Poor,0.0,26,27,1,3.85
MiddleAge,0.0,6.0,3.0,Normal,Poor,2.0,5,5,0,0.0
MiddleAge,0.0,6.0,3.0,Obese,Fair,0.0,47,48,1,2.13
MiddleAge,0.0,6.0,3.0,Obese,Fair,1.0,3,1,-2,66.67
MiddleAge,0.0,6.0,3.0,Obese,Fair,2.0,19,19,0,0.0
MiddleAge,0.0,6.0,3.0,Obese,Good,0.0,34,39,5,14.71
MiddleAge,0.0,6.0,3.0,Obese,Good,1.0,2,5,3,150.0
MiddleAge,0.0,6.0,3.0,Obese,Good,2.0,4,6,2,50.0
MiddleAge,0.0,6.0,3.0,Obese,Poor,0.0,36,35,-1,2.78
MiddleAge,0.0,6.0,3.0,Obese,Poor,1.0,4,8,4,100.0
MiddleAge,0.0,6.0,3.0,Obese,Poor,2.0,55,52,-3,5.45
MiddleAge,0.0,6.0,3.0,Overweight,Fair,0.0,40,41,1,2.5
MiddleAge,0.0,6.0,3.0,Overweight,Fair,1.0,1,3,2,200.0
MiddleAge,0.0,6.0,3.0,Overweight,Fair,2.0,9,9,0,0.0
MiddleAge,0.0,6.0,3.0,Overweight,Good,0.0,52,46,-6,11.54
MiddleAge,0.0,6.0,3.0,Overweight,Good,1.0,2,2,0,0.0
MiddleAge,0.0,6.0,3.0,Overweight,Good,2.0,3,3,0,0.0
MiddleAge,0.0,6.0,3.0,Overweight,Poor,0.0,26,24,-2,7.69
MiddleAge,0.0,6.0,3.0,Overweight,Poor,2.0,13,13,0,0.0
MiddleAge,0.0,6.0,3.0,Underweight,Fair,0.0,6,8,2,33.33
MiddleAge,0.0,6.0,4.0,Normal,Fair,0.0,51,51,0,0.0
MiddleAge,0.0,6.0,4.0,Normal,Fair,1.0,2,1,-1,50.0
MiddleAge,0.0,6.0,4.0,Normal,Fair,2.0,3,3,0,0.0
MiddleAge,0.0,6.0,4.0,Normal,Good,0.0,123,122,-1,0.81
MiddleAge,0.0,6.0,4.0,Normal,Good,1.0,1,0,-1,100.0
MiddleAge,0.0,6.0,4.0,Normal,Good,2.0,5,8,3,60.0
MiddleAge,0.0,6.0,4.0,Normal,Poor,0.0,33,34,1,3.03
MiddleAge,0.0,6.0,4.0,Normal,Poor,1.0,2,3,1,50.0
MiddleAge,0.0,6.0,4.0,Normal,Poor,2.0,8,11,3,37.5
MiddleAge,0.0,6.0,4.0,Obese,Fair,0.0,71,71,0,0.0
MiddleAge,0.0,6.0,4.0,Obese,Fair,1.0,5,5,0,0.0
MiddleAge,0.0,6.0,4.0,Obese,Fair,2.0,39,38,-1,2.56
MiddleAge,0.0,6.0,4.0,Obese,Good,0.0,85,84,-1,1.18
MiddleAge,0.0,6.0,4.0,Obese,Good,1.0,1,2,1,100.0
MiddleAge,0.0,6.0,4.0,Obese,Good,2.0,14,12,-2,14.29
MiddleAge,0.0,6.0,4.0,Obese,Poor,0.0,44,44,0,0.0
MiddleAge,0.0,6.0,4.0,Obese,Poor,1.0,5,6,1,20.0
MiddleAge,0.0,6.0,4.0,Obese,Poor,2.0,42,44,2,4.76
MiddleAge,0.0,6.0,4.0,Overweight,Fair,0.0,62,60,-2,3.23
MiddleAge,0.0,6.0,4.0,Overweight,Fair,1.0,1,2,1,100.0
MiddleAge,0.0,6.0,4.0,Overweight,Fair,2.0,13,13,0,0.0
MiddleAge,0.0,6.0,4.0,Overweight,Good,0.0,133,134,1,0.75
MiddleAge,0.0,6.0,4.0,Overweight,Good,1.0,1,0,-1,100.0
MiddleAge,0.0,6.0,4.0,Overweight,Good,2.0,6,7,1,16.67
MiddleAge,0.0,6.0,4.0,Overweight,Poor,0.0,28,28,0,0.0
MiddleAge,0.0,6.0,4.0,Overweight,Poor,1.0,1,2,1,100.0
MiddleAge,0.0,6.0,4.0,Overweight,Poor,2.0,11,11,0,0.0
MiddleAge,0.0,6.0,4.0,Underweight,Fair,0.0,5,4,-1,20.0
MiddleAge,0.0,6.0,4.0,Underweight,Good,0.0,8,8,0,0.0
MiddleAge,0.0,6.0,5.0,Normal,Fair,0.0,86,85,-1,1.16
MiddleAge,0.0,6.0,5.0,Normal,Fair,1.0,2,3,1,50.0
MiddleAge,0.0,6.0,5.0,Normal,Fair,2.0,9,9,0,0.0
MiddleAge,0.0,6.0,5.0,Normal,Good,0.0,295,295,0,0.0
MiddleAge,0.0,6.0,5.0,Normal,Good,1.0,4,4,0,0.0
MiddleAge,0.0,6.0,5.0,Normal,Good,2.0,3,1,-2,66.67
MiddleAge,0.0,6.0,5.0,Normal,Poor,0.0,40,41,1,2.5
MiddleAge,0.0,6.0,5.0,Normal,Poor,1.0,1,1,0,0.0
MiddleAge,0.0,6.0,5.0,Normal,Poor,2.0,4,4,0,0.0
MiddleAge,0.0,6.0,5.0,Obese,Fair,0.0,133,132,-1,0.75
MiddleAge,0.0,6.0,5.0,Obese,Fair,1.0,10,10,0,0.0
MiddleAge,0.0,6.0,5.0,Obese,Fair,2.0,57,57,0,0.0
MiddleAge,0.0,6.0,5.0,Obese,Good,0.0,153,152,-1,0.65
MiddleAge,0.0,6.0,5.0,Obese,Good,1.0,5,3,-2,40.0
MiddleAge,0.0,6.0,5.0,Obese,Good,2.0,32,31,-1,3.12
MiddleAge,0.0,6.0,5.0,Obese,Poor,0.0,67,67,0,0.0
MiddleAge,0.0,6.0,5.0,Obese,Poor,1.0,5,5,0,0.0
MiddleAge,0.0,6.0,5.0,Obese,Poor,2.0,68,68,0,0.0
MiddleAge,0.0,6.0,5.0,Overweight,Fair,0.0,113,115,2,1.77
MiddleAge,0.0,6.0,5.0,Overweight,Fair,1.0,4,2,-2,50.0
MiddleAge,0.0,6.0,5.0,Overweight,Fair,2.0,24,25,1,4.17
MiddleAge,0.0,6.0,5.0,Overweight,Good,0.0,222,222,0,0.0
MiddleAge,0.0,6.0,5.0,Overweight,Good,1.0,5,5,0,0.0
MiddleAge,0.0,6.0,5.0,Overweight,Good,2.0,16,16,0,0.0
MiddleAge,0.0,6.0,5.0,Overweight,Poor,0.0,56,56,0,0.0
MiddleAge,0.0,6.0,5.0,Overweight,Poor,1.0,2,4,2,100.0
MiddleAge,0.0,6.0,5.0,Overweight,Poor,2.0,18,17,-1,5.56
MiddleAge,0.0,6.0,5.0,Underweight,Fair,0.0,5,5,0,0.0
MiddleAge,0.0,6.0,5.0,Underweight,Good,0.0,14,13,-1,7.14
MiddleAge,0.0,6.0,5.0,Underweight,Poor,0.0,8,11,3,37.5
MiddleAge,0.0,6.0,6.0,Normal,Fair,0.0,146,147,1,0.68
MiddleAge,0.0,6.0,6.0,Normal,Fair,1.0,6,6,0,0.0
MiddleAge,0.0,6.0,6.0,Normal,Fair,2.0,7,6,-1,14.29
MiddleAge,0.0,6.0,6.0,Normal,Good,0.0,583,583,0,0.0
MiddleAge,0.0,6.0,6.0,Normal,Good,1.0,8,8,0,0.0
MiddleAge,0.0,6.0,6.0,Normal,Good,2.0,13,12,-1,7.69
MiddleAge,0.0,6.0,6.0,Normal,Poor,0.0,52,51,-1,1.92
MiddleAge,0.0,6.0,6.0,Normal,Poor,2.0,9,9,0,0.0
MiddleAge,0.0,6.0,6.0,Obese,Fair,0.0,270,270,0,0.0
MiddleAge,0.0,6.0,6.0,Obese,Fair,1.0,11,11,0,0.0
MiddleAge,0.0,6.0,6.0,Obese,Fair,2.0,121,120,-1,0.83
MiddleAge,0.0,6.0,6.0,Obese,Good,0.0,329,329,0,0.0
MiddleAge,0.0,6.0,6.0,Obese,Good,1.0,9,14,5,55.56
MiddleAge,0.0,6.0,6.0,Obese,Good,2.0,44,43,-1,2.27
MiddleAge,0.0,6.0,6.0,Obese,Poor,0.0,70,71,1,1.43
MiddleAge,0.0,6.0,6.0,Obese,Poor,1.0,7,7,0,0.0
MiddleAge,0.0,6.0,6.0,Obese,Poor,2.0,80,80,0,0.0
MiddleAge,0.0,6.0,6.0,Overweight,Fair,0.0,196,195,-1,0.51
MiddleAge,0.0,6.0,6.0,Overweight,Fair,1.0,9,8,-1,11.11
MiddleAge,0.0,6.0,6.0,Overweight,Fair,2.0,51,48,-3,5.88
MiddleAge,0.0,6.0,6.0,Overweight,Good,0.0,503,504,1,0.2
MiddleAge,0.0,6.0,6.0,Overweight,Good,1.0,6,7,1,16.67
MiddleAge,0.0,6.0,6.0,Overweight,Good,2.0,28,27,-1,3.57
MiddleAge,0.0,6.0,6.0,Overweight,Poor,0.0,69,71,2,2.9
MiddleAge,0.0,6.0,6.0,Overweight,Poor,2.0,28,28,0,0.0
MiddleAge,0.0,6.0,6.0,Underweight,Fair,0.0,7,6,-1,14.29
MiddleAge,0.0,6.0,6.0,Underweight,Good,0.0,26,25,-1,3.85
MiddleAge,0.0,6.0,6.0,Underweight,Poor,0.0,4,4,0,0.0
MiddleAge,0.0,6.0,6.0,Underweight,Poor,2.0,1,2,1,100.0
MiddleAge,0.0,6.0,7.0,Normal,Fair,0.0,222,225,3,1.35
MiddleAge,0.0,6.0,7.0,Normal,Fair,1.0,3,4,1,33.33
MiddleAge,0.0,6.0,7.0,Normal,Fair,2.0,22,22,0,0.0
MiddleAge,0.0,6.0,7.0,Normal,Good,0.0,1165,1164,-1,0.09
MiddleAge,0.0,6.0,7.0,Normal,Good,1.0,7,7,0,0.0
MiddleAge,0.0,6.0,7.0,Normal,Good,2.0,17,17,0,0.0
MiddleAge,0.0,6.0,7.0,Normal,Poor,0.0,62,60,-2,3.23
MiddleAge,0.0,6.0,7.0,Normal,Poor,1.0,1,4,3,300.0
MiddleAge,0.0,6.0,7.0,Normal,Poor,2.0,9,10,1,11.11
MiddleAge,0.0,6.0,7.0,Obese,Fair,0.0,379,377,-2,0.53
MiddleAge,0.0,6.0,7.0,Obese,Fair,1.0,20,19,-1,5.0
MiddleAge,0.0,6.0,7.0,Obese,Fair,2.0,134,132,-2,1.49
MiddleAge,0.0,6.0,7.0,Obese,Good,0.0,584,585,1,0.17
MiddleAge,0.0,6.0,7.0,Obese,Good,1.0,7,8,1,14.29
MiddleAge,0.0,6.0,7.0,Obese,Good,2.0,66,66,0,0.0
MiddleAge,0.0,6.0,7.0,Obese,Poor,0.0,117,118,1,0.85
MiddleAge,0.0,6.0,7.0,Obese,Poor,1.0,12,10,-2,16.67
MiddleAge,0.0,6.0,7.0,Obese,Poor,2.0,81,80,-1,1.23
MiddleAge,0.0,6.0,7.0,Overweight,Fair,0.0,331,331,0,0.0
MiddleAge,0.0,6.0,7.0,Overweight,Fair,1.0,7,8,1,14.29
MiddleAge,0.0,6.0,7.0,Overweight,Fair,2.0,51,50,-1,1.96
MiddleAge,0.0,6.0,7.0,Overweight,Good,0.0,1015,1015,0,0.0
MiddleAge,0.0,6.0,7.0,Overweight,Good,1.0,10,11,1,10.0
MiddleAge,0.0,6.0,7.0,Overweight,Good,2.0,55,55,0,0.0
MiddleAge,0.0,6.0,7.0,Overweight,Poor,0.0,55,55,0,0.0
MiddleAge,0.0,6.0,7.0,Overweight,Poor,1.0,3,3,0,0.0
MiddleAge,0.0,6.0,7.0,Overweight,Poor,2.0,34,35,1,2.94
MiddleAge,0.0,6.0,7.0,Underweight,Fair,0.0,18,18,0,0.0
MiddleAge,0.0,6.0,7.0,Underweight,Fair,2.0,2,4,2,100.0
MiddleAge,0.0,6.0,7.0,Underweight,Good,0.0,38,37,-1,2.63
MiddleAge,0.0,6.0,7.0,Underweight,Good,2.0,1,3,2,200.0
MiddleAge,0.0,6.0,7.0,Underweight,Poor,0.0,6,6,0,0.0
MiddleAge,0.0,6.0,8.0,Normal,Fair,0.0,542,543,1,0.18
MiddleAge,0.0,6.0,8.0,Normal,Fair,1.0,3,3,0,0.0
MiddleAge,0.0,6.0,8.0,Normal,Fair,2.0,31,30,-1,3.23
MiddleAge,0.0,6.0,8.0,Normal,Good,0.0,3706,3705,-1,0.03
MiddleAge,0.0,6.0,8.0,Normal,Good,1.0,9,9,0,0.0
MiddleAge,0.0,6.0,8.0,Normal,Good,2.0,40,40,0,0.0
MiddleAge,0.0,6.0,8.0,Normal,Poor,0.0,126,127,1,0.79
MiddleAge,0.0,6.0,8.0,Normal,Poor,1.0,2,4,2,100.0
MiddleAge,0.0,6.0,8.0,Normal,Poor,2.0,18,18,0,0.0
MiddleAge,0.0,6.0,8.0,Obese,Fair,0.0,670,668,-2,0.3
MiddleAge,0.0,6.0,8.0,Obese,Fair,1.0,24,22,-2,8.33
MiddleAge,0.0,6.0,8.0,Obese,Fair,2.0,214,210,-4,1.87
MiddleAge,0.0,6.0,8.0,Obese,Good,0.0,1273,1272,-1,0.08
MiddleAge,0.0,6.0,8.0,Obese,Good,1.0,27,27,0,0.0
MiddleAge,0.0,6.0,8.0,Obese,Good,2.0,120,123,3,2.5
MiddleAge,0.0,6.0,8.0,Obese,Poor,0.0,147,146,-1,0.68
MiddleAge,0.0,6.0,8.0,Obese,Poor,1.0,10,11,1,10.0
MiddleAge,0.0,6.0,8.0,Obese,Poor,2.0,107,106,-1,0.93
MiddleAge,0.0,6.0,8.0,Overweight,Fair,0.0,603,607,4,0.66
MiddleAge,0.0,6.0,8.0,Overweight,Fair,1.0,14,14,0,0.0
MiddleAge,0.0,6.0,8.0,Overweight,Fair,2.0,102,99,-3,2.94
MiddleAge,0.0,6.0,8.0,Overweight,Good,0.0,2755,2756,1,0.04
MiddleAge,0.0,6.0,8.0,Overweight,Good,1.0,30,29,-1,3.33
MiddleAge,0.0,6.0,8.0,Overweight,Good,2.0,100,99,-1,1.0
MiddleAge,0.0,6.0,8.0,Overweight,Poor,0.0,128,127,-1,0.78
MiddleAge,0.0,6.0,8.0,Overweight,Poor,1.0,6,7,1,16.67
MiddleAge,0.0,6.0,8.0,Overweight,Poor,2.0,29,29,0,0.0
MiddleAge,0.0,6.0,8.0,Underweight,Fair,0.0,17,15,-2,11.76
MiddleAge,0.0,6.0,8.0,Underweight,Fair,2.0,1,2,1,100.0
MiddleAge,0.0,6.0,8.0,Underweight,Good,0.0,119,122,3,2.52
MiddleAge,0.0,6.0,8.0,Underweight,Good,2.0,2,6,4,200.0
MiddleAge,0.0,6.0,8.0,Underweight,Poor,0.0,15,17,2,13.33
MiddleAge,1.0,2.0,1.0,Normal,Fair,0.0,3,3,0,0.0
MiddleAge,1.0,2.0,1.0,Normal,Fair,2.0,2,0,-2,100.0
MiddleAge,1.0,2.0,1.0,Normal,Poor,0.0,10,10,0,0.0
MiddleAge,1.0,2.0,1.0,Normal,Poor,2.0,6,5,-1,16.67
MiddleAge,1.0,2.0,1.0,Obese,Fair,0.0,5,4,-1,20.0
MiddleAge,1.0,2.0,1.0,Obese,Fair,2.0,2,3,1,50.0
MiddleAge,1.0,2.0,1.0,Obese,Good,0.0,3,4,1,33.33
MiddleAge,1.0,2.0,1.0,Obese,Good,2.0,2,4,2,100.0
MiddleAge,1.0,2.0,1.0,Obese,Poor,0.0,11,8,-3,27.27
MiddleAge,1.0,2.0,1.0,Obese,Poor,1.0,1,1,0,0.0
MiddleAge,1.0,2.0,1.0,Obese,Poor,2.0,18,16,-2,11.11
MiddleAge,1.0,2.0,1.0,Overweight,Fair,0.0,7,9,2,28.57
MiddleAge,1.0,2.0,1.0,Overweight,Fair,2.0,3,3,0,0.0
MiddleAge,1.0,2.0,1.0,Overweight,Good,0.0,6,6,0,0.0
MiddleAge,1.0,2.0,1.0,Overweight,Poor,0.0,20,19,-1,5.0
MiddleAge,1.0,2.0,1.0,Overweight,Poor,1.0,1,0,-1,100.0
MiddleAge,1.0,2.0,1.0,Overweight,Poor,2.0,12,11,-1,8.33
MiddleAge,1.0,2.0,2.0,Normal,Fair,0.0,8,8,0,0.0
MiddleAge,1.0,2.0,2.0,Normal,Fair,2.0,1,1,0,0.0
MiddleAge,1.0,2.0,2.0,Normal,Poor,0.0,8,7,-1,12.5
MiddleAge,1.0,2.0,2.0,Normal,Poor,1.0,1,5,4,400.0
MiddleAge,1.0,2.0,2.0,Obese,Fair,0.0,9,9,0,0.0
MiddleAge,1.0,2.0,2.0,Obese,Fair,2.0,3,3,0,0.0
MiddleAge,1.0,2.0,2.0,Obese,Poor,0.0,12,12,0,0.0
MiddleAge,1.0,2.0,2.0,Obese,Poor,1.0,1,1,0,0.0
MiddleAge,1.0,2.0,2.0,Obese,Poor,2.0,22,22,0,0.0
MiddleAge,1.0,2.0,2.0,Overweight,Fair,0.0,3,0,-3,100.0
MiddleAge,1.0,2.0,2.0,Overweight,Fair,2.0,4,7,3,75.0
MiddleAge,1.0,2.0,2.0,Overweight,Poor,0.0,13,13,0,0.0
MiddleAge,1.0,2.0,2.0,Overweight,Poor,1.0,1,1,0,0.0
MiddleAge,1.0,2.0,2.0,Overweight,Poor,2.0,9,9,0,0.0
MiddleAge,1.0,2.0,2.0,Overweight-Range,Good,0.0,1,1,0,0.0
MiddleAge,1.0,2.0,2.0,Overweight-Range,Good,2.0,6,6,0,0.0
MiddleAge,1.0,2.0,3.0,Any,Good,0.0,4,3,-1,25.0
MiddleAge,1.0,2.0,3.0,Any,Good,2.0,2,0,-2,100.0
MiddleAge,1.0,2.0,3.0,Normal,Poor,0.0,8,9,1,12.5
MiddleAge,1.0,2.0,3.0,Normal,Poor,2.0,3,4,1,33.33
MiddleAge,1.0,2.0,3.0,Obese,Fair,0.0,9,9,0,0.0
MiddleAge,1.0,2.0,3.0,Obese,Fair,2.0,5,5,0,0.0
MiddleAge,1.0,2.0,3.0,Obese,Poor,0.0,14,14,0,0.0
MiddleAge,1.0,2.0,3.0,Obese,Poor,1.0,2,2,0,0.0
MiddleAge,1.0,2.0,3.0,Obese,Poor,2.0,8,8,0,0.0
MiddleAge,1.0,2.0,3.0,Overweight,Fair,0.0,6,6,0,0.0
MiddleAge,1.0,2.0,3.0,Overweight,Fair,1.0,1,1,0,0.0
MiddleAge,1.0,2.0,3.0,Overweight,Fair,2.0,1,1,0,0.0
MiddleAge,1.0,2.0,3.0,Overweight,Good,0.0,6,9,3,50.0
MiddleAge,1.0,2.0,3.0,Overweight,Good,2.0,2,2,0,0.0
MiddleAge,1.0,2.0,3.0,Overweight,Poor,0.0,14,18,4,28.57
MiddleAge,1.0,2.0,3.0,Overweight,Poor,1.0,1,0,-1,100.0
MiddleAge,1.0,2.0,3.0,Overweight,Poor,2.0,6,6,0,0.0
MiddleAge,1.0,2.0,4.0,Normal,Fair,0.0,4,4,0,0.0
MiddleAge,1.0,2.0,4.0,Normal,Fair,1.0,1,0,-1,100.0
MiddleAge,1.0,2.0,4.0,Normal,Fair,2.0,1,0,-1,100.0
MiddleAge,1.0,2.0,4.0,Normal,Poor,0.0,9,11,2,22.22
MiddleAge,1.0,2.0,4.0,Normal,Poor,2.0,2,2,0,0.0
MiddleAge,1.0,2.0,4.0,Obese,Fair,0.0,5,3,-2,40.0
MiddleAge,1.0,2.0,4.0,Obese,Fair,1.0,1,1,0,0.0
MiddleAge,1.0,2.0,4.0,Obese,Fair,2.0,2,5,3,150.0
MiddleAge,1.0,2.0,4.0,Obese,Poor,0.0,10,10,0,0.0
MiddleAge,1.0,2.0,4.0,Obese,Poor,1.0,1,1,0,0.0
MiddleAge,1.0,2.0,4.0,Obese,Poor,2.0,10,10,0,0.0
MiddleAge,1.0,2.0,4.0,Overweight,Fair,0.0,9,8,-1,11.11
MiddleAge,1.0,2.0,4.0,Overweight,Fair,2.0,2,2,0,0.0
MiddleAge,1.0,2.0,4.0,Overweight,Poor,0.0,11,12,1,9.09
MiddleAge,1.0,2.0,4.0,Overweight,Poor,1.0,1,2,1,100.0
MiddleAge,1.0,2.0,4.0,Overweight,Poor,2.0,6,7,1,16.67
MiddleAge,1.0,2.0,4.0,Overweight-Range,Good,0.0,7,6,-1,14.29
MiddleAge,1.0,2.0,4.0,Overweight-Range,Good,1.0,1,2,1,100.0
MiddleAge,1.0,2.0,5.0,Normal,Fair,0.0,3,3,0,0.0
MiddleAge,1.0,2.0,5.0,Normal,Fair,2.0,2,1,-1,50.0
MiddleAge,1.0,2.0,5.0,Normal,Poor,0.0,5,5,0,0.0
MiddleAge,1.0,2.0,5.0,Normal,Poor,2.0,3,3,0,0.0
MiddleAge,1.0,2.0,5.0,Obese,Fair,0.0,4,5,1,25.0
MiddleAge,1.0,2.0,5.0,Obese,Fair,1.0,2,2,0,0.0
MiddleAge,1.0,2.0,5.0,Obese,Good,0.0,5,7,2,40.0
MiddleAge,1.0,2.0,5.0,Obese,Good,1.0,1,0,-1,100.0
MiddleAge,1.0,2.0,5.0,Obese,Good,2.0,1,1,0,0.0
MiddleAge,1.0,2.0,5.0,Obese,Poor,0.0,5,3,-2,40.0
MiddleAge,1.0,2.0,5.0,Obese,Poor,1.0,2,3,1,50.0
MiddleAge,1.0,2.0,5.0,Obese,Poor,2.0,5,5,0,0.0
MiddleAge,1.0,2.0,5.0,Overweight,Fair,0.0,10,11,1,10.0
MiddleAge,1.0,2.0,5.0,Overweight,Fair,2.0,4,4,0,0.0
MiddleAge,1.0,2.0,5.0,Overweight,Good,0.0,6,6,0,0.0
MiddleAge,1.0,2.0,5.0,Overweight,Poor,0.0,2,0,-2,100.0
MiddleAge,1.0,2.0,5.0,Overweight,Poor,1.0,1,1,0,0.0
MiddleAge,1.0,2.0,5.0,Overweight,Poor,2.0,9,9,0,0.0
MiddleAge,1.0,2.0,6.0,Normal,Poor,0.0,5,3,-2,40.0
MiddleAge,1.0,2.0,6.0,Obese,Fair,0.0,7,7,0,0.0
MiddleAge,1.0,2.0,6.0,Obese,Fair,1.0,1,1,0,0.0
MiddleAge,1.0,2.0,6.0,Obese,Fair,2.0,2,3,1,50.0
MiddleAge,1.0,2.0,6.0,Obese,Poor,0.0,5,3,-2,40.0
MiddleAge,1.0,2.0,6.0,Obese,Poor,1.0,3,4,1,33.33
MiddleAge,1.0,2.0,6.0,Obese,Poor,2.0,4,6,2,50.0
MiddleAge,1.0,2.0,6.0,Overweight,Fair,0.0,5,5,0,0.0
MiddleAge,1.0,2.0,6.0,Overweight,Poor,0.0,7,6,-1,14.29
MiddleAge,1.0,2.0,6.0,Overweight,Poor,1.0,1,2,1,100.0
MiddleAge,1.0,2.0,6.0,Overweight,Poor,2.0,5,2,-3,60.0
MiddleAge,1.0,2.0,6.0,Overweight-Range,Good,0.0,7,7,0,0.0
MiddleAge,1.0,2.0,6.0,Overweight-Range,Good,2.0,1,2,1,100.0
MiddleAge,1.0,2.0,7.0,Any,Good,0.0,4,4,0,0.0
MiddleAge,1.0,2.0,7.0,Any,Good,1.0,1,1,0,0.0
MiddleAge,1.0,2.0,7.0,Any,Good,2.0,1,1,0,0.0
MiddleAge,1.0,2.0,7.0,Obese,Poor,0.0,3,2,-1,33.33
MiddleAge,1.0,2.0,7.0,Obese,Poor,1.0,1,0,-1,100.0
MiddleAge,1.0,2.0,7.0,Obese,Poor,2.0,1,1,0,0.0
MiddleAge,1.0,2.0,7.0,Overweight,Fair,0.0,5,5,0,0.0
MiddleAge,1.0,2.0,7.0,Overweight,Fair,2.0,2,6,4,200.0
MiddleAge,1.0,2.0,7.0,Overweight,Poor,0.0,7,6,-1,14.29
MiddleAge,1.0,2.0,8.0,Any,Fair,0.0,4,8,4,100.0
MiddleAge,1.0,2.0,8.0,Any,Fair,2.0,1,2,1,100.0
MiddleAge,1.0,2.0,8.0,Obese,Fair,0.0,5,7,2,40.0
MiddleAge,1.0,2.0,8.0,Obese,Fair,2.0,1,2,1,100.0
MiddleAge,1.0,2.0,8.0,Obese,Good,0.0,4,4,0,0.0
MiddleAge,1.0,2.0,8.0,Obese,Good,2.0,1,1,0,0.0
MiddleAge,1.0,2.0,8.0,Overweight,Good,0.0,6,8,2,33.33
MiddleAge,1.0,2.0,8.0,Overweight-Range,Poor,0.0,6,9,3,50.0
MiddleAge,1.0,2.0,8.0,Overweight-Range,Poor,2.0,1,1,0,0.0
MiddleAge,1.0,3.0,1.0,Normal,Good,0.0,10,11,1,10.0
MiddleAge,1.0,3.0,1.0,Normal,Poor,0.0,22,22,0,0.0
MiddleAge,1.0,3.0,1.0,Normal,Poor,2.0,5,5,0,0.0
MiddleAge,1.0,3.0,1.0,Obese,Fair,0.0,17,17,0,0.0
MiddleAge,1.0,3.0,1.0,Obese,Fair,1.0,1,0,-1,100.0
MiddleAge,1.0,3.0,1.0,Obese,Fair,2.0,1,1,0,0.0
MiddleAge,1.0,3.0,1.0,Obese,Good,0.0,7,7,0,0.0
MiddleAge,1.0,3.0,1.0,Obese,Good,2.0,3,4,1,33.33
MiddleAge,1.0,3.0,1.0,Obese,Poor,0.0,28,30,2,7.14
MiddleAge,1.0,3.0,1.0,Obese,Poor,1.0,1,1,0,0.0
MiddleAge,1.0,3.0,1.0,Obese,Poor,2.0,14,13,-1,7.14
MiddleAge,1.0,3.0,1.0,Overweight,Fair,0.0,11,10,-1,9.09
MiddleAge,1.0,3.0,1.0,Overweight,Fair,2.0,4,5,1,25.0
MiddleAge,1.0,3.0,1.0,Overweight,Good,0.0,10,10,0,0.0
MiddleAge,1.0,3.0,1.0,Overweight,Good,1.0,1,1,0,0.0
MiddleAge,1.0,3.0,1.0,Overweight,Good,2.0,1,0,-1,100.0
MiddleAge,1.0,3.0,1.0,Overweight,Poor,0.0,20,20,0,0.0
MiddleAge,1.0,3.0,1.0,Overweight,Poor,1.0,6,6,0,0.0
MiddleAge,1.0,3.0,1.0,Overweight,Poor,2.0,11,11,0,0.0
MiddleAge,1.0,3.0,2.0,Normal,Fair,0.0,11,11,0,0.0
MiddleAge,1.0,3.0,2.0,Normal,Fair,2.0,2,4,2,100.0
MiddleAge,1.0,3.0,2.0,Normal,Poor,0.0,13,13,0,0.0
MiddleAge,1.0,3.0,2.0,Normal,Poor,2.0,3,4,1,33.33
MiddleAge,1.0,3.0,2.0,Obese,Fair,0.0,12,13,1,8.33
MiddleAge,1.0,3.0,2.0,Obese,Fair,1.0,2,3,1,50.0
MiddleAge,1.0,3.0,2.0,Obese,Fair,2.0,6,6,0,0.0
MiddleAge,1.0,3.0,2.0,Obese,Good,0.0,2,1,-1,50.0
MiddleAge,1.0,3.0,2.0,Obese,Good,1.0,3,5,2,66.67
MiddleAge,1.0,3.0,2.0,Obese,Good,2.0,3,3,0,0.0
MiddleAge,1.0,3.0,2.0,Obese,Poor,0.0,22,18,-4,18.18
MiddleAge,1.0,3.0,2.0,Obese,Poor,1.0,3,4,1,33.33
MiddleAge,1.0,3.0,2.0,Obese,Poor,2.0,34,37,3,8.82
MiddleAge,1.0,3.0,2.0,Overweight,Fair,0.0,12,12,0,0.0
MiddleAge,1.0,3.0,2.0,Overweight,Fair,2.0,3,3,0,0.0
MiddleAge,1.0,3.0,2.0,Overweight,Good,0.0,6,6,0,0.0
MiddleAge,1.0,3.0,2.0,Overweight,Good,2.0,4,5,1,25.0
MiddleAge,1.0,3.0,2.0,Overweight,Poor,0.0,27,26,-1,3.7
MiddleAge,1.0,3.0,2.0,Overweight,Poor,1.0,2,3,1,50.0
MiddleAge,1.0,3.0,2.0,Overweight,Poor,2.0,12,14,2,16.67
MiddleAge,1.0,3.0,3.0,Normal,Fair,0.0,7,6,-1,14.29
MiddleAge,1.0,3.0,3.0,Normal,Fair,2.0,2,2,0,0.0
MiddleAge,1.0,3.0,3.0,Normal,Good,0.0,8,8,0,0.0
MiddleAge,1.0,3.0,3.0,Normal,Poor,0.0,15,18,3,20.0
MiddleAge,1.0,3.0,3.0,Normal,Poor,2.0,3,3,0,0.0
MiddleAge,1.0,3.0,3.0,Obese,Fair,0.0,13,12,-1,7.69
MiddleAge,1.0,3.0,3.0,Obese,Fair,1.0,1,0,-1,100.0
MiddleAge,1.0,3.0,3.0,Obese,Fair,2.0,10,10,0,0.0
MiddleAge,1.0,3.0,3.0,Obese,Good,0.0,4,4,0,0.0
MiddleAge,1.0,3.0,3.0,Obese,Good,2.0,4,5,1,25.0
MiddleAge,1.0,3.0,3.0,Obese,Poor,0.0,21,21,0,0.0
MiddleAge,1.0,3.0,3.0,Obese,Poor,1.0,5,4,-1,20.0
MiddleAge,1.0,3.0,3.0,Obese,Poor,2.0,23,23,0,0.0
MiddleAge,1.0,3.0,3.0,Overweight,Fair,0.0,23,25,2,8.7
MiddleAge,1.0,3.0,3.0,Overweight,Fair,1.0,1,2,1,100.0
MiddleAge,1.0,3.0,3.0,Overweight,Fair,2.0,5,5,0,0.0
MiddleAge,1.0,3.0,3.0,Overweight,Good,0.0,7,7,0,0.0
MiddleAge,1.0,3.0,3.0,Overweight,Good,2.0,3,3,0,0.0
MiddleAge,1.0,3.0,3.0,Overweight,Poor,0.0,32,32,0,0.0
MiddleAge,1.0,3.0,3.0,Overweight,Poor,1.0,1,0,-1,100.0
MiddleAge,1.0,3.0,3.0,Overweight,Poor,2.0,16,14,-2,12.5
MiddleAge,1.0,3.0,4.0,Normal,Fair,0.0,10,10,0,0.0
MiddleAge,1.0,3.0,4.0,Normal,Fair,2.0,1,2,1,100.0
MiddleAge,1.0,3.0,4.0,Normal,Poor,0.0,12,11,-1,8.33
MiddleAge,1.0,3.0,4.0,Normal,Poor,2.0,5,6,1,20.0
MiddleAge,1.0,3.0,4.0,Obese,Fair,0.0,10,11,1,10.0
MiddleAge,1.0,3.0,4.0,Obese,Fair,1.0,1,2,1,100.0
MiddleAge,1.0,3.0,4.0,Obese,Fair,2.0,10,10,0,0.0
MiddleAge,1.0,3.0,4.0,Obese,Good,0.0,8,10,2,25.0
MiddleAge,1.0,3.0,4.0,Obese,Good,1.0,1,2,1,100.0
MiddleAge,1.0,3.0,4.0,Obese,Good,2.0,6,6,0,0.0
MiddleAge,1.0,3.0,4.0,Obese,Poor,0.0,27,29,2,7.41
MiddleAge,1.0,3.0,4.0,Obese,Poor,1.0,1,1,0,0.0
MiddleAge,1.0,3.0,4.0,Obese,Poor,2.0,23,23,0,0.0
MiddleAge,1.0,3.0,4.0,Overweight,Fair,0.0,12,13,1,8.33
MiddleAge,1.0,3.0,4.0,Overweight,Fair,1.0,1,3,2,200.0
MiddleAge,1.0,3.0,4.0,Overweight,Fair,2.0,5,5,0,0.0
MiddleAge,1.0,3.0,4.0,Overweight,Good,0.0,10,10,0,0.0
MiddleAge,1.0,3.0,4.0,Overweight,Good,2.0,2,1,-1,50.0
MiddleAge,1.0,3.0,4.0,Overweight,Poor,0.0,23,23,0,0.0
MiddleAge,1.0,3.0,4.0,Overweight,Poor,1.0,1,0,-1,100.0
MiddleAge,1.0,3.0,4.0,Overweight,Poor,2.0,10,10,0,0.0
MiddleAge,1.0,3.0,5.0,Normal,Fair,0.0,14,14,0,0.0
MiddleAge,1.0,3.0,5.0,Normal,Fair,2.0,1,2,1,100.0
MiddleAge,1.0,3.0,5.0,Normal,Good,0.0,5,6,1,20.0
MiddleAge,1.0,3.0,5.0,Normal,Good,2.0,1,0,-1,100.0
MiddleAge,1.0,3.0,5.0,Normal,Poor,0.0,11,14,3,27.27
MiddleAge,1.0,3.0,5.0,Normal,Poor,2.0,3,3,0,0.0
MiddleAge,1.0,3.0,5.0,Obese,Fair,0.0,18,18,0,0.0
MiddleAge,1.0,3.0,5.0,Obese,Fair,2.0,9,9,0,0.0
MiddleAge,1.0,3.0,5.0,Obese,Good,0.0,8,8,0,0.0
MiddleAge,1.0,3.0,5.0,Obese,Good,2.0,4,7,3,75.0
MiddleAge,1.0,3.0,5.0,Obese,Poor,0.0,21,23,2,9.52
MiddleAge,1.0,3.0,5.0,Obese,Poor,1.0,3,3,0,0.0
MiddleAge,1.0,3.0,5.0,Obese,Poor,2.0,14,11,-3,21.43
MiddleAge,1.0,3.0,5.0,Overweight,Fair,0.0,17,17,0,0.0
MiddleAge,1.0,3.0,5.0,Overweight,Fair,1.0,1,0,-1,100.0
MiddleAge,1.0,3.0,5.0,Overweight,Fair,2.0,4,2,-2,50.0
MiddleAge,1.0,3.0,5.0,Overweight,Good,0.0,22,21,-1,4.55
MiddleAge,1.0,3.0,5.0,Overweight,Good,2.0,4,5,1,25.0
MiddleAge,1.0,3.0,5.0,Overweight,Poor,0.0,15,16,1,6.67
MiddleAge,1.0,3.0,5.0,Overweight,Poor,2.0,16,14,-2,12.5
MiddleAge,1.0,3.0,6.0,Normal,Fair,0.0,6,9,3,50.0
MiddleAge,1.0,3.0,6.0,Normal,Good,0.0,6,6,0,0.0
MiddleAge,1.0,3.0,6.0,Normal,Poor,0.0,10,9,-1,10.0
MiddleAge,1.0,3.0,6.0,Normal,Poor,2.0,1,2,1,100.0
MiddleAge,1.0,3.0,6.0,Obese,Fair,0.0,25,25,0,0.0
MiddleAge,1.0,3.0,6.0,Obese,Fair,1.0,1,1,0,0.0
MiddleAge,1.0,3.0,6.0,Obese,Fair,2.0,6,7,1,16.67
MiddleAge,1.0,3.0,6.0,Obese,Good,0.0,19,20,1,5.26
MiddleAge,1.0,3.0,6.0,Obese,Good,2.0,2,2,0,0.0
MiddleAge,1.0,3.0,6.0,Obese,Poor,0.0,21,22,1,4.76
MiddleAge,1.0,3.0,6.0,Obese,Poor,1.0,2,3,1,50.0
MiddleAge,1.0,3.0,6.0,Obese,Poor,2.0,8,9,1,12.5
MiddleAge,1.0,3.0,6.0,Overweight,Fair,0.0,22,22,0,0.0
MiddleAge,1.0,3.0,6.0,Overweight,Fair,1.0,3,4,1,33.33
MiddleAge,1.0,3.0,6.0,Overweight,Fair,2.0,8,7,-1,12.5
MiddleAge,1.0,3.0,6.0,Overweight,Good,0.0,20,19,-1,5.0
MiddleAge,1.0,3.0,6.0,Overweight,Good,2.0,4,6,2,50.0
MiddleAge,1.0,3.0,6.0,Overweight,Poor,0.0,10,10,0,0.0
MiddleAge,1.0,3.0,6.0,Overweight,Poor,2.0,6,6,0,0.0
MiddleAge,1.0,3.0,7.0,Normal,Fair,0.0,9,9,0,0.0
MiddleAge,1.0,3.0,7.0,Normal,Fair,2.0,1,3,2,200.0
MiddleAge,1.0,3.0,7.0,Normal,Good,0.0,8,8,0,0.0
MiddleAge,1.0,3.0,7.0,Normal,Poor,0.0,7,7,0,0.0
MiddleAge,1.0,3.0,7.0,Normal,Poor,2.0,1,0,-1,100.0
MiddleAge,1.0,3.0,7.0,Obese,Fair,0.0,17,16,-1,5.88
MiddleAge,1.0,3.0,7.0,Obese,Fair,2.0,11,13,2,18.18
MiddleAge,1.0,3.0,7.0,Obese,Good,0.0,9,10,1,11.11
MiddleAge,1.0,3.0,7.0,Obese,Good,2.0,7,7,0,0.0
MiddleAge,1.0,3.0,7.0,Obese,Poor,0.0,7,7,0,0.0
MiddleAge,1.0,3.0,7.0,Obese,Poor,2.0,8,8,0,0.0
MiddleAge,1.0,3.0,7.0,Overweight,Fair,0.0,15,15,0,0.0
MiddleAge,1.0,3.0,7.0,Overweight,Fair,2.0,4,4,0,0.0
MiddleAge,1.0,3.0,7.0,Overweight,Good,0.0,13,13,0,0.0
MiddleAge,1.0,3.0,7.0,Overweight,Good,2.0,1,0,-1,100.0
MiddleAge,1.0,3.0,7.0,Overweight,Poor,0.0,6,6,0,0.0
MiddleAge,1.0,3.0,7.0,Overweight,Poor,1.0,1,1,0,0.0
MiddleAge,1.0,3.0,7.0,Overweight,Poor,2.0,2,2,0,0.0
MiddleAge,1.0,3.0,8.0,Normal,Fair,0.0,6,5,-1,16.67
MiddleAge,1.0,3.0,8.0,Normal,Fair,2.0,1,0,-1,100.0
MiddleAge,1.0,3.0,8.0,Normal,Good,0.0,10,9,-1,10.0
MiddleAge,1.0,3.0,8.0,Obese,Fair,0.0,7,8,1,14.29
MiddleAge,1.0,3.0,8.0,Obese,Fair,2.0,2,1,-1,50.0
MiddleAge,1.0,3.0,8.0,Obese,Good,0.0,10,10,0,0.0
MiddleAge,1.0,3.0,8.0,Obese,Good,2.0,3,1,-2,66.67
MiddleAge,1.0,3.0,8.0,Obese,Poor,0.0,7,7,0,0.0
MiddleAge,1.0,3.0,8.0,Obese,Poor,2.0,2,2,0,0.0
MiddleAge,1.0,3.0,8.0,Overweight,Fair,0.0,8,5,-3,37.5
MiddleAge,1.0,3.0,8.0,Overweight,Fair,2.0,2,5,3,150.0
MiddleAge,1.0,3.0,8.0,Overweight,Good,0.0,18,18,0,0.0
MiddleAge,1.0,3.0,8.0,Overweight,Good,2.0,4,4,0,0.0
MiddleAge,1.0,3.0,8.0,Overweight,Poor,0.0,4,5,1,25.0
MiddleAge,1.0,3.0,8.0,Overweight,Poor,2.0,2,2,0,0.0
MiddleAge,1.0,4.0,1.0,Normal,Fair,0.0,25,25,0,0.0
MiddleAge,1.0,4.0,1.0,Normal,Fair,2.0,2,1,-1,50.0
MiddleAge,1.0,4.0,1.0,Normal,Good,0.0,20,19,-1,5.0
MiddleAge,1.0,4.0,1.0,Normal,Good,2.0,1,1,0,0.0
MiddleAge,1.0,4.0,1.0,Normal,Poor,0.0,50,49,-1,2.0
MiddleAge,1.0,4.0,1.0,Normal,Poor,1.0,1,2,1,100.0
MiddleAge,1.0,4.0,1.0,Normal,Poor,2.0,15,16,1,6.67
MiddleAge,1.0,4.0,1.0,Obese,Fair,0.0,26,26,0,0.0
MiddleAge,1.0,4.0,1.0,Obese,Fair,1.0,2,4,2,100.0
MiddleAge,1.0,4.0,1.0,Obese,Fair,2.0,16,16,0,0.0
MiddleAge,1.0,4.0,1.0,Obese,Good,0.0,23,28,5,21.74
MiddleAge,1.0,4.0,1.0,Obese,Good,1.0,1,2,1,100.0
MiddleAge,1.0,4.0,1.0,Obese,Good,2.0,6,3,-3,50.0
MiddleAge,1.0,4.0,1.0,Obese,Poor,0.0,56,56,0,0.0
MiddleAge,1.0,4.0,1.0,Obese,Poor,1.0,2,2,0,0.0
MiddleAge,1.0,4.0,1.0,Obese,Poor,2.0,51,50,-1,1.96
MiddleAge,1.0,4.0,1.0,Overweight,Fair,0.0,38,37,-1,2.63
MiddleAge,1.0,4.0,1.0,Overweight,Fair,1.0,2,0,-2,100.0
MiddleAge,1.0,4.0,1.0,Overweight,Fair,2.0,6,7,1,16.67
MiddleAge,1.0,4.0,1.0,Overweight,Good,0.0,25,23,-2,8.0
MiddleAge,1.0,4.0,1.0,Overweight,Good,2.0,3,6,3,100.0
MiddleAge,1.0,4.0,1.0,Overweight,Poor,0.0,43,41,-2,4.65
MiddleAge,1.0,4.0,1.0,Overweight,Poor,1.0,3,2,-1,33.33
MiddleAge,1.0,4.0,1.0,Overweight,Poor,2.0,21,22,1,4.76
MiddleAge,1.0,4.0,1.0,Underweight,Poor,0.0,9,11,2,22.22
MiddleAge,1.0,4.0,1.0,Underweight,Poor,2.0,1,2,1,100.0
MiddleAge,1.0,4.0,2.0,Normal,Fair,0.0,43,43,0,0.0
MiddleAge,1.0,4.0,2.0,Normal,Fair,1.0,2,2,0,0.0
MiddleAge,1.0,4.0,2.0,Normal,Fair,2.0,9,7,-2,22.22
MiddleAge,1.0,4.0,2.0,Normal,Good,0.0,36,34,-2,5.56
MiddleAge,1.0,4.0,2.0,Normal,Good,1.0,1,1,0,0.0
MiddleAge,1.0,4.0,2.0,Normal,Good,2.0,3,3,0,0.0
MiddleAge,1.0,4.0,2.0,Normal,Poor,0.0,64,64,0,0.0
MiddleAge,1.0,4.0,2.0,Normal,Poor,1.0,3,3,0,0.0
MiddleAge,1.0,4.0,2.0,Normal,Poor,2.0,12,14,2,16.67
MiddleAge,1.0,4.0,2.0,Obese,Fair,0.0,44,43,-1,2.27
MiddleAge,1.0,4.0,2.0,Obese,Fair,1.0,2,2,0,0.0
MiddleAge,1.0,4.0,2.0,Obese,Fair,2.0,31,34,3,9.68
MiddleAge,1.0,4.0,2.0,Obese,Good,0.0,19,22,3,15.79
MiddleAge,1.0,4.0,2.0,Obese,Good,1.0,2,1,-1,50.0
MiddleAge,1.0,4.0,2.0,Obese,Good,2.0,8,8,0,0.0
MiddleAge,1.0,4.0,2.0,Obese,Poor,0.0,67,68,1,1.49
MiddleAge,1.0,4.0,2.0,Obese,Poor,1.0,6,5,-1,16.67
MiddleAge,1.0,4.0,2.0,Obese,Poor,2.0,69,67,-2,2.9
MiddleAge,1.0,4.0,2.0,Overweight,Fair,0.0,57,57,0,0.0
MiddleAge,1.0,4.0,2.0,Overweight,Fair,1.0,3,6,3,100.0
MiddleAge,1.0,4.0,2.0,Overweight,Fair,2.0,16,17,1,6.25
MiddleAge,1.0,4.0,2.0,Overweight,Good,0.0,39,39,0,0.0
MiddleAge,1.0,4.0,2.0,Overweight,Good,2.0,7,6,-1,14.29
MiddleAge,1.0,4.0,2.0,Overweight,Poor,0.0,56,58,2,3.57
MiddleAge,1.0,4.0,2.0,Overweight,Poor,1.0,4,4,0,0.0
MiddleAge,1.0,4.0,2.0,Overweight,Poor,2.0,32,32,0,0.0
MiddleAge,1.0,4.0,3.0,Normal,Fair,0.0,45,45,0,0.0
MiddleAge,1.0,4.0,3.0,Normal,Fair,2.0,3,4,1,33.33
MiddleAge,1.0,4.0,3.0,Normal,Good,0.0,32,27,-5,15.62
MiddleAge,1.0,4.0,3.0,Normal,Good,2.0,4,3,-1,25.0
MiddleAge,1.0,4.0,3.0,Normal,Poor,0.0,50,49,-1,2.0
MiddleAge,1.0,4.0,3.0,Normal,Poor,2.0,20,19,-1,5.0
MiddleAge,1.0,4.0,3.0,Obese,Fair,0.0,88,88,0,0.0
MiddleAge,1.0,4.0,3.0,Obese,Fair,1.0,7,3,-4,57.14
MiddleAge,1.0,4.0,3.0,Obese,Fair,2.0,39,41,2,5.13
MiddleAge,1.0,4.0,3.0,Obese,Good,0.0,38,42,4,10.53
MiddleAge,1.0,4.0,3.0,Obese,Good,1.0,1,3,2,200.0
MiddleAge,1.0,4.0,3.0,Obese,Good,2.0,13,16,3,23.08
MiddleAge,1.0,4.0,3.0,Obese,Poor,0.0,77,78,1,1.3
MiddleAge,1.0,4.0,3.0,Obese,Poor,1.0,9,7,-2,22.22
MiddleAge,1.0,4.0,3.0,Obese,Poor,2.0,100,102,2,2.0
MiddleAge,1.0,4.0,3.0,Overweight,Fair,0.0,73,72,-1,1.37
MiddleAge,1.0,4.0,3.0,Overweight,Fair,1.0,2,3,1,50.0
MiddleAge,1.0,4.0,3.0,Overweight,Fair,2.0,32,34,2,6.25
MiddleAge,1.0,4.0,3.0,Overweight,Good,0.0,63,62,-1,1.59
MiddleAge,1.0,4.0,3.0,Overweight,Good,1.0,3,3,0,0.0
MiddleAge,1.0,4.0,3.0,Overweight,Good,2.0,5,5,0,0.0
MiddleAge,1.0,4.0,3.0,Overweight,Poor,0.0,84,83,-1,1.19
MiddleAge,1.0,4.0,3.0,Overweight,Poor,1.0,4,4,0,0.0
MiddleAge,1.0,4.0,3.0,Overweight,Poor,2.0,45,46,1,2.22
MiddleAge,1.0,4.0,3.0,Underweight,Poor,0.0,5,5,0,0.0
MiddleAge,1.0,4.0,4.0,Normal,Fair,0.0,45,45,0,0.0
MiddleAge,1.0,4.0,4.0,Normal,Fair,1.0,1,1,0,0.0
MiddleAge,1.0,4.0,4.0,Normal,Fair,2.0,7,5,-2,28.57
MiddleAge,1.0,4.0,4.0,Normal,Good,0.0,62,63,1,1.61
MiddleAge,1.0,4.0,4.0,Normal,Good,2.0,4,4,0,0.0
MiddleAge,1.0,4.0,4.0,Normal,Poor,0.0,48,49,1,2.08
MiddleAge,1.0,4.0,4.0,Normal,Poor,1.0,2,2,0,0.0
MiddleAge,1.0,4.0,4.0,Normal,Poor,2.0,14,12,-2,14.29
MiddleAge,1.0,4.0,4.0,Obese,Fair,0.0,104,106,2,1.92
MiddleAge,1.0,4.0,4.0,Obese,Fair,1.0,7,7,0,0.0
MiddleAge,1.0,4.0,4.0,Obese,Fair,2.0,58,59,1,1.72
MiddleAge,1.0,4.0,4.0,Obese,Good,0.0,62,62,0,0.0
MiddleAge,1.0,4.0,4.0,Obese,Good,1.0,1,0,-1,100.0
MiddleAge,1.0,4.0,4.0,Obese,Good,2.0,16,16,0,0.0
MiddleAge,1.0,4.0,4.0,Obese,Poor,0.0,110,108,-2,1.82
MiddleAge,1.0,4.0,4.0,Obese,Poor,1.0,8,8,0,0.0
MiddleAge,1.0,4.0,4.0,Obese,Poor,2.0,98,98,0,0.0
MiddleAge,1.0,4.0,4.0,Overweight,Fair,0.0,94,96,2,2.13
MiddleAge,1.0,4.0,4.0,Overweight,Fair,1.0,3,6,3,100.0
MiddleAge,1.0,4.0,4.0,Overweight,Fair,2.0,30,31,1,3.33
MiddleAge,1.0,4.0,4.0,Overweight,Good,0.0,109,105,-4,3.67
MiddleAge,1.0,4.0,4.0,Overweight,Good,1.0,2,3,1,50.0
MiddleAge,1.0,4.0,4.0,Overweight,Good,2.0,22,23,1,4.55
MiddleAge,1.0,4.0,4.0,Overweight,Poor,0.0,78,78,0,0.0
MiddleAge,1.0,4.0,4.0,Overweight,Poor,1.0,2,2,0,0.0
MiddleAge,1.0,4.0,4.0,Overweight,Poor,2.0,43,48,5,11.63
MiddleAge,1.0,4.0,4.0,Underweight,Poor,0.0,4,3,-1,25.0
MiddleAge,1.0,4.0,4.0,Underweight,Poor,2.0,2,7,5,250.0
MiddleAge,1.0,4.0,5.0,Normal,Fair,0.0,64,64,0,0.0
MiddleAge,1.0,4.0,5.0,Normal,Fair,1.0,2,2,0,0.0
MiddleAge,1.0,4.0,5.0,Normal,Fair,2.0,9,11,2,22.22
MiddleAge,1.0,4.0,5.0,Normal,Good,0.0,73,74,1,1.37
MiddleAge,1.0,4.0,5.0,Normal,Good,2.0,1,3,2,200.0
MiddleAge,1.0,4.0,5.0,Normal,Poor,0.0,53,55,2,3.77
MiddleAge,1.0,4.0,5.0,Normal,Poor,2.0,13,15,2,15.38
MiddleAge,1.0,4.0,5.0,Obese,Fair,0.0,155,158,3,1.94
MiddleAge,1.0,4.0,5.0,Obese,Fair,1.0,8,9,1,12.5
MiddleAge,1.0,4.0,5.0,Obese,Fair,2.0,73,73,0,0.0
MiddleAge,1.0,4.0,5.0,Obese,Good,0.0,132,132,0,0.0
MiddleAge,1.0,4.0,5.0,Obese,Good,1.0,2,0,-2,100.0
MiddleAge,1.0,4.0,5.0,Obese,Good,2.0,26,26,0,0.0
MiddleAge,1.0,4.0,5.0,Obese,Poor,0.0,104,102,-2,1.92
MiddleAge,1.0,4.0,5.0,Obese,Poor,1.0,6,5,-1,16.67
MiddleAge,1.0,4.0,5.0,Obese,Poor,2.0,90,89,-1,1.11
MiddleAge,1.0,4.0,5.0,Overweight,Fair,0.0,125,126,1,0.8
MiddleAge,1.0,4.0,5.0,Overweight,Fair,1.0,5,5,0,0.0
MiddleAge,1.0,4.0,5.0,Overweight,Fair,2.0,37,38,1,2.7
MiddleAge,1.0,4.0,5.0,Overweight,Good,0.0,151,150,-1,0.66
MiddleAge,1.0,4.0,5.0,Overweight,Good,1.0,5,2,-3,60.0
MiddleAge,1.0,4.0,5.0,Overweight,Good,2.0,15,14,-1,6.67
MiddleAge,1.0,4.0,5.0,Overweight,Poor,0.0,77,76,-1,1.3
MiddleAge,1.0,4.0,5.0,Overweight,Poor,1.0,4,4,0,0.0
MiddleAge,1.0,4.0,5.0,Overweight,Poor,2.0,42,44,2,4.76
MiddleAge,1.0,4.0,6.0,Normal,Fair,0.0,119,121,2,1.68
MiddleAge,1.0,4.0,6.0,Normal,Fair,1.0,1,2,1,100.0
MiddleAge,1.0,4.0,6.0,Normal,Fair,2.0,19,20,1,5.26
MiddleAge,1.0,4.0,6.0,Normal,Good,0.0,131,131,0,0.0
MiddleAge,1.0,4.0,6.0,Normal,Good,2.0,5,6,1,20.0
MiddleAge,1.0,4.0,6.0,Normal,Poor,0.0,53,53,0,0.0
MiddleAge,1.0,4.0,6.0,Normal,Poor,1.0,1,0,-1,100.0
MiddleAge,1.0,4.0,6.0,Normal,Poor,2.0,5,4,-1,20.0
MiddleAge,1.0,4.0,6.0,Obese,Fair,0.0,243,244,1,0.41
MiddleAge,1.0,4.0,6.0,Obese,Fair,1.0,13,13,0,0.0
MiddleAge,1.0,4.0,6.0,Obese,Fair,2.0,122,124,2,1.64
MiddleAge,1.0,4.0,6.0,Obese,Good,0.0,241,240,-1,0.41
MiddleAge,1.0,4.0,6.0,Obese,Good,1.0,7,7,0,0.0
MiddleAge,1.0,4.0,6.0,Obese,Good,2.0,46,46,0,0.0
MiddleAge,1.0,4.0,6.0,Obese,Poor,0.0,131,131,0,0.0
MiddleAge,1.0,4.0,6.0,Obese,Poor,1.0,8,8,0,0.0
MiddleAge,1.0,4.0,6.0,Obese,Poor,2.0,115,116,1,0.87
MiddleAge,1.0,4.0,6.0,Overweight,Fair,0.0,241,240,-1,0.41
MiddleAge,1.0,4.0,6.0,Overweight,Fair,1.0,4,4,0,0.0
MiddleAge,1.0,4.0,6.0,Overweight,Fair,2.0,61,61,0,0.0
MiddleAge,1.0,4.0,6.0,Overweight,Good,0.0,323,324,1,0.31
MiddleAge,1.0,4.0,6.0,Overweight,Good,1.0,4,3,-1,25.0
MiddleAge,1.0,4.0,6.0,Overweight,Good,2.0,30,27,-3,10.0
MiddleAge,1.0,4.0,6.0,Overweight,Poor,0.0,92,90,-2,2.17
MiddleAge,1.0,4.0,6.0,Overweight,Poor,1.0,7,7,0,0.0
MiddleAge,1.0,4.0,6.0,Overweight,Poor,2.0,46,46,0,0.0
MiddleAge,1.0,4.0,6.0,Underweight,Good,0.0,4,3,-1,25.0
MiddleAge,1.0,4.0,6.0,Underweight,Good,1.0,1,0,-1,100.0
MiddleAge,1.0,4.0,7.0,Normal,Fair,0.0,70,72,2,2.86
MiddleAge,1.0,4.0,7.0,Normal,Fair,1.0,3,4,1,33.33
MiddleAge,1.0,4.0,7.0,Normal,Fair,2.0,13,14,1,7.69
MiddleAge,1.0,4.0,7.0,Normal,Good,0.0,145,145,0,0.0
MiddleAge,1.0,4.0,7.0,Normal,Good,1.0,2,2,0,0.0
MiddleAge,1.0,4.0,7.0,Normal,Good,2.0,11,12,1,9.09
MiddleAge,1.0,4.0,7.0,Normal,Poor,0.0,30,28,-2,6.67
MiddleAge,1.0,4.0,7.0,Normal,Poor,1.0,2,2,0,0.0
MiddleAge,1.0,4.0,7.0,Normal,Poor,2.0,14,12,-2,14.29
MiddleAge,1.0,4.0,7.0,Obese,Fair,0.0,262,262,0,0.0
MiddleAge,1.0,4.0,7.0,Obese,Fair,1.0,15,16,1,6.67
MiddleAge,1.0,4.0,7.0,Obese,Fair,2.0,101,101,0,0.0
MiddleAge,1.0,4.0,7.0,Obese,Good,0.0,254,254,0,0.0
MiddleAge,1.0,4.0,7.0,Obese,Good,1.0,6,6,0,0.0
MiddleAge,1.0,4.0,7.0,Obese,Good,2.0,49,49,0,0.0
MiddleAge,1.0,4.0,7.0,Obese,Poor,0.0,124,124,0,0.0
MiddleAge,1.0,4.0,7.0,Obese,Poor,1.0,3,3,0,0.0
MiddleAge,1.0,4.0,7.0,Obese,Poor,2.0,91,90,-1,1.1
MiddleAge,1.0,4.0,7.0,Overweight,Fair,0.0,239,240,1,0.42
MiddleAge,1.0,4.0,7.0,Overweight,Fair,1.0,8,4,-4,50.0
MiddleAge,1.0,4.0,7.0,Overweight,Fair,2.0,56,56,0,0.0
MiddleAge,1.0,4.0,7.0,Overweight,Good,0.0,394,395,1,0.25
MiddleAge,1.0,4.0,7.0,Overweight,Good,1.0,2,0,-2,100.0
MiddleAge,1.0,4.0,7.0,Overweight,Good,2.0,35,32,-3,8.57
MiddleAge,1.0,4.0,7.0,Overweight,Poor,0.0,64,65,1,1.56
MiddleAge,1.0,4.0,7.0,Overweight,Poor,1.0,7,6,-1,14.29
MiddleAge,1.0,4.0,7.0,Overweight,Poor,2.0,28,28,0,0.0
MiddleAge,1.0,4.0,8.0,Normal,Fair,0.0,67,64,-3,4.48
MiddleAge,1.0,4.0,8.0,Normal,Fair,1.0,1,2,1,100.0
MiddleAge,1.0,4.0,8.0,Normal,Fair,2.0,8,7,-1,12.5
MiddleAge,1.0,4.0,8.0,Normal,Good,0.0,193,192,-1,0.52
MiddleAge,1.0,4.0,8.0,Normal,Good,1.0,1,1,0,0.0
MiddleAge,1.0,4.0,8.0,Normal,Good,2.0,4,4,0,0.0
MiddleAge,1.0,4.0,8.0,Normal,Poor,0.0,22,24,2,9.09
MiddleAge,1.0,4.0,8.0,Normal,Poor,2.0,6,6,0,0.0
MiddleAge,1.0,4.0,8.0,Obese,Fair,0.0,272,272,0,0.0
MiddleAge,1.0,4.0,8.0,Obese,Fair,1.0,10,9,-1,10.0
MiddleAge,1.0,4.0,8.0,Obese,Fair,2.0,113,110,-3,2.65
MiddleAge,1.0,4.0,8.0,Obese,Good,0.0,453,454,1,0.22
MiddleAge,1.0,4.0,8.0,Obese,Good,1.0,10,10,0,0.0
MiddleAge,1.0,4.0,8.0,Obese,Good,2.0,56,54,-2,3.57
MiddleAge,1.0,4.0,8.0,Obese,Poor,0.0,70,67,-3,4.29
MiddleAge,1.0,4.0,8.0,Obese,Poor,1.0,3,4,1,33.33
MiddleAge,1.0,4.0,8.0,Obese,Poor,2.0,68,67,-1,1.47
MiddleAge,1.0,4.0,8.0,Overweight,Fair,0.0,227,226,-1,0.44
MiddleAge,1.0,4.0,8.0,Overweight,Fair,1.0,2,2,0,0.0
MiddleAge,1.0,4.0,8.0,Overweight,Fair,2.0,39,38,-1,2.56
MiddleAge,1.0,4.0,8.0,Overweight,Good,0.0,574,572,-2,0.35
MiddleAge,1.0,4.0,8.0,Overweight,Good,1.0,5,6,1,20.0
MiddleAge,1.0,4.0,8.0,Overweight,Good,2.0,26,27,1,3.85
MiddleAge,1.0,4.0,8.0,Overweight,Poor,0.0,69,70,1,1.45
MiddleAge,1.0,4.0,8.0,Overweight,Poor,1.0,2,2,0,0.0
MiddleAge,1.0,4.0,8.0,Overweight,Poor,2.0,15,15,0,0.0
MiddleAge,1.0,5.0,1.0,Normal,Fair,0.0,19,17,-2,10.53
MiddleAge,1.0,5.0,1.0,Normal,Fair,2.0,1,1,0,0.0
MiddleAge,1.0,5.0,1.0,Normal,Good,0.0,22,21,-1,4.55
MiddleAge,1.0,5.0,1.0,Normal,Good,1.0,1,0,-1,100.0
MiddleAge,1.0,5.0,1.0,Normal,Good,2.0,2,2,0,0.0
MiddleAge,1.0,5.0,1.0,Normal,Poor,0.0,24,24,0,0.0
MiddleAge,1.0,5.0,1.0,Normal,Poor,2.0,1,3,2,200.0
MiddleAge,1.0,5.0,1.0,Obese,Fair,0.0,24,26,2,8.33
MiddleAge,1.0,5.0,1.0,Obese,Fair,1.0,1,0,-1,100.0
MiddleAge,1.0,5.0,1.0,Obese,Fair,2.0,14,15,1,7.14
MiddleAge,1.0,5.0,1.0,Obese,Good,0.0,12,11,-1,8.33
MiddleAge,1.0,5.0,1.0,Obese,Good,1.0,1,0,-1,100.0
MiddleAge,1.0,5.0,1.0,Obese,Poor,0.0,33,33,0,0.0
MiddleAge,1.0,5.0,1.0,Obese,Poor,1.0,4,5,1,25.0
MiddleAge,1.0,5.0,1.0,Obese,Poor,2.0,29,31,2,6.9
MiddleAge,1.0,5.0,1.0,Overweight,Fair,0.0,17,18,1,5.88
MiddleAge,1.0,5.0,1.0,Overweight,Fair,1.0,1,1,0,0.0
MiddleAge,1.0,5.0,1.0,Overweight,Fair,2.0,3,2,-1,33.33
MiddleAge,1.0,5.0,1.0,Overweight,Good,0.0,32,30,-2,6.25
MiddleAge,1.0,5.0,1.0,Overweight,Good,1.0,1,0,-1,100.0
MiddleAge,1.0,5.0,1.0,Overweight,Good,2.0,4,1,-3,75.0
MiddleAge,1.0,5.0,1.0,Overweight,Poor,0.0,31,30,-1,3.23
MiddleAge,1.0,5.0,1.0,Overweight,Poor,2.0,14,14,0,0.0
MiddleAge,1.0,5.0,2.0,Normal,Fair,0.0,24,24,0,0.0
MiddleAge,1.0,5.0,2.0,Normal,Fair,2.0,3,1,-2,66.67
MiddleAge,1.0,5.0,2.0,Normal,Good,0.0,28,27,-1,3.57
MiddleAge,1.0,5.0,2.0,Normal,Good,2.0,1,1,0,0.0
MiddleAge,1.0,5.0,2.0,Normal,Poor,0.0,39,40,1,2.56
MiddleAge,1.0,5.0,2.0,Normal,Poor,1.0,2,3,1,50.0
MiddleAge,1.0,5.0,2.0,Normal,Poor,2.0,10,11,1,10.0
MiddleAge,1.0,5.0,2.0,Obese,Fair,0.0,21,21,0,0.0
MiddleAge,1.0,5.0,2.0,Obese,Fair,1.0,1,2,1,100.0
MiddleAge,1.0,5.0,2.0,Obese,Fair,2.0,21,22,1,4.76
MiddleAge,1.0,5.0,2.0,Obese,Good,0.0,18,19,1,5.56
MiddleAge,1.0,5.0,2.0,Obese,Good,1.0,1,0,-1,100.0
MiddleAge,1.0,5.0,2.0,Obese,Good,2.0,2,2,0,0.0
MiddleAge,1.0,5.0,2.0,Obese,Poor,0.0,40,39,-1,2.5
MiddleAge,1.0,5.0,2.0,Obese,Poor,1.0,5,5,0,0.0
MiddleAge,1.0,5.0,2.0,Obese,Poor,2.0,38,38,0,0.0
MiddleAge,1.0,5.0,2.0,Overweight,Fair,0.0,41,38,-3,7.32
MiddleAge,1.0,5.0,2.0,Overweight,Fair,1.0,1,1,0,0.0
MiddleAge,1.0,5.0,2.0,Overweight,Fair,2.0,11,14,3,27.27
MiddleAge,1.0,5.0,2.0,Overweight,Good,0.0,26,24,-2,7.69
MiddleAge,1.0,5.0,2.0,Overweight,Good,1.0,1,1,0,0.0
MiddleAge,1.0,5.0,2.0,Overweight,Good,2.0,7,7,0,0.0
MiddleAge,1.0,5.0,2.0,Overweight,Poor,0.0,53,53,0,0.0
MiddleAge,1.0,5.0,2.0,Overweight,Poor,1.0,2,2,0,0.0
MiddleAge,1.0,5.0,2.0,Overweight,Poor,2.0,26,27,1,3.85
MiddleAge,1.0,5.0,2.0,Underweight,Poor,0.0,9,10,1,11.11
MiddleAge,1.0,5.0,2.0,Underweight,Poor,2.0,1,3,2,200.0
MiddleAge,1.0,5.0,3.0,Normal,Fair,0.0,31,31,0,0.0
MiddleAge,1.0,5.0,3.0,Normal,Fair,1.0,2,4,2,100.0
MiddleAge,1.0,5.0,3.0,Normal,Fair,2.0,9,9,0,0.0
MiddleAge,1.0,5.0,3.0,Normal,Good,0.0,52,49,-3,5.77
MiddleAge,1.0,5.0,3.0,Normal,Good,1.0,1,0,-1,100.0
MiddleAge,1.0,5.0,3.0,Normal,Good,2.0,1,3,2,200.0
MiddleAge,1.0,5.0,3.0,Normal,Poor,0.0,42,43,1,2.38
MiddleAge,1.0,5.0,3.0,Normal,Poor,1.0,2,1,-1,50.0
MiddleAge,1.0,5.0,3.0,Normal,Poor,2.0,11,10,-1,9.09
MiddleAge,1.0,5.0,3.0,Obese,Fair,0.0,50,51,1,2.0
MiddleAge,1.0,5.0,3.0,Obese,Fair,1.0,2,2,0,0.0
MiddleAge,1.0,5.0,3.0,Obese,Fair,2.0,29,30,1,3.45
MiddleAge,1.0,5.0,3.0,Obese,Good,0.0,34,35,1,2.94
MiddleAge,1.0,5.0,3.0,Obese,Good,1.0,3,0,-3,100.0
MiddleAge,1.0,5.0,3.0,Obese,Good,2.0,11,11,0,0.0
MiddleAge,1.0,5.0,3.0,Obese,Poor,0.0,55,55,0,0.0
MiddleAge,1.0,5.0,3.0,Obese,Poor,1.0,5,6,1,20.0
MiddleAge,1.0,5.0,3.0,Obese,Poor,2.0,69,67,-2,2.9
MiddleAge,1.0,5.0,3.0,Overweight,Fair,0.0,66,66,0,0.0
MiddleAge,1.0,5.0,3.0,Overweight,Fair,1.0,1,4,3,300.0
MiddleAge,1.0,5.0,3.0,Overweight,Fair,2.0,14,15,1,7.14
MiddleAge,1.0,5.0,3.0,Overweight,Good,0.0,57,57,0,0.0
MiddleAge,1.0,5.0,3.0,Overweight,Good,1.0,2,0,-2,100.0
MiddleAge,1.0,5.0,3.0,Overweight,Good,2.0,3,4,1,33.33
MiddleAge,1.0,5.0,3.0,Overweight,Poor,0.0,44,43,-1,2.27
MiddleAge,1.0,5.0,3.0,Overweight,Poor,1.0,2,2,0,0.0
MiddleAge,1.0,5.0,3.0,Overweight,Poor,2.0,19,19,0,0.0
MiddleAge,1.0,5.0,3.0,Underweight,Poor,0.0,4,3,-1,25.0
MiddleAge,1.0,5.0,3.0,Underweight,Poor,2.0,1,1,0,0.0
MiddleAge,1.0,5.0,4.0,Normal,Fair,0.0,43,42,-1,2.33
MiddleAge,1.0,5.0,4.0,Normal,Fair,1.0,1,1,0,0.0
MiddleAge,1.0,5.0,4.0,Normal,Fair,2.0,4,6,2,50.0
MiddleAge,1.0,5.0,4.0,Normal,Good,0.0,59,59,0,0.0
MiddleAge,1.0,5.0,4.0,Normal,Good,1.0,1,1,0,0.0
MiddleAge,1.0,5.0,4.0,Normal,Poor,0.0,36,36,0,0.0
MiddleAge,1.0,5.0,4.0,Normal,Poor,1.0,1,1,0,0.0
MiddleAge,1.0,5.0,4.0,Normal,Poor,2.0,10,9,-1,10.0
MiddleAge,1.0,5.0,4.0,Obese,Fair,0.0,82,82,0,0.0
MiddleAge,1.0,5.0,4.0,Obese,Fair,1.0,1,2,1,100.0
MiddleAge,1.0,5.0,4.0,Obese,Fair,2.0,49,49,0,0.0
MiddleAge,1.0,5.0,4.0,Obese,Good,0.0,55,55,0,0.0
MiddleAge,1.0,5.0,4.0,Obese,Good,2.0,17,20,3,17.65
MiddleAge,1.0,5.0,4.0,Obese,Poor,0.0,62,62,0,0.0
MiddleAge,1.0,5.0,4.0,Obese,Poor,1.0,7,3,-4,57.14
MiddleAge,1.0,5.0,4.0,Obese,Poor,2.0,72,72,0,0.0
MiddleAge,1.0,5.0,4.0,Overweight,Fair,0.0,94,94,0,0.0
MiddleAge,1.0,5.0,4.0,Overweight,Fair,1.0,2,2,0,0.0
MiddleAge,1.0,5.0,4.0,Overweight,Fair,2.0,25,25,0,0.0
MiddleAge,1.0,5.0,4.0,Overweight,Good,0.0,90,91,1,1.11
MiddleAge,1.0,5.0,4.0,Overweight,Good,1.0,2,3,1,50.0
MiddleAge,1.0,5.0,4.0,Overweight,Good,2.0,11,10,-1,9.09
MiddleAge,1.0,5.0,4.0,Overweight,Poor,0.0,60,62,2,3.33
MiddleAge,1.0,5.0,4.0,Overweight,Poor,1.0,4,0,-4,100.0
MiddleAge,1.0,5.0,4.0,Overweight,Poor,2.0,31,31,0,0.0
MiddleAge,1.0,5.0,4.0,Underweight,Poor,0.0,8,11,3,37.5
MiddleAge,1.0,5.0,4.0,Underweight,Poor,2.0,2,2,0,0.0
MiddleAge,1.0,5.0,5.0,Normal,Fair,0.0,59,57,-2,3.39
MiddleAge,1.0,5.0,5.0,Normal,Fair,1.0,1,1,0,0.0
MiddleAge,1.0,5.0,5.0,Normal,Fair,2.0,9,15,6,66.67
MiddleAge,1.0,5.0,5.0,Normal,Good,0.0,87,86,-1,1.15
MiddleAge,1.0,5.0,5.0,Normal,Good,2.0,7,12,5,71.43
MiddleAge,1.0,5.0,5.0,Normal,Poor,0.0,36,38,2,5.56
MiddleAge,1.0,5.0,5.0,Normal,Poor,1.0,3,3,0,0.0
MiddleAge,1.0,5.0,5.0,Normal,Poor,2.0,4,4,0,0.0
MiddleAge,1.0,5.0,5.0,Obese,Fair,0.0,123,121,-2,1.63
MiddleAge,1.0,5.0,5.0,Obese,Fair,1.0,6,6,0,0.0
MiddleAge,1.0,5.0,5.0,Obese,Fair,2.0,73,74,1,1.37
MiddleAge,1.0,5.0,5.0,Obese,Good,0.0,99,98,-1,1.01
MiddleAge,1.0,5.0,5.0,Obese,Good,1.0,6,4,-2,33.33
MiddleAge,1.0,5.0,5.0,Obese,Good,2.0,25,21,-4,16.0
MiddleAge,1.0,5.0,5.0,Obese,Poor,0.0,66,66,0,0.0
MiddleAge,1.0,5.0,5.0,Obese,Poor,1.0,2,5,3,150.0
MiddleAge,1.0,5.0,5.0,Obese,Poor,2.0,85,83,-2,2.35
MiddleAge,1.0,5.0,5.0,Overweight,Fair,0.0,129,129,0,0.0
MiddleAge,1.0,5.0,5.0,Overweight,Fair,1.0,3,2,-1,33.33
MiddleAge,1.0,5.0,5.0,Overweight,Fair,2.0,22,22,0,0.0
MiddleAge,1.0,5.0,5.0,Overweight,Good,0.0,187,189,2,1.07
MiddleAge,1.0,5.0,5.0,Overweight,Good,1.0,3,2,-1,33.33
MiddleAge,1.0,5.0,5.0,Overweight,Good,2.0,12,13,1,8.33
MiddleAge,1.0,5.0,5.0,Overweight,Poor,0.0,70,71,1,1.43
MiddleAge,1.0,5.0,5.0,Overweight,Poor,1.0,1,0,-1,100.0
MiddleAge,1.0,5.0,5.0,Overweight,Poor,2.0,35,35,0,0.0
MiddleAge,1.0,5.0,6.0,Normal,Fair,0.0,93,97,4,4.3
MiddleAge,1.0,5.0,6.0,Normal,Fair,1.0,1,3,2,200.0
MiddleAge,1.0,5.0,6.0,Normal,Fair,2.0,15,15,0,0.0
MiddleAge,1.0,5.0,6.0,Normal,Good,0.0,176,172,-4,2.27
MiddleAge,1.0,5.0,6.0,Normal,Good,1.0,3,3,0,0.0
MiddleAge,1.0,5.0,6.0,Normal,Good,2.0,7,7,0,0.0
MiddleAge,1.0,5.0,6.0,Normal,Poor,0.0,39,40,1,2.56
MiddleAge,1.0,5.0,6.0,Normal,Poor,1.0,1,0,-1,100.0
MiddleAge,1.0,5.0,6.0,Normal,Poor,2.0,9,11,2,22.22
MiddleAge,1.0,5.0,6.0,Obese,Fair,0.0,238,238,0,0.0
MiddleAge,1.0,5.0,6.0,Obese,Fair,1.0,8,8,0,0.0
MiddleAge,1.0,5.0,6.0,Obese,Fair,2.0,125,126,1,0.8
MiddleAge,1.0,5.0,6.0,Obese,Good,0.0,215,215,0,0.0
MiddleAge,1.0,5.0,6.0,Obese,Good,1.0,11,11,0,0.0
MiddleAge,1.0,5.0,6.0,Obese,Good,2.0,46,48,2,4.35
MiddleAge,1.0,5.0,6.0,Obese,Poor,0.0,109,109,0,0.0
MiddleAge,1.0,5.0,6.0,Obese,Poor,1.0,8,9,1,12.5
MiddleAge,1.0,5.0,6.0,Obese,Poor,2.0,111,111,0,0.0
MiddleAge,1.0,5.0,6.0,Overweight,Fair,0.0,215,215,0,0.0
MiddleAge,1.0,5.0,6.0,Overweight,Fair,1.0,4,4,0,0.0
MiddleAge,1.0,5.0,6.0,Overweight,Fair,2.0,44,44,0,0.0
MiddleAge,1.0,5.0,6.0,Overweight,Good,0.0,352,352,0,0.0
MiddleAge,1.0,5.0,6.0,Overweight,Good,1.0,5,6,1,20.0
MiddleAge,1.0,5.0,6.0,Overweight,Good,2.0,24,23,-1,4.17
MiddleAge,1.0,5.0,6.0,Overweight,Poor,0.0,81,82,1,1.23
MiddleAge,1.0,5.0,6.0,Overweight,Poor,1.0,2,1,-1,50.0
MiddleAge,1.0,5.0,6.0,Overweight,Poor,2.0,34,35,1,2.94
MiddleAge,1.0,5.0,7.0,Normal,Fair,0.0,96,96,0,0.0
MiddleAge,1.0,5.0,7.0,Normal,Fair,2.0,11,9,-2,18.18
MiddleAge,1.0,5.0,7.0,Normal,Good,0.0,216,215,-1,0.46
MiddleAge,1.0,5.0,7.0,Normal,Good,1.0,1,0,-1,100.0
MiddleAge,1.0,5.0,7.0,Normal,Good,2.0,10,9,-1,10.0
MiddleAge,1.0,5.0,7.0,Normal,Poor,0.0,38,39,1,2.63
MiddleAge,1.0,5.0,7.0,Normal,Poor,2.0,8,6,-2,25.0
MiddleAge,1.0,5.0,7.0,Obese,Fair,0.0,282,282,0,0.0
MiddleAge,1.0,5.0,7.0,Obese,Fair,1.0,9,9,0,0.0
MiddleAge,1.0,5.0,7.0,Obese,Fair,2.0,138,137,-1,0.72
MiddleAge,1.0,5.0,7.0,Obese,Good,0.0,335,334,-1,0.3
MiddleAge,1.0,5.0,7.0,Obese,Good,1.0,17,17,0,0.0
MiddleAge,1.0,5.0,7.0,Obese,Good,2.0,77,78,1,1.3
MiddleAge,1.0,5.0,7.0,Obese,Poor,0.0,99,98,-1,1.01
MiddleAge,1.0,5.0,7.0,Obese,Poor,1.0,8,8,0,0.0
MiddleAge,1.0,5.0,7.0,Obese,Poor,2.0,105,104,-1,0.95
MiddleAge,1.0,5.0,7.0,Overweight,Fair,0.0,256,257,1,0.39
MiddleAge,1.0,5.0,7.0,Overweight,Fair,1.0,4,5,1,25.0
MiddleAge,1.0,5.0,7.0,Overweight,Fair,2.0,68,68,0,0.0
MiddleAge,1.0,5.0,7.0,Overweight,Good,0.0,501,500,-1,0.2
MiddleAge,1.0,5.0,7.0,Overweight,Good,1.0,10,9,-1,10.0
MiddleAge,1.0,5.0,7.0,Overweight,Good,2.0,46,45,-1,2.17
MiddleAge,1.0,5.0,7.0,Overweight,Poor,0.0,71,71,0,0.0
MiddleAge,1.0,5.0,7.0,Overweight,Poor,1.0,5,5,0,0.0
MiddleAge,1.0,5.0,7.0,Overweight,Poor,2.0,45,46,1,2.22
MiddleAge,1.0,5.0,8.0,Normal,Fair,0.0,103,103,0,0.0
MiddleAge,1.0,5.0,8.0,Normal,Fair,2.0,11,11,0,0.0
MiddleAge,1.0,5.0,8.0,Normal,Good,0.0,290,291,1,0.34
MiddleAge,1.0,5.0,8.0,Normal,Good,1.0,4,6,2,50.0
MiddleAge,1.0,5.0,8.0,Normal,Good,2.0,15,17,2,13.33
MiddleAge,1.0,5.0,8.0,Normal,Poor,0.0,40,39,-1,2.5
MiddleAge,1.0,5.0,8.0,Normal,Poor,1.0,1,2,1,100.0
MiddleAge,1.0,5.0,8.0,Normal,Poor,2.0,7,7,0,0.0
MiddleAge,1.0,5.0,8.0,Obese,Fair,0.0,397,398,1,0.25
MiddleAge,1.0,5.0,8.0,Obese,Fair,1.0,21,21,0,0.0
MiddleAge,1.0,5.0,8.0,Obese,Fair,2.0,180,179,-1,0.56
MiddleAge,1.0,5.0,8.0,Obese,Good,0.0,612,611,-1,0.16
MiddleAge,1.0,5.0,8.0,Obese,Good,1.0,22,22,0,0.0
MiddleAge,1.0,5.0,8.0,Obese,Good,2.0,103,102,-1,0.97
MiddleAge,1.0,5.0,8.0,Obese,Poor,0.0,104,104,0,0.0
MiddleAge,1.0,5.0,8.0,Obese,Poor,1.0,3,2,-1,33.33
MiddleAge,1.0,5.0,8.0,Obese,Poor,2.0,110,111,1,0.91
MiddleAge,1.0,5.0,8.0,Overweight,Fair,0.0,341,341,0,0.0
MiddleAge,1.0,5.0,8.0,Overweight,Fair,1.0,4,4,0,0.0
MiddleAge,1.0,5.0,8.0,Overweight,Fair,2.0,78,77,-1,1.28
MiddleAge,1.0,5.0,8.0,Overweight,Good,0.0,911,912,1,0.11
MiddleAge,1.0,5.0,8.0,Overweight,Good,1.0,13,11,-2,15.38
MiddleAge,1.0,5.0,8.0,Overweight,Good,2.0,68,70,2,2.94
MiddleAge,1.0,5.0,8.0,Overweight,Poor,0.0,73,72,-1,1.37
MiddleAge,1.0,5.0,8.0,Overweight,Poor,1.0,3,3,0,0.0
MiddleAge,1.0,5.0,8.0,Overweight,Poor,2.0,46,45,-1,2.17
MiddleAge,1.0,5.0,8.0,Underweight,Good,0.0,5,5,0,0.0
MiddleAge,1.0,6.0,1.0,Normal,Fair,0.0,15,15,0,0.0
MiddleAge,1.0,6.0,1.0,Normal,Good,0.0,24,24,0,0.0
MiddleAge,1.0,6.0,1.0,Normal,Good,1.0,1,1,0,0.0
MiddleAge,1.0,6.0,1.0,Normal,Good,2.0,2,2,0,0.0
MiddleAge,1.0,6.0,1.0,Normal,Poor,0.0,15,13,-2,13.33
MiddleAge,1.0,6.0,1.0,Normal,Poor,1.0,2,2,0,0.0
MiddleAge,1.0,6.0,1.0,Normal,Poor,2.0,3,4,1,33.33
MiddleAge,1.0,6.0,1.0,Obese,Fair,0.0,17,18,1,5.88
MiddleAge,1.0,6.0,1.0,Obese,Fair,2.0,4,4,0,0.0
MiddleAge,1.0,6.0,1.0,Obese,Good,0.0,17,17,0,0.0
MiddleAge,1.0,6.0,1.0,Obese,Poor,0.0,20,20,0,0.0
MiddleAge,1.0,6.0,1.0,Obese,Poor,2.0,18,18,0,0.0
MiddleAge,1.0,6.0,1.0,Overweight,Fair,0.0,21,22,1,4.76
MiddleAge,1.0,6.0,1.0,Overweight,Fair,1.0,1,0,-1,100.0
MiddleAge,1.0,6.0,1.0,Overweight,Fair,2.0,3,3,0,0.0
MiddleAge,1.0,6.0,1.0,Overweight,Good,0.0,26,26,0,0.0
MiddleAge,1.0,6.0,1.0,Overweight,Good,2.0,1,1,0,0.0
MiddleAge,1.0,6.0,1.0,Overweight,Poor,0.0,18,17,-1,5.56
MiddleAge,1.0,6.0,1.0,Overweight,Poor,2.0,4,4,0,0.0
MiddleAge,1.0,6.0,2.0,Normal,Fair,0.0,16,15,-1,6.25
MiddleAge,1.0,6.0,2.0,Normal,Fair,2.0,3,5,2,66.67
MiddleAge,1.0,6.0,2.0,Normal,Good,0.0,27,26,-1,3.7
MiddleAge,1.0,6.0,2.0,Normal,Poor,0.0,9,9,0,0.0
MiddleAge,1.0,6.0,2.0,Normal,Poor,1.0,1,0,-1,100.0
MiddleAge,1.0,6.0,2.0,Normal,Poor,2.0,6,6,0,0.0
MiddleAge,1.0,6.0,2.0,Obese,Fair,0.0,20,19,-1,5.0
MiddleAge,1.0,6.0,2.0,Obese,Fair,2.0,13,12,-1,7.69
MiddleAge,1.0,6.0,2.0,Obese,Good,0.0,9,12,3,33.33
MiddleAge,1.0,6.0,2.0,Obese,Good,2.0,3,4,1,33.33
MiddleAge,1.0,6.0,2.0,Obese,Poor,0.0,20,20,0,0.0
MiddleAge,1.0,6.0,2.0,Obese,Poor,1.0,1,1,0,0.0
MiddleAge,1.0,6.0,2.0,Obese,Poor,2.0,28,28,0,0.0
MiddleAge,1.0,6.0,2.0,Overweight,Fair,0.0,23,23,0,0.0
MiddleAge,1.0,6.0,2.0,Overweight,Fair,1.0,1,0,-1,100.0
MiddleAge,1.0,6.0,2.0,Overweight,Fair,2.0,7,6,-1,14.29
MiddleAge,1.0,6.0,2.0,Overweight,Good,0.0,34,34,0,0.0
MiddleAge,1.0,6.0,2.0,Overweight,Good,2.0,6,5,-1,16.67
MiddleAge,1.0,6.0,2.0,Overweight,Poor,0.0,13,13,0,0.0
MiddleAge,1.0,6.0,2.0,Overweight,Poor,1.0,2,3,1,50.0
MiddleAge,1.0,6.0,2.0,Overweight,Poor,2.0,11,12,1,9.09
MiddleAge,1.0,6.0,3.0,Normal,Fair,0.0,16,16,0,0.0
MiddleAge,1.0,6.0,3.0,Normal,Fair,2.0,4,2,-2,50.0
MiddleAge,1.0,6.0,3.0,Normal,Good,0.0,41,42,1,2.44
MiddleAge,1.0,6.0,3.0,Normal,Good,2.0,2,0,-2,100.0
MiddleAge,1.0,6.0,3.0,Normal,Poor,0.0,19,18,-1,5.26
MiddleAge,1.0,6.0,3.0,Normal,Poor,2.0,5,5,0,0.0
MiddleAge,1.0,6.0,3.0,Obese,Fair,0.0,28,26,-2,7.14
MiddleAge,1.0,6.0,3.0,Obese,Fair,2.0,24,22,-2,8.33
MiddleAge,1.0,6.0,3.0,Obese,Good,0.0,24,25,1,4.17
MiddleAge,1.0,6.0,3.0,Obese,Good,1.0,1,1,0,0.0
MiddleAge,1.0,6.0,3.0,Obese,Good,2.0,6,5,-1,16.67
MiddleAge,1.0,6.0,3.0,Obese,Poor,0.0,27,27,0,0.0
MiddleAge,1.0,6.0,3.0,Obese,Poor,2.0,27,26,-1,3.7
MiddleAge,1.0,6.0,3.0,Overweight,Fair,0.0,38,38,0,0.0
MiddleAge,1.0,6.0,3.0,Overweight,Fair,1.0,2,1,-1,50.0
MiddleAge,1.0,6.0,3.0,Overweight,Fair,2.0,9,8,-1,11.11
MiddleAge,1.0,6.0,3.0,Overweight,Good,0.0,49,49,0,0.0
MiddleAge,1.0,6.0,3.0,Overweight,Good,2.0,2,2,0,0.0
MiddleAge,1.0,6.0,3.0,Overweight,Poor,0.0,25,25,0,0.0
MiddleAge,1.0,6.0,3.0,Overweight,Poor,2.0,9,7,-2,22.22
MiddleAge,1.0,6.0,4.0,Normal,Fair,0.0,21,21,0,0.0
MiddleAge,1.0,6.0,4.0,Normal,Fair,2.0,3,2,-1,33.33
MiddleAge,1.0,6.0,4.0,Normal,Good,0.0,69,69,0,0.0
MiddleAge,1.0,6.0,4.0,Normal,Good,2.0,3,4,1,33.33
MiddleAge,1.0,6.0,4.0,Normal,Poor,0.0,19,18,-1,5.26
MiddleAge,1.0,6.0,4.0,Normal,Poor,2.0,6,7,1,16.67
MiddleAge,1.0,6.0,4.0,Obese,Fair,0.0,37,38,1,2.7
MiddleAge,1.0,6.0,4.0,Obese,Fair,1.0,4,4,0,0.0
MiddleAge,1.0,6.0,4.0,Obese,Fair,2.0,26,26,0,0.0
MiddleAge,1.0,6.0,4.0,Obese,Good,0.0,46,43,-3,6.52
MiddleAge,1.0,6.0,4.0,Obese,Good,1.0,3,1,-2,66.67
MiddleAge,1.0,6.0,4.0,Obese,Good,2.0,11,12,1,9.09
MiddleAge,1.0,6.0,4.0,Obese,Poor,0.0,47,47,0,0.0
MiddleAge,1.0,6.0,4.0,Obese,Poor,1.0,1,2,1,100.0
MiddleAge,1.0,6.0,4.0,Obese,Poor,2.0,28,28,0,0.0
MiddleAge,1.0,6.0,4.0,Overweight,Fair,0.0,49,52,3,6.12
MiddleAge,1.0,6.0,4.0,Overweight,Fair,1.0,4,4,0,0.0
MiddleAge,1.0,6.0,4.0,Overweight,Fair,2.0,12,12,0,0.0
MiddleAge,1.0,6.0,4.0,Overweight,Good,0.0,92,98,6,6.52
MiddleAge,1.0,6.0,4.0,Overweight,Good,1.0,1,0,-1,100.0
MiddleAge,1.0,6.0,4.0,Overweight,Good,2.0,11,11,0,0.0
MiddleAge,1.0,6.0,4.0,Overweight,Poor,0.0,29,29,0,0.0
MiddleAge,1.0,6.0,4.0,Overweight,Poor,1.0,1,1,0,0.0
MiddleAge,1.0,6.0,4.0,Overweight,Poor,2.0,17,17,0,0.0
MiddleAge,1.0,6.0,5.0,Normal,Fair,0.0,48,48,0,0.0
MiddleAge,1.0,6.0,5.0,Normal,Fair,1.0,1,2,1,100.0
MiddleAge,1.0,6.0,5.0,Normal,Fair,2.0,10,10,0,0.0
MiddleAge,1.0,6.0,5.0,Normal,Good,0.0,135,132,-3,2.22
MiddleAge,1.0,6.0,5.0,Normal,Good,1.0,1,0,-1,100.0
MiddleAge,1.0,6.0,5.0,Normal,Good,2.0,2,2,0,0.0
MiddleAge,1.0,6.0,5.0,Normal,Poor,0.0,28,28,0,0.0
MiddleAge,1.0,6.0,5.0,Normal,Poor,1.0,1,2,1,100.0
MiddleAge,1.0,6.0,5.0,Normal,Poor,2.0,9,7,-2,22.22
MiddleAge,1.0,6.0,5.0,Obese,Fair,0.0,68,71,3,4.41
MiddleAge,1.0,6.0,5.0,Obese,Fair,1.0,3,5,2,66.67
MiddleAge,1.0,6.0,5.0,Obese,Fair,2.0,41,41,0,0.0
MiddleAge,1.0,6.0,5.0,Obese,Good,0.0,81,80,-1,1.23
MiddleAge,1.0,6.0,5.0,Obese,Good,1.0,4,4,0,0.0
MiddleAge,1.0,6.0,5.0,Obese,Good,2.0,35,34,-1,2.86
MiddleAge,1.0,6.0,5.0,Obese,Poor,0.0,36,36,0,0.0
MiddleAge,1.0,6.0,5.0,Obese,Poor,1.0,3,2,-1,33.33
MiddleAge,1.0,6.0,5.0,Obese,Poor,2.0,55,56,1,1.82
MiddleAge,1.0,6.0,5.0,Overweight,Fair,0.0,92,91,-1,1.09
MiddleAge,1.0,6.0,5.0,Overweight,Fair,1.0,3,3,0,0.0
MiddleAge,1.0,6.0,5.0,Overweight,Fair,2.0,21,22,1,4.76
MiddleAge,1.0,6.0,5.0,Overweight,Good,0.0,158,157,-1,0.63
MiddleAge,1.0,6.0,5.0,Overweight,Good,1.0,3,5,2,66.67
MiddleAge,1.0,6.0,5.0,Overweight,Good,2.0,17,18,1,5.88
MiddleAge,1.0,6.0,5.0,Overweight,Poor,0.0,37,35,-2,5.41
MiddleAge,1.0,6.0,5.0,Overweight,Poor,1.0,2,0,-2,100.0
MiddleAge,1.0,6.0,5.0,Overweight,Poor,2.0,17,17,0,0.0
MiddleAge,1.0,6.0,5.0,Underweight,Good,0.0,4,6,2,50.0
MiddleAge,1.0,6.0,5.0,Underweight,Good,2.0,1,0,-1,100.0
MiddleAge,1.0,6.0,6.0,Normal,Fair,0.0,84,85,1,1.19
MiddleAge,1.0,6.0,6.0,Normal,Fair,1.0,1,0,-1,100.0
MiddleAge,1.0,6.0,6.0,Normal,Fair,2.0,12,12,0,0.0
MiddleAge,1.0,6.0,6.0,Normal,Good,0.0,236,236,0,0.0
MiddleAge,1.0,6.0,6.0,Normal,Good,1.0,3,2,-1,33.33
MiddleAge,1.0,6.0,6.0,Normal,Good,2.0,6,7,1,16.67
MiddleAge,1.0,6.0,6.0,Normal,Poor,0.0,43,42,-1,2.33
MiddleAge,1.0,6.0,6.0,Normal,Poor,1.0,1,3,2,200.0
MiddleAge,1.0,6.0,6.0,Normal,Poor,2.0,11,11,0,0.0
MiddleAge,1.0,6.0,6.0,Obese,Fair,0.0,175,175,0,0.0
MiddleAge,1.0,6.0,6.0,Obese,Fair,1.0,2,4,2,100.0
MiddleAge,1.0,6.0,6.0,Obese,Fair,2.0,79,79,0,0.0
MiddleAge,1.0,6.0,6.0,Obese,Good,0.0,192,193,1,0.52
MiddleAge,1.0,6.0,6.0,Obese,Good,1.0,7,7,0,0.0
MiddleAge,1.0,6.0,6.0,Obese,Good,2.0,38,38,0,0.0
MiddleAge,1.0,6.0,6.0,Obese,Poor,0.0,53,52,-1,1.89
MiddleAge,1.0,6.0,6.0,Obese,Poor,1.0,3,4,1,33.33
MiddleAge,1.0,6.0,6.0,Obese,Poor,2.0,70,69,-1,1.43
MiddleAge,1.0,6.0,6.0,Overweight,Fair,0.0,149,150,1,0.67
MiddleAge,1.0,6.0,6.0,Overweight,Fair,1.0,6,7,1,16.67
MiddleAge,1.0,6.0,6.0,Overweight,Fair,2.0,56,56,0,0.0
MiddleAge,1.0,6.0,6.0,Overweight,Good,0.0,414,413,-1,0.24
MiddleAge,1.0,6.0,6.0,Overweight,Good,1.0,4,4,0,0.0
MiddleAge,1.0,6.0,6.0,Overweight,Good,2.0,24,24,0,0.0
MiddleAge,1.0,6.0,6.0,Overweight,Poor,0.0,56,56,0,0.0
MiddleAge,1.0,6.0,6.0,Overweight,Poor,1.0,1,1,0,0.0
MiddleAge,1.0,6.0,6.0,Overweight,Poor,2.0,25,25,0,0.0
MiddleAge,1.0,6.0,7.0,Normal,Fair,0.0,120,120,0,0.0
MiddleAge,1.0,6.0,7.0,Normal,Fair,1.0,1,2,1,100.0
MiddleAge,1.0,6.0,7.0,Normal,Fair,2.0,23,23,0,0.0
MiddleAge,1.0,6.0,7.0,Normal,Good,0.0,445,444,-1,0.22
MiddleAge,1.0,6.0,7.0,Normal,Good,1.0,5,6,1,20.0
MiddleAge,1.0,6.0,7.0,Normal,Good,2.0,18,18,0,0.0
MiddleAge,1.0,6.0,7.0,Normal,Poor,0.0,35,35,0,0.0
MiddleAge,1.0,6.0,7.0,Normal,Poor,1.0,2,2,0,0.0
MiddleAge,1.0,6.0,7.0,Normal,Poor,2.0,4,4,0,0.0
MiddleAge,1.0,6.0,7.0,Obese,Fair,0.0,264,264,0,0.0
MiddleAge,1.0,6.0,7.0,Obese,Fair,1.0,8,9,1,12.5
MiddleAge,1.0,6.0,7.0,Obese,Fair,2.0,159,157,-2,1.26
MiddleAge,1.0,6.0,7.0,Obese,Good,0.0,450,449,-1,0.22
MiddleAge,1.0,6.0,7.0,Obese,Good,1.0,15,15,0,0.0
MiddleAge,1.0,6.0,7.0,Obese,Good,2.0,105,106,1,0.95
MiddleAge,1.0,6.0,7.0,Obese,Poor,0.0,64,65,1,1.56
MiddleAge,1.0,6.0,7.0,Obese,Poor,1.0,5,5,0,0.0
MiddleAge,1.0,6.0,7.0,Obese,Poor,2.0,94,93,-1,1.06
MiddleAge,1.0,6.0,7.0,Overweight,Fair,0.0,311,311,0,0.0
MiddleAge,1.0,6.0,7.0,Overweight,Fair,1.0,7,8,1,14.29
MiddleAge,1.0,6.0,7.0,Overweight,Fair,2.0,65,65,0,0.0
MiddleAge,1.0,6.0,7.0,Overweight,Good,0.0,798,799,1,0.13
MiddleAge,1.0,6.0,7.0,Overweight,Good,1.0,15,15,0,0.0
MiddleAge,1.0,6.0,7.0,Overweight,Good,2.0,57,60,3,5.26
MiddleAge,1.0,6.0,7.0,Overweight,Poor,0.0,83,83,0,0.0
MiddleAge,1.0,6.0,7.0,Overweight,Poor,1.0,2,2,0,0.0
MiddleAge,1.0,6.0,7.0,Overweight,Poor,2.0,35,34,-1,2.86
MiddleAge,1.0,6.0,7.0,Underweight,Poor,0.0,5,4,-1,20.0
MiddleAge,1.0,6.0,8.0,Normal,Fair,0.0,300,299,-1,0.33
MiddleAge,1.0,6.0,8.0,Normal,Fair,1.0,7,6,-1,14.29
MiddleAge,1.0,6.0,8.0,Normal,Fair,2.0,37,35,-2,5.41
MiddleAge,1.0,6.0,8.0,Normal,Good,0.0,1859,1860,1,0.05
MiddleAge,1.0,6.0,8.0,Normal,Good,1.0,9,10,1,11.11
MiddleAge,1.0,6.0,8.0,Normal,Good,2.0,59,59,0,0.0
MiddleAge,1.0,6.0,8.0,Normal,Poor,0.0,69,69,0,0.0
MiddleAge,1.0,6.0,8.0,Normal,Poor,1.0,3,3,0,0.0
MiddleAge,1.0,6.0,8.0,Normal,Poor,2.0,14,13,-1,7.14
MiddleAge,1.0,6.0,8.0,Obese,Fair,0.0,880,881,1,0.11
MiddleAge,1.0,6.0,8.0,Obese,Fair,1.0,32,32,0,0.0
MiddleAge,1.0,6.0,8.0,Obese,Fair,2.0,356,357,1,0.28
MiddleAge,1.0,6.0,8.0,Obese,Good,0.0,1858,1858,0,0.0
MiddleAge,1.0,6.0,8.0,Obese,Good,1.0,27,29,2,7.41
MiddleAge,1.0,6.0,8.0,Obese,Good,2.0,222,223,1,0.45
MiddleAge,1.0,6.0,8.0,Obese,Poor,0.0,168,169,1,0.6
MiddleAge,1.0,6.0,8.0,Obese,Poor,1.0,12,12,0,0.0
MiddleAge,1.0,6.0,8.0,Obese,Poor,2.0,158,158,0,0.0
MiddleAge,1.0,6.0,8.0,Overweight,Fair,0.0,906,905,-1,0.11
MiddleAge,1.0,6.0,8.0,Overweight,Fair,1.0,21,21,0,0.0
MiddleAge,1.0,6.0,8.0,Overweight,Fair,2.0,187,189,2,1.07
MiddleAge,1.0,6.0,8.0,Overweight,Good,0.0,3813,3810,-3,0.08
MiddleAge,1.0,6.0,8.0,Overweight,Good,1.0,41,40,-1,2.44
MiddleAge,1.0,6.0,8.0,Overweight,Good,2.0,224,225,1,0.45
MiddleAge,1.0,6.0,8.0,Overweight,Poor,0.0,132,131,-1,0.76
MiddleAge,1.0,6.0,8.0,Overweight,Poor,1.0,2,1,-1,50.0
MiddleAge,1.0,6.0,8.0,Overweight,Poor,2.0,84,85,1,1.19
MiddleAge,1.0,6.0,8.0,Underweight,Fair,0.0,11,12,1,9.09
MiddleAge,1.0,6.0,8.0,Underweight,Fair,2.0,2,1,-1,50.0
MiddleAge,1.0,6.0,8.0,Underweight,Good,0.0,20,22,2,10.0
MiddleAge,1.0,6.0,8.0,Underweight,Good,2.0,1,2,1,100.0
Senior,0.0,1.0,1.0,Any,Poor,0.0,1,2,1,100.0
Senior,0.0,1.0,1.0,Any,Poor,2.0,5,6,1,20.0
Senior,0.0,1.0,1.0,Overweight,Poor,0.0,4,1,-3,75.0
Senior,0.0,1.0,1.0,Overweight,Poor,2.0,3,2,-1,33.33
Senior,0.0,1.0,2.0,Any,Poor,0.0,5,8,3,60.0
Senior,0.0,1.0,2.0,Any,Poor,2.0,3,3,0,0.0
Senior,0.0,1.0,3.0,Any,Poor,0.0,4,4,0,0.0
Senior,0.0,1.0,3.0,Any,Poor,2.0,4,3,-1,25.0
Senior,0.0,2.0,1.0,Any,Fair,0.0,5,3,-2,40.0
Senior,0.0,2.0,1.0,Normal,Fair,0.0,8,5,-3,37.5
Senior,0.0,2.0,1.0,Normal,Fair,2.0,5,5,0,0.0
Senior,0.0,2.0,1.0,Normal,Good,0.0,8,8,0,0.0
Senior,0.0,2.0,1.0,Normal,Good,1.0,1,0,-1,100.0
Senior,0.0,2.0,1.0,Normal,Good,2.0,2,2,0,0.0
Senior,0.0,2.0,1.0,Normal,Poor,0.0,16,17,1,6.25
Senior,0.0,2.0,1.0,Normal,Poor,1.0,2,0,-2,100.0
Senior,0.0,2.0,1.0,Normal,Poor,2.0,18,20,2,11.11
Senior,0.0,2.0,1.0,Obese,Fair,0.0,8,9,1,12.5
Senior,0.0,2.0,1.0,Obese,Fair,1.0,1,0,-1,100.0
Senior,0.0,2.0,1.0,Obese,Fair,2.0,12,12,0,0.0
Senior,0.0,2.0,1.0,Obese,Good,0.0,2,2,0,0.0
Senior,0.0,2.0,1.0,Obese,Good,1.0,2,2,0,0.0
Senior,0.0,2.0,1.0,Obese,Good,2.0,3,4,1,33.33
Senior,0.0,2.0,1.0,Obese,Poor,0.0,21,23,2,9.52
Senior,0.0,2.0,1.0,Obese,Poor,1.0,1,2,1,100.0
Senior,0.0,2.0,1.0,Obese,Poor,2.0,30,30,0,0.0
Senior,0.0,2.0,1.0,Overweight,Fair,0.0,11,9,-2,18.18
Senior,0.0,2.0,1.0,Overweight,Fair,1.0,1,1,0,0.0
Senior,0.0,2.0,1.0,Overweight,Fair,2.0,5,7,2,40.0
Senior,0.0,2.0,1.0,Overweight,Good,0.0,9,6,-3,33.33
Senior,0.0,2.0,1.0,Overweight,Good,2.0,1,3,2,200.0
Senior,0.0,2.0,1.0,Overweight,Poor,0.0,29,29,0,0.0
Senior,0.0,2.0,1.0,Overweight,Poor,1.0,4,4,0,0.0
Senior,0.0,2.0,1.0,Overweight,Poor,2.0,22,22,0,0.0
Senior,0.0,2.0,1.0,Underweight,Poor,0.0,3,3,0,0.0
Senior,0.0,2.0,1.0,Underweight,Poor,2.0,3,2,-1,33.33
Senior,0.0,2.0,2.0,Any,Poor,0.0,5,4,-1,20.0
Senior,0.0,2.0,2.0,Normal,Fair,0.0,10,10,0,0.0
Senior,0.0,2.0,2.0,Normal,Fair,2.0,5,7,2,40.0
Senior,0.0,2.0,2.0,Normal,Good,0.0,6,5,-1,16.67
Senior,0.0,2.0,2.0,Normal,Good,1.0,1,5,4,400.0
Senior,0.0,2.0,2.0,Normal,Good,2.0,1,1,0,0.0
Senior,0.0,2.0,2.0,Normal,Poor,0.0,10,10,0,0.0
Senior,0.0,2.0,2.0,Normal,Poor,1.0,1,2,1,100.0
Senior,0.0,2.0,2.0,Normal,Poor,2.0,7,6,-1,14.29
Senior,0.0,2.0,2.0,Obese,Fair,0.0,8,7,-1,12.5
Senior,0.0,2.0,2.0,Obese,Fair,1.0,2,3,1,50.0
Senior,0.0,2.0,2.0,Obese,Fair,2.0,10,11,1,10.0
Senior,0.0,2.0,2.0,Obese,Good,0.0,4,4,0,0.0
Senior,0.0,2.0,2.0,Obese,Good,2.0,2,2,0,0.0
Senior,0.0,2.0,2.0,Obese,Poor,0.0,23,24,1,4.35
Senior,0.0,2.0,2.0,Obese,Poor,1.0,1,0,-1,100.0
Senior,0.0,2.0,2.0,Obese,Poor,2.0,36,36,0,0.0
Senior,0.0,2.0,2.0,Overweight,Fair,0.0,18,16,-2,11.11
Senior,0.0,2.0,2.0,Overweight,Fair,1.0,1,1,0,0.0
Senior,0.0,2.0,2.0,Overweight,Fair,2.0,5,5,0,0.0
Senior,0.0,2.0,2.0,Overweight,Good,0.0,8,10,2,25.0
Senior,0.0,2.0,2.0,Overweight,Good,1.0,1,1,0,0.0
Senior,0.0,2.0,2.0,Overweight,Good,2.0,2,4,2,100.0
Senior,0.0,2.0,2.0,Overweight,Poor,0.0,23,24,1,4.35
Senior,0.0,2.0,2.0,Overweight,Poor,1.0,1,2,1,100.0
Senior,0.0,2.0,2.0,Overweight,Poor,2.0,9,9,0,0.0
Senior,0.0,2.0,3.0,Any,Good,0.0,7,10,3,42.86
Senior,0.0,2.0,3.0,Any,Good,1.0,2,2,0,0.0
Senior,0.0,2.0,3.0,Any,Good,2.0,2,2,0,0.0
Senior,0.0,2.0,3.0,Normal,Fair,0.0,11,12,1,9.09
Senior,0.0,2.0,3.0,Normal,Fair,2.0,1,2,1,100.0
Senior,0.0,2.0,3.0,Normal,Good,0.0,9,11,2,22.22
Senior,0.0,2.0,3.0,Normal,Good,1.0,1,1,0,0.0
Senior,0.0,2.0,3.0,Normal,Poor,0.0,12,13,1,8.33
Senior,0.0,2.0,3.0,Normal,Poor,2.0,4,4,0,0.0
Senior,0.0,2.0,3.0,Obese,Fair,0.0,11,10,-1,9.09
Senior,0.0,2.0,3.0,Obese,Fair,1.0,1,2,1,100.0
Senior,0.0,2.0,3.0,Obese,Fair,2.0,4,5,1,25.0
Senior,0.0,2.0,3.0,Obese,Poor,0.0,16,14,-2,12.5
Senior,0.0,2.0,3.0,Obese,Poor,1.0,1,3,2,200.0
Senior,0.0,2.0,3.0,Obese,Poor,2.0,12,11,-1,8.33
Senior,0.0,2.0,3.0,Overweight,Fair,0.0,11,11,0,0.0
Senior,0.0,2.0,3.0,Overweight,Fair,2.0,6,5,-1,16.67
Senior,0.0,2.0,3.0,Overweight,Good,0.0,7,8,1,14.29
Senior,0.0,2.0,3.0,Overweight,Good,1.0,1,2,1,100.0
Senior,0.0,2.0,3.0,Overweight,Good,2.0,1,1,0,0.0
Senior,0.0,2.0,3.0,Overweight,Poor,0.0,17,17,0,0.0
Senior,0.0,2.0,3.0,Overweight,Poor,2.0,12,11,-1,8.33
Senior,0.0,2.0,4.0,Any,Fair,0.0,3,2,-1,33.33
Senior,0.0,2.0,4.0,Any,Fair,2.0,2,5,3,150.0
Senior,0.0,2.0,4.0,Any,Good,0.0,5,4,-1,20.0
Senior,0.0,2.0,4.0,Normal,Fair,0.0,13,12,-1,7.69
Senior,0.0,2.0,4.0,Normal,Good,0.0,6,6,0,0.0
Senior,0.0,2.0,4.0,Normal,Poor,0.0,12,11,-1,8.33
Senior,0.0,2.0,4.0,Obese,Fair,0.0,10,10,0,0.0
Senior,0.0,2.0,4.0,Obese,Fair,1.0,1,5,4,400.0
Senior,0.0,2.0,4.0,Obese,Fair,2.0,7,6,-1,14.29
Senior,0.0,2.0,4.0,Obese,Good,0.0,5,5,0,0.0
Senior,0.0,2.0,4.0,Obese,Good,2.0,1,0,-1,100.0
Senior,0.0,2.0,4.0,Obese,Poor,0.0,7,7,0,0.0
Senior,0.0,2.0,4.0,Obese,Poor,1.0,2,1,-1,50.0
Senior,0.0,2.0,4.0,Obese,Poor,2.0,10,9,-1,10.0
Senior,0.0,2.0,4.0,Overweight,Fair,0.0,9,7,-2,22.22
Senior,0.0,2.0,4.0,Overweight,Fair,2.0,1,3,2,200.0
Senior,0.0,2.0,4.0,Overweight,Good,0.0,7,5,-2,28.57
Senior,0.0,2.0,4.0,Overweight,Good,2.0,2,0,-2,100.0
Senior,0.0,2.0,4.0,Overweight,Poor,0.0,9,10,1,11.11
Senior,0.0,2.0,4.0,Overweight,Poor,2.0,11,11,0,0.0
Senior,0.0,2.0,5.0,Any,Poor,0.0,6,5,-1,16.67
Senior,0.0,2.0,5.0,Any,Poor,2.0,4,5,1,25.0
Senior,0.0,2.0,5.0,Normal,Fair,0.0,7,8,1,14.29
Senior,0.0,2.0,5.0,Normal,Fair,2.0,1,2,1,100.0
Senior,0.0,2.0,5.0,Normal,Good,0.0,8,9,1,12.5
Senior,0.0,2.0,5.0,Normal,Good,2.0,1,0,-1,100.0
Senior,0.0,2.0,5.0,Normal,Poor,0.0,4,4,0,0.0
Senior,0.0,2.0,5.0,Normal,Poor,2.0,1,0,-1,100.0
Senior,0.0,2.0,5.0,Obese,Fair,0.0,4,4,0,0.0
Senior,0.0,2.0,5.0,Obese,Fair,1.0,1,1,0,0.0
Senior,0.0,2.0,5.0,Obese,Fair,2.0,3,2,-1,33.33
Senior,0.0,2.0,5.0,Obese,Good,0.0,6,7,1,16.67
Senior,0.0,2.0,5.0,Obese,Good,2.0,2,7,5,250.0
Senior,0.0,2.0,5.0,Overweight,Fair,0.0,6,7,1,16.67
Senior,0.0,2.0,5.0,Overweight,Good,0.0,5,5,0,0.0
Senior,0.0,2.0,5.0,Overweight,Good,2.0,2,1,-1,50.0
Senior,0.0,2.0,5.0,Overweight,Poor,0.0,7,6,-1,14.29
Senior,0.0,2.0,5.0,Overweight,Poor,1.0,1,1,0,0.0
Senior,0.0,2.0,5.0,Overweight,Poor,2.0,6,4,-2,33.33
Senior,0.0,2.0,6.0,Any,Good,0.0,5,7,2,40.0
Senior,0.0,2.0,6.0,Any,Poor,0.0,6,7,1,16.67
Senior,0.0,2.0,6.0,Any,Poor,2.0,1,2,1,100.0
Senior,0.0,2.0,6.0,Normal,Poor,0.0,3,3,0,0.0
Senior,0.0,2.0,6.0,Normal,Poor,2.0,3,3,0,0.0
Senior,0.0,2.0,6.0,Overweight-Range,Fair,0.0,7,10,3,42.86
Senior,0.0,2.0,7.0,Any,Poor,0.0,4,6,2,50.0
Senior,0.0,2.0,7.0,Any,Poor,1.0,1,1,0,0.0
Senior,0.0,2.0,7.0,Any,Poor,2.0,1,2,1,100.0
Senior,0.0,2.0,8.0,Any,Fair,0.0,7,7,0,0.0
Senior,0.0,2.0,8.0,Any,Fair,2.0,2,3,1,50.0
Senior,0.0,2.0,8.0,Any,Good,0.0,9,8,-1,11.11
Senior,0.0,2.0,8.0,Any,Good,1.0,1,1,0,0.0
Senior,0.0,2.0,8.0,Any,Good,2.0,1,2,1,100.0
Senior,0.0,3.0,1.0,Normal,Fair,0.0,25,25,0,0.0
Senior,0.0,3.0,1.0,Normal,Fair,2.0,1,3,2,200.0
Senior,0.0,3.0,1.0,Normal,Good,0.0,16,16,0,0.0
Senior,0.0,3.0,1.0,Normal,Good,1.0,1,0,-1,100.0
Senior,0.0,3.0,1.0,Normal,Good,2.0,2,2,0,0.0
Senior,0.0,3.0,1.0,Normal,Poor,0.0,22,21,-1,4.55
Senior,0.0,3.0,1.0,Normal,Poor,2.0,5,5,0,0.0
Senior,0.0,3.0,1.0,Obese,Fair,0.0,7,9,2,28.57
Senior,0.0,3.0,1.0,Obese,Fair,1.0,2,0,-2,100.0
Senior,0.0,3.0,1.0,Obese,Fair,2.0,15,13,-2,13.33
Senior,0.0,3.0,1.0,Obese,Good,0.0,6,5,-1,16.67
Senior,0.0,3.0,1.0,Obese,Good,2.0,6,4,-2,33.33
Senior,0.0,3.0,1.0,Obese,Poor,0.0,31,32,1,3.23
Senior,0.0,3.0,1.0,Obese,Poor,1.0,1,2,1,100.0
Senior,0.0,3.0,1.0,Obese,Poor,2.0,34,32,-2,5.88
Senior,0.0,3.0,1.0,Overweight,Fair,0.0,27,27,0,0.0
Senior,0.0,3.0,1.0,Overweight,Fair,1.0,1,0,-1,100.0
Senior,0.0,3.0,1.0,Overweight,Fair,2.0,7,7,0,0.0
Senior,0.0,3.0,1.0,Overweight,Good,0.0,12,11,-1,8.33
Senior,0.0,3.0,1.0,Overweight,Good,1.0,2,2,0,0.0
Senior,0.0,3.0,1.0,Overweight,Poor,0.0,22,25,3,13.64
Senior,0.0,3.0,1.0,Overweight,Poor,1.0,5,5,0,0.0
Senior,0.0,3.0,1.0,Overweight,Poor,2.0,18,16,-2,11.11
Senior,0.0,3.0,1.0,Underweight,Poor,0.0,5,4,-1,20.0
Senior,0.0,3.0,1.0,Underweight,Poor,2.0,1,0,-1,100.0
Senior,0.0,3.0,2.0,Any,Fair,0.0,5,7,2,40.0
Senior,0.0,3.0,2.0,Normal,Fair,0.0,24,22,-2,8.33
Senior,0.0,3.0,2.0,Normal,Fair,2.0,3,4,1,33.33
Senior,0.0,3.0,2.0,Normal,Good,0.0,18,17,-1,5.56
Senior,0.0,3.0,2.0,Normal,Good,1.0,1,1,0,0.0
Senior,0.0,3.0,2.0,Normal,Good,2.0,1,0,-1,100.0
Senior,0.0,3.0,2.0,Normal,Poor,0.0,32,32,0,0.0
Senior,0.0,3.0,2.0,Normal,Poor,1.0,1,2,1,100.0
Senior,0.0,3.0,2.0,Normal,Poor,2.0,15,16,1,6.67
Senior,0.0,3.0,2.0,Obese,Fair,0.0,28,29,1,3.57
Senior,0.0,3.0,2.0,Obese,Fair,1.0,1,1,0,0.0
Senior,0.0,3.0,2.0,Obese,Fair,2.0,16,18,2,12.5
Senior,0.0,3.0,2.0,Obese,Good,0.0,24,24,0,0.0
Senior,0.0,3.0,2.0,Obese,Good,2.0,16,16,0,0.0
Senior,0.0,3.0,2.0,Obese,Poor,0.0,38,39,1,2.63
Senior,0.0,3.0,2.0,Obese,Poor,1.0,6,8,2,33.33
Senior,0.0,3.0,2.0,Obese,Poor,2.0,42,42,0,0.0
Senior,0.0,3.0,2.0,Overweight,Fair,0.0,37,37,0,0.0
Senior,0.0,3.0,2.0,Overweight,Fair,1.0,1,0,-1,100.0
Senior,0.0,3.0,2.0,Overweight,Fair,2.0,18,18,0,0.0
Senior,0.0,3.0,2.0,Overweight,Good,0.0,23,24,1,4.35
Senior,0.0,3.0,2.0,Overweight,Good,1.0,1,1,0,0.0
Senior,0.0,3.0,2.0,Overweight,Good,2.0,6,6,0,0.0
Senior,0.0,3.0,2.0,Overweight,Poor,0.0,35,36,1,2.86
Senior,0.0,3.0,2.0,Overweight,Poor,1.0,2,2,0,0.0
Senior,0.0,3.0,2.0,Overweight,Poor,2.0,27,30,3,11.11
Senior,0.0,3.0,3.0,Any,Good,0.0,5,6,1,20.0
Senior,0.0,3.0,3.0,Normal,Fair,0.0,33,33,0,0.0
Senior,0.0,3.0,3.0,Normal,Fair,1.0,1,0,-1,100.0
Senior,0.0,3.0,3.0,Normal,Fair,2.0,4,5,1,25.0
Senior,0.0,3.0,3.0,Normal,Good,0.0,33,34,1,3.03
Senior,0.0,3.0,3.0,Normal,Good,2.0,3,3,0,0.0
Senior,0.0,3.0,3.0,Normal,Poor,0.0,32,33,1,3.12
Senior,0.0,3.0,3.0,Normal,Poor,1.0,1,2,1,100.0
Senior,0.0,3.0,3.0,Normal,Poor,2.0,8,8,0,0.0
Senior,0.0,3.0,3.0,Obese,Fair,0.0,25,25,0,0.0
Senior,0.0,3.0,3.0,Obese,Fair,1.0,1,3,2,200.0
Senior,0.0,3.0,3.0,Obese,Fair,2.0,15,15,0,0.0
Senior,0.0,3.0,3.0,Obese,Good,0.0,27,27,0,0.0
Senior,0.0,3.0,3.0,Obese,Good,1.0,2,2,0,0.0
Senior,0.0,3.0,3.0,Obese,Good,2.0,9,11,2,22.22
Senior,0.0,3.0,3.0,Obese,Poor,0.0,44,44,0,0.0
Senior,0.0,3.0,3.0,Obese,Poor,1.0,2,1,-1,50.0
Senior,0.0,3.0,3.0,Obese,Poor,2.0,41,41,0,0.0
Senior,0.0,3.0,3.0,Overweight,Fair,0.0,36,36,0,0.0
Senior,0.0,3.0,3.0,Overweight,Fair,1.0,1,1,0,0.0
Senior,0.0,3.0,3.0,Overweight,Fair,2.0,14,14,0,0.0
Senior,0.0,3.0,3.0,Overweight,Good,0.0,30,25,-5,16.67
Senior,0.0,3.0,3.0,Overweight,Good,1.0,1,1,0,0.0
Senior,0.0,3.0,3.0,Overweight,Good,2.0,4,4,0,0.0
Senior,0.0,3.0,3.0,Overweight,Poor,0.0,43,42,-1,2.33
Senior,0.0,3.0,3.0,Overweight,Poor,1.0,2,2,0,0.0
Senior,0.0,3.0,3.0,Overweight,Poor,2.0,23,23,0,0.0
Senior,0.0,3.0,4.0,Any,Fair,0.0,4,4,0,0.0
Senior,0.0,3.0,4.0,Any,Fair,2.0,2,1,-1,50.0
Senior,0.0,3.0,4.0,Any,Poor,0.0,6,4,-2,33.33
Senior,0.0,3.0,4.0,Any,Poor,2.0,2,2,0,0.0
Senior,0.0,3.0,4.0,Normal,Fair,0.0,21,21,0,0.0
Senior,0.0,3.0,4.0,Normal,Fair,1.0,2,2,0,0.0
Senior,0.0,3.0,4.0,Normal,Fair,2.0,8,7,-1,12.5
Senior,0.0,3.0,4.0,Normal,Good,0.0,33,33,0,0.0
Senior,0.0,3.0,4.0,Normal,Good,1.0,1,1,0,0.0
Senior,0.0,3.0,4.0,Normal,Poor,0.0,21,20,-1,4.76
Senior,0.0,3.0,4.0,Normal,Poor,1.0,1,1,0,0.0
Senior,0.0,3.0,4.0,Normal,Poor,2.0,9,7,-2,22.22
Senior,0.0,3.0,4.0,Obese,Fair,0.0,31,31,0,0.0
Senior,0.0,3.0,4.0,Obese,Fair,1.0,2,3,1,50.0
Senior,0.0,3.0,4.0,Obese,Fair,2.0,19,18,-1,5.26
Senior,0.0,3.0,4.0,Obese,Good,0.0,22,21,-1,4.55
Senior,0.0,3.0,4.0,Obese,Good,1.0,1,1,0,0.0
Senior,0.0,3.0,4.0,Obese,Good,2.0,4,5,1,25.0
Senior,0.0,3.0,4.0,Obese,Poor,0.0,19,22,3,15.79
Senior,0.0,3.0,4.0,Obese,Poor,1.0,4,3,-1,25.0
Senior,0.0,3.0,4.0,Obese,Poor,2.0,21,19,-2,9.52
Senior,0.0,3.0,4.0,Overweight,Fair,0.0,32,32,0,0.0
Senior,0.0,3.0,4.0,Overweight,Fair,1.0,1,0,-1,100.0
Senior,0.0,3.0,4.0,Overweight,Fair,2.0,10,12,2,20.0
Senior,0.0,3.0,4.0,Overweight,Good,0.0,29,28,-1,3.45
Senior,0.0,3.0,4.0,Overweight,Good,2.0,9,8,-1,11.11
Senior,0.0,3.0,4.0,Overweight,Poor,0.0,29,29,0,0.0
Senior,0.0,3.0,4.0,Overweight,Poor,1.0,3,3,0,0.0
Senior,0.0,3.0,4.0,Overweight,Poor,2.0,11,11,0,0.0
Senior,0.0,3.0,5.0,Any,Poor,0.0,4,3,-1,25.0
Senior,0.0,3.0,5.0,Any,Poor,1.0,1,1,0,0.0
Senior,0.0,3.0,5.0,Any,Poor,2.0,2,3,1,50.0
Senior,0.0,3.0,5.0,Normal,Fair,0.0,14,12,-2,14.29
Senior,0.0,3.0,5.0,Normal,Fair,2.0,5,6,1,20.0
Senior,0.0,3.0,5.0,Normal,Good,0.0,27,27,0,0.0
Senior,0.0,3.0,5.0,Normal,Good,2.0,1,2,1,100.0
Senior,0.0,3.0,5.0,Normal,Poor,0.0,17,16,-1,5.88
Senior,0.0,3.0,5.0,Normal,Poor,2.0,7,7,0,0.0
Senior,0.0,3.0,5.0,Obese,Fair,0.0,23,23,0,0.0
Senior,0.0,3.0,5.0,Obese,Fair,1.0,2,1,-1,50.0
Senior,0.0,3.0,5.0,Obese,Fair,2.0,9,9,0,0.0
Senior,0.0,3.0,5.0,Obese,Good,0.0,13,11,-2,15.38
Senior,0.0,3.0,5.0,Obese,Good,1.0,1,1,0,0.0
Senior,0.0,3.0,5.0,Obese,Good,2.0,5,4,-1,20.0
Senior,0.0,3.0,5.0,Obese,Poor,0.0,19,19,0,0.0
Senior,0.0,3.0,5.0,Obese,Poor,2.0,16,15,-1,6.25
Senior,0.0,3.0,5.0,Overweight,Fair,0.0,39,40,1,2.56
Senior,0.0,3.0,5.0,Overweight,Fair,1.0,1,2,1,100.0
Senior,0.0,3.0,5.0,Overweight,Fair,2.0,5,5,0,0.0
Senior,0.0,3.0,5.0,Overweight,Good,0.0,22,21,-1,4.55
Senior,0.0,3.0,5.0,Overweight,Good,2.0,5,4,-1,20.0
Senior,0.0,3.0,5.0,Overweight,Poor,0.0,21,20,-1,4.76
Senior,0.0,3.0,5.0,Overweight,Poor,1.0,1,0,-1,100.0
Senior,0.0,3.0,5.0,Overweight,Poor,2.0,7,6,-1,14.29
Senior,0.0,3.0,6.0,Normal,Fair,0.0,11,11,0,0.0
Senior,0.0,3.0,6.0,Normal,Good,0.0,6,6,0,0.0
Senior,0.0,3.0,6.0,Normal,Good,2.0,1,2,1,100.0
Senior,0.0,3.0,6.0,Normal,Poor,0.0,13,13,0,0.0
Senior,0.0,3.0,6.0,Obese,Fair,0.0,18,16,-2,11.11
Senior,0.0,3.0,6.0,Obese,Fair,2.0,4,4,0,0.0
Senior,0.0,3.0,6.0,Obese,Good,0.0,6,6,0,0.0
Senior,0.0,3.0,6.0,Obese,Good,1.0,1,1,0,0.0
Senior,0.0,3.0,6.0,Obese,Good,2.0,1,3,2,200.0
Senior,0.0,3.0,6.0,Obese,Poor,0.0,5,5,0,0.0
Senior,0.0,3.0,6.0,Obese,Poor,1.0,2,2,0,0.0
Senior,0.0,3.0,6.0,Obese,Poor,2.0,2,1,-1,50.0
Senior,0.0,3.0,6.0,Overweight,Fair,0.0,13,14,1,7.69
Senior,0.0,3.0,6.0,Overweight,Fair,2.0,4,5,1,25.0
Senior,0.0,3.0,6.0,Overweight,Good,0.0,18,18,0,0.0
Senior,0.0,3.0,6.0,Overweight,Good,1.0,1,2,1,100.0
Senior,0.0,3.0,6.0,Overweight,Good,2.0,1,1,0,0.0
Senior,0.0,3.0,6.0,Overweight,Poor,0.0,13,14,1,7.69
Senior,0.0,3.0,6.0,Overweight,Poor,2.0,11,12,1,9.09
Senior,0.0,3.0,7.0,Any,Fair,0.0,6,5,-1,16.67
Senior,0.0,3.0,7.0,Any,Fair,1.0,1,1,0,0.0
Senior,0.0,3.0,7.0,Normal,Fair,0.0,6,8,2,33.33
Senior,0.0,3.0,7.0,Normal,Good,0.0,6,5,-1,16.67
Senior,0.0,3.0,7.0,Normal,Good,2.0,1,1,0,0.0
Senior,0.0,3.0,7.0,Normal-Range,Poor,0.0,3,2,-1,33.33
Senior,0.0,3.0,7.0,Normal-Range,Poor,2.0,2,1,-1,50.0
Senior,0.0,3.0,7.0,Obese,Fair,0.0,4,6,2,50.0
Senior,0.0,3.0,7.0,Obese,Fair,2.0,2,2,0,0.0
Senior,0.0,3.0,7.0,Obese,Good,0.0,4,5,1,25.0
Senior,0.0,3.0,7.0,Obese,Good,2.0,2,3,1,50.0
Senior,0.0,3.0,7.0,Obese,Poor,0.0,5,5,0,0.0
Senior,0.0,3.0,7.0,Obese,Poor,2.0,1,0,-1,100.0
Senior,0.0,3.0,7.0,Overweight,Good,0.0,9,9,0,0.0
Senior,0.0,3.0,7.0,Overweight,Good,1.0,1,0,-1,100.0
Senior,0.0,3.0,7.0,Overweight,Good,2.0,2,2,0,0.0
Senior,0.0,3.0,8.0,Any,Fair,0.0,5,5,0,0.0
Senior,0.0,3.0,8.0,Any,Poor,0.0,5,7,2,40.0
Senior,0.0,3.0,8.0,Any,Poor,2.0,2,2,0,0.0
Senior,0.0,3.0,8.0,Normal,Good,0.0,6,7,1,16.67
Senior,0.0,3.0,8.0,Obese,Good,0.0,6,5,-1,16.67
Senior,0.0,3.0,8.0,Obese,Good,1.0,1,0,-1,100.0
Senior,0.0,3.0,8.0,Obese,Poor,0.0,3,3,0,0.0
Senior,0.0,3.0,8.0,Obese,Poor,2.0,2,1,-1,50.0
Senior,0.0,3.0,8.0,Overweight-Range,Fair,0.0,4,3,-1,25.0
Senior,0.0,3.0,8.0,Overweight-Range,Fair,2.0,2,0,-2,100.0
Senior,0.0,4.0,1.0,Normal,Fair,0.0,40,39,-1,2.5
Senior,0.0,4.0,1.0,Normal,Fair,1.0,1,2,1,100.0
Senior,0.0,4.0,1.0,Normal,Fair,2.0,8,10,2,25.0
Senior,0.0,4.0,1.0,Normal,Good,0.0,32,32,0,0.0
Senior,0.0,4.0,1.0,Normal,Good,1.0,1,1,0,0.0
Senior,0.0,4.0,1.0,Normal,Good,2.0,4,2,-2,50.0
Senior,0.0,4.0,1.0,Normal,Poor,0.0,39,39,0,0.0
Senior,0.0,4.0,1.0,Normal,Poor,1.0,3,4,1,33.33
Senior,0.0,4.0,1.0,Normal,Poor,2.0,25,24,-1,4.0
Senior,0.0,4.0,1.0,Obese,Fair,0.0,35,36,1,2.86
Senior,0.0,4.0,1.0,Obese,Fair,1.0,3,3,0,0.0
Senior,0.0,4.0,1.0,Obese,Fair,2.0,21,21,0,0.0
Senior,0.0,4.0,1.0,Obese,Good,0.0,25,24,-1,4.0
Senior,0.0,4.0,1.0,Obese,Good,2.0,14,14,0,0.0
Senior,0.0,4.0,1.0,Obese,Poor,0.0,43,42,-1,2.33
Senior,0.0,4.0,1.0,Obese,Poor,1.0,4,5,1,25.0
Senior,0.0,4.0,1.0,Obese,Poor,2.0,46,44,-2,4.35
Senior,0.0,4.0,1.0,Overweight,Fair,0.0,53,53,0,0.0
Senior,0.0,4.0,1.0,Overweight,Fair,1.0,4,4,0,0.0
Senior,0.0,4.0,1.0,Overweight,Fair,2.0,11,13,2,18.18
Senior,0.0,4.0,1.0,Overweight,Good,0.0,33,30,-3,9.09
Senior,0.0,4.0,1.0,Overweight,Good,1.0,2,1,-1,50.0
Senior,0.0,4.0,1.0,Overweight,Good,2.0,8,8,0,0.0
Senior,0.0,4.0,1.0,Overweight,Poor,0.0,43,43,0,0.0
Senior,0.0,4.0,1.0,Overweight,Poor,1.0,2,3,1,50.0
Senior,0.0,4.0,1.0,Overweight,Poor,2.0,24,24,0,0.0
Senior,0.0,4.0,1.0,Underweight,Fair,0.0,6,8,2,33.33
Senior,0.0,4.0,1.0,Underweight,Good,0.0,5,5,0,0.0
Senior,0.0,4.0,1.0,Underweight,Poor,0.0,9,10,1,11.11
Senior,0.0,4.0,1.0,Underweight,Poor,1.0,1,4,3,300.0
Senior,0.0,4.0,1.0,Underweight,Poor,2.0,1,0,-1,100.0
Senior,0.0,4.0,2.0,Normal,Fair,0.0,105,101,-4,3.81
Senior,0.0,4.0,2.0,Normal,Fair,1.0,5,5,0,0.0
Senior,0.0,4.0,2.0,Normal,Fair,2.0,22,23,1,4.55
Senior,0.0,4.0,2.0,Normal,Good,0.0,97,96,-1,1.03
Senior,0.0,4.0,2.0,Normal,Good,1.0,2,1,-1,50.0
Senior,0.0,4.0,2.0,Normal,Good,2.0,3,5,2,66.67
Senior,0.0,4.0,2.0,Normal,Poor,0.0,90,90,0,0.0
Senior,0.0,4.0,2.0,Normal,Poor,1.0,3,3,0,0.0
Senior,0.0,4.0,2.0,Normal,Poor,2.0,24,24,0,0.0
Senior,0.0,4.0,2.0,Obese,Fair,0.0,89,89,0,0.0
Senior,0.0,4.0,2.0,Obese,Fair,1.0,9,8,-1,11.11
Senior,0.0,4.0,2.0,Obese,Fair,2.0,47,48,1,2.13
Senior,0.0,4.0,2.0,Obese,Good,0.0,73,73,0,0.0
Senior,0.0,4.0,2.0,Obese,Good,1.0,3,3,0,0.0
Senior,0.0,4.0,2.0,Obese,Good,2.0,17,17,0,0.0
Senior,0.0,4.0,2.0,Obese,Poor,0.0,86,86,0,0.0
Senior,0.0,4.0,2.0,Obese,Poor,1.0,9,10,1,11.11
Senior,0.0,4.0,2.0,Obese,Poor,2.0,108,108,0,0.0
Senior,0.0,4.0,2.0,Overweight,Fair,0.0,117,117,0,0.0
Senior,0.0,4.0,2.0,Overweight,Fair,1.0,4,5,1,25.0
Senior,0.0,4.0,2.0,Overweight,Fair,2.0,47,48,1,2.13
Senior,0.0,4.0,2.0,Overweight,Good,0.0,89,90,1,1.12
Senior,0.0,4.0,2.0,Overweight,Good,1.0,5,5,0,0.0
Senior,0.0,4.0,2.0,Overweight,Good,2.0,23,22,-1,4.35
Senior,0.0,4.0,2.0,Overweight,Poor,0.0,92,89,-3,3.26
Senior,0.0,4.0,2.0,Overweight,Poor,1.0,5,4,-1,20.0
Senior,0.0,4.0,2.0,Overweight,Poor,2.0,63,64,1,1.59
Senior,0.0,4.0,2.0,Underweight,Fair,0.0,13,13,0,0.0
Senior,0.0,4.0,2.0,Underweight,Fair,2.0,2,2,0,0.0
Senior,0.0,4.0,2.0,Underweight,Good,0.0,7,8,1,14.29
Senior,0.0,4.0,2.0,Underweight,Poor,0.0,13,12,-1,7.69
Senior,0.0,4.0,2.0,Underweight,Poor,2.0,1,0,-1,100.0
Senior,0.0,4.0,3.0,Normal,Fair,0.0,160,160,0,0.0
Senior,0.0,4.0,3.0,Normal,Fair,1.0,5,8,3,60.0
Senior,0.0,4.0,3.0,Normal,Fair,2.0,21,19,-2,9.52
Senior,0.0,4.0,3.0,Normal,Good,0.0,184,182,-2,1.09
Senior,0.0,4.0,3.0,Normal,Good,2.0,17,16,-1,5.88
Senior,0.0,4.0,3.0,Normal,Poor,0.0,140,141,1,0.71
Senior,0.0,4.0,3.0,Normal,Poor,1.0,1,0,-1,100.0
Senior,0.0,4.0,3.0,Normal,Poor,2.0,27,27,0,0.0
Senior,0.0,4.0,3.0,Obese,Fair,0.0,130,126,-4,3.08
Senior,0.0,4.0,3.0,Obese,Fair,1.0,6,4,-2,33.33
Senior,0.0,4.0,3.0,Obese,Fair,2.0,91,89,-2,2.2
Senior,0.0,4.0,3.0,Obese,Good,0.0,98,96,-2,2.04
Senior,0.0,4.0,3.0,Obese,Good,1.0,5,5,0,0.0
Senior,0.0,4.0,3.0,Obese,Good,2.0,28,26,-2,7.14
Senior,0.0,4.0,3.0,Obese,Poor,0.0,108,110,2,1.85
Senior,0.0,4.0,3.0,Obese,Poor,1.0,6,6,0,0.0
Senior,0.0,4.0,3.0,Obese,Poor,2.0,94,93,-1,1.06
Senior,0.0,4.0,3.0,Overweight,Fair,0.0,177,176,-1,0.56
Senior,0.0,4.0,3.0,Overweight,Fair,1.0,10,10,0,0.0
Senior,0.0,4.0,3.0,Overweight,Fair,2.0,60,59,-1,1.67
Senior,0.0,4.0,3.0,Overweight,Good,0.0,200,204,4,2.0
Senior,0.0,4.0,3.0,Overweight,Good,1.0,8,7,-1,12.5
Senior,0.0,4.0,3.0,Overweight,Good,2.0,32,32,0,0.0
Senior,0.0,4.0,3.0,Overweight,Poor,0.0,132,133,1,0.76
Senior,0.0,4.0,3.0,Overweight,Poor,1.0,6,4,-2,33.33
Senior,0.0,4.0,3.0,Overweight,Poor,2.0,51,52,1,1.96
Senior,0.0,4.0,3.0,Underweight,Fair,0.0,13,12,-1,7.69
Senior,0.0,4.0,3.0,Underweight,Good,0.0,5,5,0,0.0
Senior,0.0,4.0,3.0,Underweight,Poor,0.0,19,19,0,0.0
Senior,0.0,4.0,3.0,Underweight,Poor,2.0,1,1,0,0.0
Senior,0.0,4.0,4.0,Normal,Fair,0.0,203,204,1,0.49
Senior,0.0,4.0,4.0,Normal,Fair,1.0,5,4,-1,20.0
Senior,0.0,4.0,4.0,Normal,Fair,2.0,32,28,-4,12.5
Senior,0.0,4.0,4.0,Normal,Good,0.0,227,227,0,0.0
Senior,0.0,4.0,4.0,Normal,Good,1.0,4,6,2,50.0
Senior,0.0,4.0,4.0,Normal,Good,2.0,21,22,1,4.76
Senior,0.0,4.0,4.0,Normal,Poor,0.0,126,126,0,0.0
Senior,0.0,4.0,4.0,Normal,Poor,1.0,1,3,2,200.0
Senior,0.0,4.0,4.0,Normal,Poor,2.0,19,19,0,0.0
Senior,0.0,4.0,4.0,Obese,Fair,0.0,187,188,1,0.53
Senior,0.0,4.0,4.0,Obese,Fair,1.0,8,8,0,0.0
Senior,0.0,4.0,4.0,Obese,Fair,2.0,90,90,0,0.0
Senior,0.0,4.0,4.0,Obese,Good,0.0,150,148,-2,1.33
Senior,0.0,4.0,4.0,Obese,Good,1.0,4,5,1,25.0
Senior,0.0,4.0,4.0,Obese,Good,2.0,34,34,0,0.0
Senior,0.0,4.0,4.0,Obese,Poor,0.0,104,104,0,0.0
Senior,0.0,4.0,4.0,Obese,Poor,1.0,9,10,1,11.11
Senior,0.0,4.0,4.0,Obese,Poor,2.0,95,95,0,0.0
Senior,0.0,4.0,4.0,Overweight,Fair,0.0,250,251,1,0.4
Senior,0.0,4.0,4.0,Overweight,Fair,1.0,3,3,0,0.0
Senior,0.0,4.0,4.0,Overweight,Fair,2.0,82,83,1,1.22
Senior,0.0,4.0,4.0,Overweight,Good,0.0,295,295,0,0.0
Senior,0.0,4.0,4.0,Overweight,Good,1.0,4,3,-1,25.0
Senior,0.0,4.0,4.0,Overweight,Good,2.0,50,49,-1,2.0
Senior,0.0,4.0,4.0,Overweight,Poor,0.0,156,156,0,0.0
Senior,0.0,4.0,4.0,Overweight,Poor,1.0,3,5,2,66.67
Senior,0.0,4.0,4.0,Overweight,Poor,2.0,58,58,0,0.0
Senior,0.0,4.0,4.0,Underweight,Fair,0.0,16,14,-2,12.5
Senior,0.0,4.0,4.0,Underweight,Fair,1.0,1,1,0,0.0
Senior,0.0,4.0,4.0,Underweight,Good,0.0,14,14,0,0.0
Senior,0.0,4.0,4.0,Underweight,Good,2.0,1,0,-1,100.0
Senior,0.0,4.0,4.0,Underweight,Poor,0.0,10,9,-1,10.0
Senior,0.0,4.0,4.0,Underweight,Poor,2.0,1,0,-1,100.0
Senior,0.0,4.0,5.0,Normal,Fair,0.0,190,190,0,0.0
Senior,0.0,4.0,5.0,Normal,Fair,1.0,3,1,-2,66.67
Senior,0.0,4.0,5.0,Normal,Fair,2.0,30,29,-1,3.33
Senior,0.0,4.0,5.0,Normal,Good,0.0,287,288,1,0.35
Senior,0.0,4.0,5.0,Normal,Good,1.0,3,3,0,0.0
Senior,0.0,4.0,5.0,Normal,Good,2.0,23,23,0,0.0
Senior,0.0,4.0,5.0,Normal,Poor,0.0,99,100,1,1.01
Senior,0.0,4.0,5.0,Normal,Poor,1.0,1,0,-1,100.0
Senior,0.0,4.0,5.0,Normal,Poor,2.0,20,21,1,5.0
Senior,0.0,4.0,5.0,Obese,Fair,0.0,207,208,1,0.48
Senior,0.0,4.0,5.0,Obese,Fair,1.0,13,13,0,0.0
Senior,0.0,4.0,5.0,Obese,Fair,2.0,75,74,-1,1.33
Senior,0.0,4.0,5.0,Obese,Good,0.0,140,138,-2,1.43
Senior,0.0,4.0,5.0,Obese,Good,1.0,8,9,1,12.5
Senior,0.0,4.0,5.0,Obese,Good,2.0,37,37,0,0.0
Senior,0.0,4.0,5.0,Obese,Poor,0.0,96,96,0,0.0
Senior,0.0,4.0,5.0,Obese,Poor,1.0,4,4,0,0.0
Senior,0.0,4.0,5.0,Obese,Poor,2.0,80,81,1,1.25
Senior,0.0,4.0,5.0,Overweight,Fair,0.0,215,216,1,0.47
Senior,0.0,4.0,5.0,Overweight,Fair,1.0,7,8,1,14.29
Senior,0.0,4.0,5.0,Overweight,Fair,2.0,60,60,0,0.0
Senior,0.0,4.0,5.0,Overweight,Good,0.0,333,334,1,0.3
Senior,0.0,4.0,5.0,Overweight,Good,1.0,5,11,6,120.0
Senior,0.0,4.0,5.0,Overweight,Good,2.0,34,32,-2,5.88
Senior,0.0,4.0,5.0,Overweight,Poor,0.0,100,100,0,0.0
Senior,0.0,4.0,5.0,Overweight,Poor,1.0,5,5,0,0.0
Senior,0.0,4.0,5.0,Overweight,Poor,2.0,50,49,-1,2.0
Senior,0.0,4.0,5.0,Underweight,Fair,0.0,9,7,-2,22.22
Senior,0.0,4.0,5.0,Underweight,Fair,2.0,3,3,0,0.0
Senior,0.0,4.0,5.0,Underweight,Good,0.0,15,14,-1,6.67
Senior,0.0,4.0,5.0,Underweight,Good,2.0,1,1,0,0.0
Senior,0.0,4.0,5.0,Underweight,Poor,0.0,17,20,3,17.65
Senior,0.0,4.0,5.0,Underweight,Poor,2.0,1,0,-1,100.0
Senior,0.0,4.0,6.0,Normal,Fair,0.0,141,141,0,0.0
Senior,0.0,4.0,6.0,Normal,Fair,1.0,3,2,-1,33.33
Senior,0.0,4.0,6.0,Normal,Fair,2.0,16,16,0,0.0
Senior,0.0,4.0,6.0,Normal,Good,0.0,304,306,2,0.66
Senior,0.0,4.0,6.0,Normal,Good,1.0,3,4,1,33.33
Senior,0.0,4.0,6.0,Normal,Good,2.0,10,9,-1,10.0
Senior,0.0,4.0,6.0,Normal,Poor,0.0,65,65,0,0.0
Senior,0.0,4.0,6.0,Normal,Poor,1.0,2,3,1,50.0
Senior,0.0,4.0,6.0,Normal,Poor,2.0,14,12,-2,14.29
Senior,0.0,4.0,6.0,Obese,Fair,0.0,132,132,0,0.0
Senior,0.0,4.0,6.0,Obese,Fair,1.0,3,3,0,0.0
Senior,0.0,4.0,6.0,Obese,Fair,2.0,71,70,-1,1.41
Senior,0.0,4.0,6.0,Obese,Good,0.0,155,154,-1,0.65
Senior,0.0,4.0,6.0,Obese,Good,1.0,11,12,1,9.09
Senior,0.0,4.0,6.0,Obese,Good,2.0,29,29,0,0.0
Senior,0.0,4.0,6.0,Obese,Poor,0.0,79,79,0,0.0
Senior,0.0,4.0,6.0,Obese,Poor,1.0,2,1,-1,50.0
Senior,0.0,4.0,6.0,Obese,Poor,2.0,46,46,0,0.0
Senior,0.0,4.0,6.0,Overweight,Fair,0.0,213,213,0,0.0
Senior,0.0,4.0,6.0,Overweight,Fair,1.0,9,9,0,0.0
Senior,0.0,4.0,6.0,Overweight,Fair,2.0,53,52,-1,1.89
Senior,0.0,4.0,6.0,Overweight,Good,0.0,311,312,1,0.32
Senior,0.0,4.0,6.0,Overweight,Good,1.0,5,8,3,60.0
Senior,0.0,4.0,6.0,Overweight,Good,2.0,32,32,0,0.0
Senior,0.0,4.0,6.0,Overweight,Poor,0.0,73,72,-1,1.37
Senior,0.0,4.0,6.0,Overweight,Poor,1.0,6,6,0,0.0
Senior,0.0,4.0,6.0,Overweight,Poor,2.0,36,36,0,0.0
Senior,0.0,4.0,6.0,Underweight,Fair,0.0,14,15,1,7.14
Senior,0.0,4.0,6.0,Underweight,Good,0.0,8,8,0,0.0
Senior,0.0,4.0,6.0,Underweight,Poor,0.0,6,8,2,33.33
Senior,0.0,4.0,6.0,Underweight,Poor,2.0,1,2,1,100.0
Senior,0.0,4.0,7.0,Normal,Fair,0.0,77,80,3,3.9
Senior,0.0,4.0,7.0,Normal,Fair,1.0,1,1,0,0.0
Senior,0.0,4.0,7.0,Normal,Fair,2.0,8,8,0,0.0
Senior,0.0,4.0,7.0,Normal,Good,0.0,155,155,0,0.0
Senior,0.0,4.0,7.0,Normal,Good,1.0,1,1,0,0.0
Senior,0.0,4.0,7.0,Normal,Good,2.0,9,7,-2,22.22
Senior,0.0,4.0,7.0,Normal,Poor,0.0,26,26,0,0.0
Senior,0.0,4.0,7.0,Normal,Poor,1.0,1,0,-1,100.0
Senior,0.0,4.0,7.0,Normal,Poor,2.0,7,6,-1,14.29
Senior,0.0,4.0,7.0,Obese,Fair,0.0,62,61,-1,1.61
Senior,0.0,4.0,7.0,Obese,Fair,1.0,3,4,1,33.33
Senior,0.0,4.0,7.0,Obese,Fair,2.0,20,21,1,5.0
Senior,0.0,4.0,7.0,Obese,Good,0.0,76,73,-3,3.95
Senior,0.0,4.0,7.0,Obese,Good,1.0,2,2,0,0.0
Senior,0.0,4.0,7.0,Obese,Good,2.0,13,13,0,0.0
Senior,0.0,4.0,7.0,Obese,Poor,0.0,34,35,1,2.94
Senior,0.0,4.0,7.0,Obese,Poor,1.0,2,4,2,100.0
Senior,0.0,4.0,7.0,Obese,Poor,2.0,24,25,1,4.17
Senior,0.0,4.0,7.0,Overweight,Fair,0.0,95,94,-1,1.05
Senior,0.0,4.0,7.0,Overweight,Fair,1.0,2,2,0,0.0
Senior,0.0,4.0,7.0,Overweight,Fair,2.0,21,21,0,0.0
Senior,0.0,4.0,7.0,Overweight,Good,0.0,173,174,1,0.58
Senior,0.0,4.0,7.0,Overweight,Good,1.0,7,5,-2,28.57
Senior,0.0,4.0,7.0,Overweight,Good,2.0,17,17,0,0.0
Senior,0.0,4.0,7.0,Overweight,Poor,0.0,30,28,-2,6.67
Senior,0.0,4.0,7.0,Overweight,Poor,1.0,1,4,3,300.0
Senior,0.0,4.0,7.0,Overweight,Poor,2.0,14,14,0,0.0
Senior,0.0,4.0,7.0,Underweight,Fair,0.0,4,4,0,0.0
Senior,0.0,4.0,7.0,Underweight,Fair,1.0,1,1,0,0.0
Senior,0.0,4.0,7.0,Underweight,Fair,2.0,1,1,0,0.0
Senior,0.0,4.0,7.0,Underweight,Good,0.0,5,4,-1,20.0
Senior,0.0,4.0,7.0,Underweight,Poor,0.0,3,3,0,0.0
Senior,0.0,4.0,7.0,Underweight,Poor,2.0,2,0,-2,100.0
Senior,0.0,4.0,8.0,Normal,Fair,0.0,57,58,1,1.75
Senior,0.0,4.0,8.0,Normal,Fair,2.0,3,1,-2,66.67
Senior,0.0,4.0,8.0,Normal,Good,0.0,122,120,-2,1.64
Senior,0.0,4.0,8.0,Normal,Good,2.0,3,3,0,0.0
Senior,0.0,4.0,8.0,Normal,Poor,0.0,20,20,0,0.0
Senior,0.0,4.0,8.0,Normal,Poor,2.0,1,2,1,100.0
Senior,0.0,4.0,8.0,Obese,Fair,0.0,25,26,1,4.0
Senior,0.0,4.0,8.0,Obese,Fair,2.0,8,8,0,0.0
Senior,0.0,4.0,8.0,Obese,Good,0.0,41,41,0,0.0
Senior,0.0,4.0,8.0,Obese,Good,1.0,3,3,0,0.0
Senior,0.0,4.0,8.0,Obese,Good,2.0,4,5,1,25.0
Senior,0.0,4.0,8.0,Obese,Poor,0.0,9,7,-2,22.22
Senior,0.0,4.0,8.0,Obese,Poor,2.0,13,17,4,30.77
Senior,0.0,4.0,8.0,Overweight,Fair,0.0,66,66,0,0.0
Senior,0.0,4.0,8.0,Overweight,Fair,1.0,3,3,0,0.0
Senior,0.0,4.0,8.0,Overweight,Fair,2.0,8,7,-1,12.5
Senior,0.0,4.0,8.0,Overweight,Good,0.0,98,95,-3,3.06
Senior,0.0,4.0,8.0,Overweight,Good,1.0,2,2,0,0.0
Senior,0.0,4.0,8.0,Overweight,Good,2.0,7,7,0,0.0
Senior,0.0,4.0,8.0,Overweight,Poor,0.0,21,20,-1,4.76
Senior,0.0,4.0,8.0,Overweight,Poor,1.0,2,2,0,0.0
Senior,0.0,4.0,8.0,Overweight,Poor,2.0,8,9,1,12.5
Senior,0.0,4.0,8.0,Underweight,Good,0.0,6,7,1,16.67
Senior,0.0,5.0,1.0,Any,Fair,0.0,5,10,5,100.0
Senior,0.0,5.0,1.0,Any,Good,0.0,7,9,2,28.57
Senior,0.0,5.0,1.0,Any,Good,1.0,1,1,0,0.0
Senior,0.0,5.0,1.0,Normal,Fair,0.0,17,18,1,5.88
Senior,0.0,5.0,1.0,Normal,Fair,2.0,5,4,-1,20.0
Senior,0.0,5.0,1.0,Normal,Good,0.0,18,19,1,5.56
Senior,0.0,5.0,1.0,Normal,Good,1.0,1,2,1,100.0
Senior,0.0,5.0,1.0,Normal,Good,2.0,1,0,-1,100.0
Senior,0.0,5.0,1.0,Normal,Poor,0.0,24,22,-2,8.33
Senior,0.0,5.0,1.0,Normal,Poor,1.0,2,1,-1,50.0
Senior,0.0,5.0,1.0,Normal,Poor,2.0,4,4,0,0.0
Senior,0.0,5.0,1.0,Obese,Fair,0.0,14,11,-3,21.43
Senior,0.0,5.0,1.0,Obese,Fair,1.0,5,5,0,0.0
Senior,0.0,5.0,1.0,Obese,Fair,2.0,7,7,0,0.0
Senior,0.0,5.0,1.0,Obese,Good,0.0,10,7,-3,30.0
Senior,0.0,5.0,1.0,Obese,Good,2.0,1,1,0,0.0
Senior,0.0,5.0,1.0,Obese,Poor,0.0,24,26,2,8.33
Senior,0.0,5.0,1.0,Obese,Poor,1.0,1,1,0,0.0
Senior,0.0,5.0,1.0,Obese,Poor,2.0,22,22,0,0.0
Senior,0.0,5.0,1.0,Overweight,Fair,0.0,13,12,-1,7.69
Senior,0.0,5.0,1.0,Overweight,Fair,2.0,8,8,0,0.0
Senior,0.0,5.0,1.0,Overweight,Good,0.0,19,20,1,5.26
Senior,0.0,5.0,1.0,Overweight,Good,1.0,1,2,1,100.0
Senior,0.0,5.0,1.0,Overweight,Good,2.0,5,7,2,40.0
Senior,0.0,5.0,1.0,Overweight,Poor,0.0,24,23,-1,4.17
Senior,0.0,5.0,1.0,Overweight,Poor,1.0,2,2,0,0.0
Senior,0.0,5.0,1.0,Overweight,Poor,2.0,12,12,0,0.0
Senior,0.0,5.0,2.0,Any,Good,0.0,6,8,2,33.33
Senior,0.0,5.0,2.0,Any,Good,2.0,1,2,1,100.0
Senior,0.0,5.0,2.0,Normal,Fair,0.0,51,55,4,7.84
Senior,0.0,5.0,2.0,Normal,Fair,1.0,1,2,1,100.0
Senior,0.0,5.0,2.0,Normal,Fair,2.0,6,5,-1,16.67
Senior,0.0,5.0,2.0,Normal,Good,0.0,52,53,1,1.92
Senior,0.0,5.0,2.0,Normal,Good,1.0,1,1,0,0.0
Senior,0.0,5.0,2.0,Normal,Good,2.0,3,3,0,0.0
Senior,0.0,5.0,2.0,Normal,Poor,0.0,44,41,-3,6.82
Senior,0.0,5.0,2.0,Normal,Poor,1.0,2,0,-2,100.0
Senior,0.0,5.0,2.0,Normal,Poor,2.0,17,17,0,0.0
Senior,0.0,5.0,2.0,Obese,Fair,0.0,53,54,1,1.89
Senior,0.0,5.0,2.0,Obese,Fair,1.0,7,8,1,14.29
Senior,0.0,5.0,2.0,Obese,Fair,2.0,28,28,0,0.0
Senior,0.0,5.0,2.0,Obese,Good,0.0,42,42,0,0.0
Senior,0.0,5.0,2.0,Obese,Good,1.0,1,3,2,200.0
Senior,0.0,5.0,2.0,Obese,Good,2.0,8,7,-1,12.5
Senior,0.0,5.0,2.0,Obese,Poor,0.0,54,54,0,0.0
Senior,0.0,5.0,2.0,Obese,Poor,1.0,3,4,1,33.33
Senior,0.0,5.0,2.0,Obese,Poor,2.0,48,48,0,0.0
Senior,0.0,5.0,2.0,Overweight,Fair,0.0,49,47,-2,4.08
Senior,0.0,5.0,2.0,Overweight,Fair,1.0,3,3,0,0.0
Senior,0.0,5.0,2.0,Overweight,Fair,2.0,23,23,0,0.0
Senior,0.0,5.0,2.0,Overweight,Good,0.0,55,55,0,0.0
Senior,0.0,5.0,2.0,Overweight,Good,1.0,1,0,-1,100.0
Senior,0.0,5.0,2.0,Overweight,Good,2.0,9,11,2,22.22
Senior,0.0,5.0,2.0,Overweight,Poor,0.0,39,39,0,0.0
Senior,0.0,5.0,2.0,Overweight,Poor,1.0,1,1,0,0.0
Senior,0.0,5.0,2.0,Overweight,Poor,2.0,34,34,0,0.0
Senior,0.0,5.0,2.0,Underweight,Fair,0.0,9,9,0,0.0
Senior,0.0,5.0,2.0,Underweight,Poor,0.0,6,6,0,0.0
Senior,0.0,5.0,2.0,Underweight,Poor,2.0,1,1,0,0.0
Senior,0.0,5.0,3.0,Normal,Fair,0.0,94,93,-1,1.06
Senior,0.0,5.0,3.0,Normal,Fair,1.0,3,4,1,33.33
Senior,0.0,5.0,3.0,Normal,Fair,2.0,8,10,2,25.0
Senior,0.0,5.0,3.0,Normal,Good,0.0,117,117,0,0.0
Senior,0.0,5.0,3.0,Normal,Good,2.0,8,8,0,0.0
Senior,0.0,5.0,3.0,Normal,Poor,0.0,61,61,0,0.0
Senior,0.0,5.0,3.0,Normal,Poor,2.0,14,15,1,7.14
Senior,0.0,5.0,3.0,Obese,Fair,0.0,74,72,-2,2.7
Senior,0.0,5.0,3.0,Obese,Fair,1.0,4,2,-2,50.0
Senior,0.0,5.0,3.0,Obese,Fair,2.0,53,53,0,0.0
Senior,0.0,5.0,3.0,Obese,Good,0.0,62,62,0,0.0
Senior,0.0,5.0,3.0,Obese,Good,1.0,2,3,1,50.0
Senior,0.0,5.0,3.0,Obese,Good,2.0,25,25,0,0.0
Senior,0.0,5.0,3.0,Obese,Poor,0.0,59,58,-1,1.69
Senior,0.0,5.0,3.0,Obese,Poor,1.0,5,5,0,0.0
Senior,0.0,5.0,3.0,Obese,Poor,2.0,50,52,2,4.0
Senior,0.0,5.0,3.0,Overweight,Fair,0.0,95,94,-1,1.05
Senior,0.0,5.0,3.0,Overweight,Fair,1.0,5,6,1,20.0
Senior,0.0,5.0,3.0,Overweight,Fair,2.0,28,28,0,0.0
Senior,0.0,5.0,3.0,Overweight,Good,0.0,112,110,-2,1.79
Senior,0.0,5.0,3.0,Overweight,Good,1.0,3,3,0,0.0
Senior,0.0,5.0,3.0,Overweight,Good,2.0,24,22,-2,8.33
Senior,0.0,5.0,3.0,Overweight,Poor,0.0,59,58,-1,1.69
Senior,0.0,5.0,3.0,Overweight,Poor,1.0,2,2,0,0.0
Senior,0.0,5.0,3.0,Overweight,Poor,2.0,32,30,-2,6.25
Senior,0.0,5.0,3.0,Underweight,Fair,0.0,7,7,0,0.0
Senior,0.0,5.0,3.0,Underweight,Fair,1.0,1,3,2,200.0
Senior,0.0,5.0,3.0,Underweight,Good,0.0,10,12,2,20.0
Senior,0.0,5.0,3.0,Underweight,Poor,0.0,9,8,-1,11.11
Senior,0.0,5.0,3.0,Underweight,Poor,2.0,2,1,-1,50.0
Senior,0.0,5.0,4.0,Normal,Fair,0.0,152,152,0,0.0
Senior,0.0,5.0,4.0,Normal,Fair,1.0,3,4,1,33.33
Senior,0.0,5.0,4.0,Normal,Fair,2.0,16,15,-1,6.25
Senior,0.0,5.0,4.0,Normal,Good,0.0,170,169,-1,0.59
Senior,0.0,5.0,4.0,Normal,Good,1.0,3,0,-3,100.0
Senior,0.0,5.0,4.0,Normal,Good,2.0,9,12,3,33.33
Senior,0.0,5.0,4.0,Normal,Poor,0.0,88,88,0,0.0
Senior,0.0,5.0,4.0,Normal,Poor,1.0,2,2,0,0.0
Senior,0.0,5.0,4.0,Normal,Poor,2.0,13,13,0,0.0
Senior,0.0,5.0,4.0,Obese,Fair,0.0,83,85,2,2.41
Senior,0.0,5.0,4.0,Obese,Fair,1.0,8,8,0,0.0
Senior,0.0,5.0,4.0,Obese,Fair,2.0,59,58,-1,1.69
Senior,0.0,5.0,4.0,Obese,Good,0.0,117,117,0,0.0
Senior,0.0,5.0,4.0,Obese,Good,1.0,4,3,-1,25.0
Senior,0.0,5.0,4.0,Obese,Good,2.0,20,20,0,0.0
Senior,0.0,5.0,4.0,Obese,Poor,0.0,61,60,-1,1.64
Senior,0.0,5.0,4.0,Obese,Poor,1.0,3,1,-2,66.67
Senior,0.0,5.0,4.0,Obese,Poor,2.0,50,49,-1,2.0
Senior,0.0,5.0,4.0,Overweight,Fair,0.0,135,137,2,1.48
Senior,0.0,5.0,4.0,Overweight,Fair,1.0,7,7,0,0.0
Senior,0.0,5.0,4.0,Overweight,Fair,2.0,39,39,0,0.0
Senior,0.0,5.0,4.0,Overweight,Good,0.0,203,203,0,0.0
Senior,0.0,5.0,4.0,Overweight,Good,1.0,7,7,0,0.0
Senior,0.0,5.0,4.0,Overweight,Good,2.0,31,33,2,6.45
Senior,0.0,5.0,4.0,Overweight,Poor,0.0,73,75,2,2.74
Senior,0.0,5.0,4.0,Overweight,Poor,1.0,4,4,0,0.0
Senior,0.0,5.0,4.0,Overweight,Poor,2.0,44,40,-4,9.09
Senior,0.0,5.0,4.0,Underweight,Fair,0.0,12,13,1,8.33
Senior,0.0,5.0,4.0,Underweight,Good,0.0,19,15,-4,21.05
Senior,0.0,5.0,4.0,Underweight,Good,2.0,1,4,3,300.0
Senior,0.0,5.0,4.0,Underweight,Poor,0.0,12,12,0,0.0
Senior,0.0,5.0,5.0,Normal,Fair,0.0,134,134,0,0.0
Senior,0.0,5.0,5.0,Normal,Fair,1.0,5,6,1,20.0
Senior,0.0,5.0,5.0,Normal,Fair,2.0,28,27,-1,3.57
Senior,0.0,5.0,5.0,Normal,Good,0.0,278,279,1,0.36
Senior,0.0,5.0,5.0,Normal,Good,1.0,6,4,-2,33.33
Senior,0.0,5.0,5.0,Normal,Good,2.0,15,15,0,0.0
Senior,0.0,5.0,5.0,Normal,Poor,0.0,75,74,-1,1.33
Senior,0.0,5.0,5.0,Normal,Poor,1.0,1,0,-1,100.0
Senior,0.0,5.0,5.0,Normal,Poor,2.0,20,20,0,0.0
Senior,0.0,5.0,5.0,Obese,Fair,0.0,138,137,-1,0.72
Senior,0.0,5.0,5.0,Obese,Fair,1.0,6,5,-1,16.67
Senior,0.0,5.0,5.0,Obese,Fair,2.0,61,61,0,0.0
Senior,0.0,5.0,5.0,Obese,Good,0.0,151,150,-1,0.66
Senior,0.0,5.0,5.0,Obese,Good,1.0,5,4,-1,20.0
Senior,0.0,5.0,5.0,Obese,Good,2.0,23,24,1,4.35
Senior,0.0,5.0,5.0,Obese,Poor,0.0,67,67,0,0.0
Senior,0.0,5.0,5.0,Obese,Poor,1.0,7,4,-3,42.86
Senior,0.0,5.0,5.0,Obese,Poor,2.0,55,55,0,0.0
Senior,0.0,5.0,5.0,Overweight,Fair,0.0,184,184,0,0.0
Senior,0.0,5.0,5.0,Overweight,Fair,1.0,4,8,4,100.0
Senior,0.0,5.0,5.0,Overweight,Fair,2.0,51,51,0,0.0
Senior,0.0,5.0,5.0,Overweight,Good,0.0,303,302,-1,0.33
Senior,0.0,5.0,5.0,Overweight,Good,1.0,11,11,0,0.0
Senior,0.0,5.0,5.0,Overweight,Good,2.0,28,29,1,3.57
Senior,0.0,5.0,5.0,Overweight,Poor,0.0,67,67,0,0.0
Senior,0.0,5.0,5.0,Overweight,Poor,1.0,4,8,4,100.0
Senior,0.0,5.0,5.0,Overweight,Poor,2.0,39,39,0,0.0
Senior,0.0,5.0,5.0,Underweight,Fair,0.0,20,20,0,0.0
Senior,0.0,5.0,5.0,Underweight,Good,0.0,22,26,4,18.18
Senior,0.0,5.0,5.0,Underweight,Poor,0.0,9,9,0,0.0
Senior,0.0,5.0,5.0,Underweight,Poor,2.0,4,4,0,0.0
Senior,0.0,5.0,6.0,Normal,Fair,0.0,161,161,0,0.0
Senior,0.0,5.0,6.0,Normal,Fair,1.0,6,6,0,0.0
Senior,0.0,5.0,6.0,Normal,Fair,2.0,19,20,1,5.26
Senior,0.0,5.0,6.0,Normal,Good,0.0,317,317,0,0.0
Senior,0.0,5.0,6.0,Normal,Good,1.0,5,5,0,0.0
Senior,0.0,5.0,6.0,Normal,Good,2.0,15,14,-1,6.67
Senior,0.0,5.0,6.0,Normal,Poor,0.0,68,68,0,0.0
Senior,0.0,5.0,6.0,Normal,Poor,2.0,11,13,2,18.18
Senior,0.0,5.0,6.0,Obese,Fair,0.0,121,120,-1,0.83
Senior,0.0,5.0,6.0,Obese,Fair,1.0,8,8,0,0.0
Senior,0.0,5.0,6.0,Obese,Fair,2.0,58,60,2,3.45
Senior,0.0,5.0,6.0,Obese,Good,0.0,128,129,1,0.78
Senior,0.0,5.0,6.0,Obese,Good,1.0,6,7,1,16.67
Senior,0.0,5.0,6.0,Obese,Good,2.0,35,34,-1,2.86
Senior,0.0,5.0,6.0,Obese,Poor,0.0,62,59,-3,4.84
Senior,0.0,5.0,6.0,Obese,Poor,1.0,3,4,1,33.33
Senior,0.0,5.0,6.0,Obese,Poor,2.0,39,40,1,2.56
Senior,0.0,5.0,6.0,Overweight,Fair,0.0,195,194,-1,0.51
Senior,0.0,5.0,6.0,Overweight,Fair,1.0,9,9,0,0.0
Senior,0.0,5.0,6.0,Overweight,Fair,2.0,41,41,0,0.0
Senior,0.0,5.0,6.0,Overweight,Good,0.0,335,335,0,0.0
Senior,0.0,5.0,6.0,Overweight,Good,1.0,7,5,-2,28.57
Senior,0.0,5.0,6.0,Overweight,Good,2.0,35,33,-2,5.71
Senior,0.0,5.0,6.0,Overweight,Poor,0.0,53,55,2,3.77
Senior,0.0,5.0,6.0,Overweight,Poor,1.0,2,0,-2,100.0
Senior,0.0,5.0,6.0,Overweight,Poor,2.0,24,24,0,0.0
Senior,0.0,5.0,6.0,Underweight,Fair,0.0,11,10,-1,9.09
Senior,0.0,5.0,6.0,Underweight,Fair,2.0,2,0,-2,100.0
Senior,0.0,5.0,6.0,Underweight,Good,0.0,12,11,-1,8.33
Senior,0.0,5.0,6.0,Underweight,Good,2.0,1,3,2,200.0
Senior,0.0,5.0,6.0,Underweight,Poor,0.0,8,9,1,12.5
Senior,0.0,5.0,6.0,Underweight,Poor,2.0,1,0,-1,100.0
Senior,0.0,5.0,7.0,Normal,Fair,0.0,112,116,4,3.57
Senior,0.0,5.0,7.0,Normal,Fair,1.0,7,7,0,0.0
Senior,0.0,5.0,7.0,Normal,Fair,2.0,11,12,1,9.09
Senior,0.0,5.0,7.0,Normal,Good,0.0,271,272,1,0.37
Senior,0.0,5.0,7.0,Normal,Good,1.0,6,6,0,0.0
Senior,0.0,5.0,7.0,Normal,Good,2.0,7,8,1,14.29
Senior,0.0,5.0,7.0,Normal,Poor,0.0,39,40,1,2.56
Senior,0.0,5.0,7.0,Normal,Poor,1.0,1,1,0,0.0
Senior,0.0,5.0,7.0,Normal,Poor,2.0,10,12,2,20.0
Senior,0.0,5.0,7.0,Obese,Fair,0.0,78,78,0,0.0
Senior,0.0,5.0,7.0,Obese,Fair,1.0,3,2,-1,33.33
Senior,0.0,5.0,7.0,Obese,Fair,2.0,36,40,4,11.11
Senior,0.0,5.0,7.0,Obese,Good,0.0,91,90,-1,1.1
Senior,0.0,5.0,7.0,Obese,Good,1.0,4,6,2,50.0
Senior,0.0,5.0,7.0,Obese,Good,2.0,34,34,0,0.0
Senior,0.0,5.0,7.0,Obese,Poor,0.0,31,30,-1,3.23
Senior,0.0,5.0,7.0,Obese,Poor,1.0,2,2,0,0.0
Senior,0.0,5.0,7.0,Obese,Poor,2.0,24,24,0,0.0
Senior,0.0,5.0,7.0,Overweight,Fair,0.0,119,119,0,0.0
Senior,0.0,5.0,7.0,Overweight,Fair,1.0,3,6,3,100.0
Senior,0.0,5.0,7.0,Overweight,Fair,2.0,29,31,2,6.9
Senior,0.0,5.0,7.0,Overweight,Good,0.0,218,218,0,0.0
Senior,0.0,5.0,7.0,Overweight,Good,1.0,2,2,0,0.0
Senior,0.0,5.0,7.0,Overweight,Good,2.0,27,27,0,0.0
Senior,0.0,5.0,7.0,Overweight,Poor,0.0,35,35,0,0.0
Senior,0.0,5.0,7.0,Overweight,Poor,1.0,3,4,1,33.33
Senior,0.0,5.0,7.0,Overweight,Poor,2.0,12,13,1,8.33
Senior,0.0,5.0,7.0,Underweight,Fair,0.0,7,12,5,71.43
Senior,0.0,5.0,7.0,Underweight,Fair,2.0,1,2,1,100.0
Senior,0.0,5.0,7.0,Underweight,Good,0.0,14,14,0,0.0
Senior,0.0,5.0,8.0,Any,Poor,0.0,5,4,-1,20.0
Senior,0.0,5.0,8.0,Any,Poor,2.0,1,1,0,0.0
Senior,0.0,5.0,8.0,Normal,Fair,0.0,104,106,2,1.92
Senior,0.0,5.0,8.0,Normal,Fair,2.0,13,11,-2,15.38
Senior,0.0,5.0,8.0,Normal,Good,0.0,271,273,2,0.74
Senior,0.0,5.0,8.0,Normal,Good,1.0,4,5,1,25.0
Senior,0.0,5.0,8.0,Normal,Good,2.0,8,11,3,37.5
Senior,0.0,5.0,8.0,Normal,Poor,0.0,39,38,-1,2.56
Senior,0.0,5.0,8.0,Normal,Poor,2.0,4,7,3,75.0
Senior,0.0,5.0,8.0,Obese,Fair,0.0,48,49,1,2.08
Senior,0.0,5.0,8.0,Obese,Fair,1.0,3,4,1,33.33
Senior,0.0,5.0,8.0,Obese,Fair,2.0,18,19,1,5.56
Senior,0.0,5.0,8.0,Obese,Good,0.0,82,81,-1,1.22
Senior,0.0,5.0,8.0,Obese,Good,1.0,1,1,0,0.0
Senior,0.0,5.0,8.0,Obese,Good,2.0,12,13,1,8.33
Senior,0.0,5.0,8.0,Obese,Poor,0.0,21,20,-1,4.76
Senior,0.0,5.0,8.0,Obese,Poor,2.0,23,23,0,0.0
Senior,0.0,5.0,8.0,Overweight,Fair,0.0,104,105,1,0.96
Senior,0.0,5.0,8.0,Overweight,Fair,1.0,6,6,0,0.0
Senior,0.0,5.0,8.0,Overweight,Fair,2.0,21,21,0,0.0
Senior,0.0,5.0,8.0,Overweight,Good,0.0,230,230,0,0.0
Senior,0.0,5.0,8.0,Overweight,Good,1.0,4,6,2,50.0
Senior,0.0,5.0,8.0,Overweight,Good,2.0,28,28,0,0.0
Senior,0.0,5.0,8.0,Overweight,Poor,0.0,27,29,2,7.41
Senior,0.0,5.0,8.0,Overweight,Poor,1.0,2,4,2,100.0
Senior,0.0,5.0,8.0,Overweight,Poor,2.0,8,11,3,37.5
Senior,0.0,5.0,8.0,Underweight,Good,0.0,10,10,0,0.0
Senior,0.0,5.0,8.0,Underweight,Good,1.0,1,0,-1,100.0
Senior,0.0,6.0,1.0,Any,Fair,0.0,5,5,0,0.0
Senior,0.0,6.0,1.0,Any,Good,0.0,4,6,2,50.0
Senior,0.0,6.0,1.0,Any,Good,2.0,1,0,-1,100.0
Senior,0.0,6.0,1.0,Any,Poor,0.0,4,3,-1,25.0
Senior,0.0,6.0,1.0,Any,Poor,2.0,1,3,2,200.0
Senior,0.0,6.0,1.0,Normal,Fair,0.0,12,12,0,0.0
Senior,0.0,6.0,1.0,Normal,Fair,2.0,3,3,0,0.0
Senior,0.0,6.0,1.0,Normal,Good,0.0,12,12,0,0.0
Senior,0.0,6.0,1.0,Normal,Good,1.0,1,1,0,0.0
Senior,0.0,6.0,1.0,Normal,Poor,0.0,4,3,-1,25.0
Senior,0.0,6.0,1.0,Normal,Poor,1.0,1,3,2,200.0
Senior,0.0,6.0,1.0,Normal,Poor,2.0,2,2,0,0.0
Senior,0.0,6.0,1.0,Obese,Fair,0.0,9,9,0,0.0
Senior,0.0,6.0,1.0,Obese,Fair,2.0,3,4,1,33.33
Senior,0.0,6.0,1.0,Obese,Good,0.0,4,4,0,0.0
Senior,0.0,6.0,1.0,Obese,Good,2.0,3,2,-1,33.33
Senior,0.0,6.0,1.0,Obese,Poor,0.0,7,7,0,0.0
Senior,0.0,6.0,1.0,Obese,Poor,2.0,4,4,0,0.0
Senior,0.0,6.0,1.0,Overweight,Fair,0.0,4,4,0,0.0
Senior,0.0,6.0,1.0,Overweight,Fair,2.0,2,3,1,50.0
Senior,0.0,6.0,1.0,Overweight,Poor,0.0,9,9,0,0.0
Senior,0.0,6.0,1.0,Overweight,Poor,1.0,2,3,1,50.0
Senior,0.0,6.0,1.0,Overweight,Poor,2.0,4,4,0,0.0
Senior,0.0,6.0,2.0,Any,Fair,0.0,5,4,-1,20.0
Senior,0.0,6.0,2.0,Any,Good,0.0,5,4,-1,20.0
Senior,0.0,6.0,2.0,Normal,Fair,0.0,21,21,0,0.0
Senior,0.0,6.0,2.0,Normal,Fair,1.0,2,3,1,50.0
Senior,0.0,6.0,2.0,Normal,Fair,2.0,2,2,0,0.0
Senior,0.0,6.0,2.0,Normal,Good,0.0,36,36,0,0.0
Senior,0.0,6.0,2.0,Normal,Good,2.0,2,2,0,0.0
Senior,0.0,6.0,2.0,Normal,Poor,0.0,18,19,1,5.56
Senior,0.0,6.0,2.0,Normal,Poor,1.0,1,1,0,0.0
Senior,0.0,6.0,2.0,Normal,Poor,2.0,1,1,0,0.0
Senior,0.0,6.0,2.0,Obese,Fair,0.0,19,19,0,0.0
Senior,0.0,6.0,2.0,Obese,Fair,1.0,1,0,-1,100.0
Senior,0.0,6.0,2.0,Obese,Fair,2.0,7,7,0,0.0
Senior,0.0,6.0,2.0,Obese,Good,0.0,12,11,-1,8.33
Senior,0.0,6.0,2.0,Obese,Good,2.0,3,2,-1,33.33
Senior,0.0,6.0,2.0,Obese,Poor,0.0,12,10,-2,16.67
Senior,0.0,6.0,2.0,Obese,Poor,1.0,1,2,1,100.0
Senior,0.0,6.0,2.0,Obese,Poor,2.0,7,5,-2,28.57
Senior,0.0,6.0,2.0,Overweight,Fair,0.0,14,14,0,0.0
Senior,0.0,6.0,2.0,Overweight,Fair,1.0,1,3,2,200.0
Senior,0.0,6.0,2.0,Overweight,Fair,2.0,6,8,2,33.33
Senior,0.0,6.0,2.0,Overweight,Good,0.0,20,21,1,5.0
Senior,0.0,6.0,2.0,Overweight,Good,2.0,5,5,0,0.0
Senior,0.0,6.0,2.0,Overweight,Poor,0.0,16,19,3,18.75
Senior,0.0,6.0,2.0,Overweight,Poor,1.0,1,3,2,200.0
Senior,0.0,6.0,2.0,Overweight,Poor,2.0,7,8,1,14.29
Senior,0.0,6.0,3.0,Normal,Fair,0.0,32,32,0,0.0
Senior,0.0,6.0,3.0,Normal,Fair,1.0,1,0,-1,100.0
Senior,0.0,6.0,3.0,Normal,Fair,2.0,5,2,-3,60.0
Senior,0.0,6.0,3.0,Normal,Good,0.0,62,61,-1,1.61
Senior,0.0,6.0,3.0,Normal,Good,2.0,4,4,0,0.0
Senior,0.0,6.0,3.0,Normal,Poor,0.0,24,24,0,0.0
Senior,0.0,6.0,3.0,Normal,Poor,1.0,3,2,-1,33.33
Senior,0.0,6.0,3.0,Normal,Poor,2.0,5,5,0,0.0
Senior,0.0,6.0,3.0,Obese,Fair,0.0,28,28,0,0.0
Senior,0.0,6.0,3.0,Obese,Fair,1.0,3,3,0,0.0
Senior,0.0,6.0,3.0,Obese,Fair,2.0,15,16,1,6.67
Senior,0.0,6.0,3.0,Obese,Good,0.0,17,16,-1,5.88
Senior,0.0,6.0,3.0,Obese,Good,2.0,5,7,2,40.0
Senior,0.0,6.0,3.0,Obese,Poor,0.0,20,20,0,0.0
Senior,0.0,6.0,3.0,Obese,Poor,1.0,1,1,0,0.0
Senior,0.0,6.0,3.0,Obese,Poor,2.0,21,24,3,14.29
Senior,0.0,6.0,3.0,Overweight,Fair,0.0,51,53,2,3.92
Senior,0.0,6.0,3.0,Overweight,Fair,1.0,3,3,0,0.0
Senior,0.0,6.0,3.0,Overweight,Fair,2.0,4,5,1,25.0
Senior,0.0,6.0,3.0,Overweight,Good,0.0,50,47,-3,6.0
Senior,0.0,6.0,3.0,Overweight,Good,1.0,2,2,0,0.0
Senior,0.0,6.0,3.0,Overweight,Good,2.0,4,4,0,0.0
Senior,0.0,6.0,3.0,Overweight,Poor,0.0,29,30,1,3.45
Senior,0.0,6.0,3.0,Overweight,Poor,2.0,15,18,3,20.0
Senior,0.0,6.0,3.0,Underweight,Good,0.0,5,6,1,20.0
Senior,0.0,6.0,3.0,Underweight,Good,2.0,1,1,0,0.0
Senior,0.0,6.0,4.0,Any,Poor,0.0,5,4,-1,20.0
Senior,0.0,6.0,4.0,Any,Poor,2.0,1,0,-1,100.0
Senior,0.0,6.0,4.0,Normal,Fair,0.0,81,82,1,1.23
Senior,0.0,6.0,4.0,Normal,Fair,2.0,9,8,-1,11.11
Senior,0.0,6.0,4.0,Normal,Good,0.0,126,126,0,0.0
Senior,0.0,6.0,4.0,Normal,Good,1.0,1,1,0,0.0
Senior,0.0,6.0,4.0,Normal,Good,2.0,7,6,-1,14.29
Senior,0.0,6.0,4.0,Normal,Poor,0.0,33,37,4,12.12
Senior,0.0,6.0,4.0,Normal,Poor,1.0,1,0,-1,100.0
Senior,0.0,6.0,4.0,Normal,Poor,2.0,3,4,1,33.33
Senior,0.0,6.0,4.0,Obese,Fair,0.0,35,35,0,0.0
Senior,0.0,6.0,4.0,Obese,Fair,1.0,4,4,0,0.0
Senior,0.0,6.0,4.0,Obese,Fair,2.0,19,20,1,5.26
Senior,0.0,6.0,4.0,Obese,Good,0.0,45,45,0,0.0
Senior,0.0,6.0,4.0,Obese,Good,1.0,1,0,-1,100.0
Senior,0.0,6.0,4.0,Obese,Good,2.0,9,10,1,11.11
Senior,0.0,6.0,4.0,Obese,Poor,0.0,33,34,1,3.03
Senior,0.0,6.0,4.0,Obese,Poor,1.0,2,2,0,0.0
Senior,0.0,6.0,4.0,Obese,Poor,2.0,28,28,0,0.0
Senior,0.0,6.0,4.0,Overweight,Fair,0.0,58,60,2,3.45
Senior,0.0,6.0,4.0,Overweight,Fair,1.0,2,1,-1,50.0
Senior,0.0,6.0,4.0,Overweight,Fair,2.0,16,16,0,0.0
Senior,0.0,6.0,4.0,Overweight,Good,0.0,110,111,1,0.91
Senior,0.0,6.0,4.0,Overweight,Good,1.0,1,1,0,0.0
Senior,0.0,6.0,4.0,Overweight,Good,2.0,14,16,2,14.29
Senior,0.0,6.0,4.0,Overweight,Poor,0.0,36,37,1,2.78
Senior,0.0,6.0,4.0,Overweight,Poor,1.0,3,0,-3,100.0
Senior,0.0,6.0,4.0,Overweight,Poor,2.0,19,20,1,5.26
Senior,0.0,6.0,5.0,Normal,Fair,0.0,115,115,0,0.0
Senior,0.0,6.0,5.0,Normal,Fair,2.0,14,14,0,0.0
Senior,0.0,6.0,5.0,Normal,Good,0.0,243,243,0,0.0
Senior,0.0,6.0,5.0,Normal,Good,1.0,4,6,2,50.0
Senior,0.0,6.0,5.0,Normal,Good,2.0,12,13,1,8.33
Senior,0.0,6.0,5.0,Normal,Poor,0.0,51,50,-1,1.96
Senior,0.0,6.0,5.0,Normal,Poor,1.0,1,1,0,0.0
Senior,0.0,6.0,5.0,Normal,Poor,2.0,13,14,1,7.69
Senior,0.0,6.0,5.0,Obese,Fair,0.0,86,85,-1,1.16
Senior,0.0,6.0,5.0,Obese,Fair,1.0,4,4,0,0.0
Senior,0.0,6.0,5.0,Obese,Fair,2.0,41,43,2,4.88
Senior,0.0,6.0,5.0,Obese,Good,0.0,88,83,-5,5.68
Senior,0.0,6.0,5.0,Obese,Good,1.0,3,3,0,0.0
Senior,0.0,6.0,5.0,Obese,Good,2.0,22,21,-1,4.55
Senior,0.0,6.0,5.0,Obese,Poor,0.0,29,29,0,0.0
Senior,0.0,6.0,5.0,Obese,Poor,1.0,2,1,-1,50.0
Senior,0.0,6.0,5.0,Obese,Poor,2.0,42,42,0,0.0
Senior,0.0,6.0,5.0,Overweight,Fair,0.0,136,136,0,0.0
Senior,0.0,6.0,5.0,Overweight,Fair,1.0,5,5,0,0.0
Senior,0.0,6.0,5.0,Overweight,Fair,2.0,29,30,1,3.45
Senior,0.0,6.0,5.0,Overweight,Good,0.0,233,233,0,0.0
Senior,0.0,6.0,5.0,Overweight,Good,1.0,5,4,-1,20.0
Senior,0.0,6.0,5.0,Overweight,Good,2.0,15,15,0,0.0
Senior,0.0,6.0,5.0,Overweight,Poor,0.0,46,48,2,4.35
Senior,0.0,6.0,5.0,Overweight,Poor,1.0,3,3,0,0.0
Senior,0.0,6.0,5.0,Overweight,Poor,2.0,16,17,1,6.25
Senior,0.0,6.0,5.0,Underweight,Fair,0.0,6,1,-5,83.33
Senior,0.0,6.0,5.0,Underweight,Good,0.0,14,14,0,0.0
Senior,0.0,6.0,6.0,Normal,Fair,0.0,147,145,-2,1.36
Senior,0.0,6.0,6.0,Normal,Fair,1.0,5,4,-1,20.0
Senior,0.0,6.0,6.0,Normal,Fair,2.0,13,12,-1,7.69
Senior,0.0,6.0,6.0,Normal,Good,0.0,416,414,-2,0.48
Senior,0.0,6.0,6.0,Normal,Good,1.0,6,4,-2,33.33
Senior,0.0,6.0,6.0,Normal,Good,2.0,20,21,1,5.0
Senior,0.0,6.0,6.0,Normal,Poor,0.0,68,67,-1,1.47
Senior,0.0,6.0,6.0,Normal,Poor,1.0,1,1,0,0.0
Senior,0.0,6.0,6.0,Normal,Poor,2.0,8,8,0,0.0
Senior,0.0,6.0,6.0,Obese,Fair,0.0,130,127,-3,2.31
Senior,0.0,6.0,6.0,Obese,Fair,1.0,10,7,-3,30.0
Senior,0.0,6.0,6.0,Obese,Fair,2.0,69,70,1,1.45
Senior,0.0,6.0,6.0,Obese,Good,0.0,152,149,-3,1.97
Senior,0.0,6.0,6.0,Obese,Good,1.0,7,8,1,14.29
Senior,0.0,6.0,6.0,Obese,Good,2.0,35,36,1,2.86
Senior,0.0,6.0,6.0,Obese,Poor,0.0,48,48,0,0.0
Senior,0.0,6.0,6.0,Obese,Poor,1.0,3,4,1,33.33
Senior,0.0,6.0,6.0,Obese,Poor,2.0,39,39,0,0.0
Senior,0.0,6.0,6.0,Overweight,Fair,0.0,202,199,-3,1.49
Senior,0.0,6.0,6.0,Overweight,Fair,1.0,10,9,-1,10.0
Senior,0.0,6.0,6.0,Overweight,Fair,2.0,37,37,0,0.0
Senior,0.0,6.0,6.0,Overweight,Good,0.0,400,400,0,0.0
Senior,0.0,6.0,6.0,Overweight,Good,1.0,1,3,2,200.0
Senior,0.0,6.0,6.0,Overweight,Good,2.0,37,37,0,0.0
Senior,0.0,6.0,6.0,Overweight,Poor,0.0,67,67,0,0.0
Senior,0.0,6.0,6.0,Overweight,Poor,2.0,24,19,-5,20.83
Senior,0.0,6.0,6.0,Underweight,Fair,0.0,11,8,-3,27.27
Senior,0.0,6.0,6.0,Underweight,Fair,2.0,1,1,0,0.0
Senior,0.0,6.0,6.0,Underweight,Good,0.0,25,23,-2,8.0
Senior,0.0,6.0,6.0,Underweight,Good,2.0,2,0,-2,100.0
Senior,0.0,6.0,6.0,Underweight,Poor,0.0,6,9,3,50.0
Senior,0.0,6.0,6.0,Underweight,Poor,2.0,1,0,-1,100.0
Senior,0.0,6.0,7.0,Normal,Fair,0.0,175,175,0,0.0
Senior,0.0,6.0,7.0,Normal,Fair,1.0,3,3,0,0.0
Senior,0.0,6.0,7.0,Normal,Fair,2.0,14,14,0,0.0
Senior,0.0,6.0,7.0,Normal,Good,0.0,510,510,0,0.0
Senior,0.0,6.0,7.0,Normal,Good,1.0,9,5,-4,44.44
Senior,0.0,6.0,7.0,Normal,Good,2.0,19,20,1,5.26
Senior,0.0,6.0,7.0,Normal,Poor,0.0,49,49,0,0.0
Senior,0.0,6.0,7.0,Normal,Poor,1.0,1,0,-1,100.0
Senior,0.0,6.0,7.0,Normal,Poor,2.0,8,9,1,12.5
Senior,0.0,6.0,7.0,Obese,Fair,0.0,104,109,5,4.81
Senior,0.0,6.0,7.0,Obese,Fair,1.0,4,4,0,0.0
Senior,0.0,6.0,7.0,Obese,Fair,2.0,60,60,0,0.0
Senior,0.0,6.0,7.0,Obese,Good,0.0,166,166,0,0.0
Senior,0.0,6.0,7.0,Obese,Good,1.0,5,5,0,0.0
Senior,0.0,6.0,7.0,Obese,Good,2.0,37,33,-4,10.81
Senior,0.0,6.0,7.0,Obese,Poor,0.0,36,37,1,2.78
Senior,0.0,6.0,7.0,Obese,Poor,1.0,2,3,1,50.0
Senior,0.0,6.0,7.0,Obese,Poor,2.0,29,30,1,3.45
Senior,0.0,6.0,7.0,Overweight,Fair,0.0,197,202,5,2.54
Senior,0.0,6.0,7.0,Overweight,Fair,1.0,5,6,1,20.0
Senior,0.0,6.0,7.0,Overweight,Fair,2.0,33,34,1,3.03
Senior,0.0,6.0,7.0,Overweight,Good,0.0,417,415,-2,0.48
Senior,0.0,6.0,7.0,Overweight,Good,1.0,9,7,-2,22.22
Senior,0.0,6.0,7.0,Overweight,Good,2.0,21,20,-1,4.76
Senior,0.0,6.0,7.0,Overweight,Poor,0.0,50,52,2,4.0
Senior,0.0,6.0,7.0,Overweight,Poor,1.0,2,2,0,0.0
Senior,0.0,6.0,7.0,Overweight,Poor,2.0,27,27,0,0.0
Senior,0.0,6.0,7.0,Underweight,Fair,0.0,7,7,0,0.0
Senior,0.0,6.0,7.0,Underweight,Fair,2.0,1,0,-1,100.0
Senior,0.0,6.0,7.0,Underweight,Good,0.0,15,17,2,13.33
Senior,0.0,6.0,7.0,Underweight,Poor,0.0,5,6,1,20.0
Senior,0.0,6.0,8.0,Normal,Fair,0.0,215,215,0,0.0
Senior,0.0,6.0,8.0,Normal,Fair,1.0,5,7,2,40.0
Senior,0.0,6.0,8.0,Normal,Fair,2.0,26,26,0,0.0
Senior,0.0,6.0,8.0,Normal,Good,0.0,925,923,-2,0.22
Senior,0.0,6.0,8.0,Normal,Good,1.0,11,10,-1,9.09
Senior,0.0,6.0,8.0,Normal,Good,2.0,20,19,-1,5.0
Senior,0.0,6.0,8.0,Normal,Poor,0.0,64,64,0,0.0
Senior,0.0,6.0,8.0,Normal,Poor,2.0,15,13,-2,13.33
Senior,0.0,6.0,8.0,Obese,Fair,0.0,131,131,0,0.0
Senior,0.0,6.0,8.0,Obese,Fair,1.0,3,1,-2,66.67
Senior,0.0,6.0,8.0,Obese,Fair,2.0,45,44,-1,2.22
Senior,0.0,6.0,8.0,Obese,Good,0.0,217,218,1,0.46
Senior,0.0,6.0,8.0,Obese,Good,1.0,8,8,0,0.0
Senior,0.0,6.0,8.0,Obese,Good,2.0,33,32,-1,3.03
Senior,0.0,6.0,8.0,Obese,Poor,0.0,37,35,-2,5.41
Senior,0.0,6.0,8.0,Obese,Poor,1.0,5,6,1,20.0
Senior,0.0,6.0,8.0,Obese,Poor,2.0,10,9,-1,10.0
Senior,0.0,6.0,8.0,Overweight,Fair,0.0,207,206,-1,0.48
Senior,0.0,6.0,8.0,Overweight,Fair,1.0,8,8,0,0.0
Senior,0.0,6.0,8.0,Overweight,Fair,2.0,46,48,2,4.35
Senior,0.0,6.0,8.0,Overweight,Good,0.0,640,640,0,0.0
Senior,0.0,6.0,8.0,Overweight,Good,1.0,7,10,3,42.86
Senior,0.0,6.0,8.0,Overweight,Good,2.0,31,31,0,0.0
Senior,0.0,6.0,8.0,Overweight,Poor,0.0,43,44,1,2.33
Senior,0.0,6.0,8.0,Overweight,Poor,1.0,2,2,0,0.0
Senior,0.0,6.0,8.0,Overweight,Poor,2.0,16,17,1,6.25
Senior,0.0,6.0,8.0,Underweight,Fair,0.0,11,8,-3,27.27
Senior,0.0,6.0,8.0,Underweight,Good,0.0,43,44,1,2.33
Senior,0.0,6.0,8.0,Underweight,Good,2.0,1,1,0,0.0
Senior,0.0,6.0,8.0,Underweight,Poor,0.0,11,11,0,0.0
Senior,0.0,6.0,8.0,Underweight,Poor,1.0,1,0,-1,100.0
Senior,0.0,6.0,8.0,Underweight,Poor,2.0,1,2,1,100.0
Senior,1.0,1.0,2.0,Any,Poor,0.0,1,2,1,100.0
Senior,1.0,1.0,2.0,Any,Poor,2.0,4,5,1,25.0
Senior,1.0,2.0,1.0,Normal,Fair,0.0,4,5,1,25.0
Senior,1.0,2.0,1.0,Normal,Fair,2.0,1,1,0,0.0
Senior,1.0,2.0,1.0,Normal,Good,0.0,5,5,0,0.0
Senior,1.0,2.0,1.0,Normal,Poor,0.0,17,17,0,0.0
Senior,1.0,2.0,1.0,Normal,Poor,2.0,2,2,0,0.0
Senior,1.0,2.0,1.0,Obese,Fair,0.0,6,7,1,16.67
Senior,1.0,2.0,1.0,Obese,Fair,2.0,1,0,-1,100.0
Senior,1.0,2.0,1.0,Obese,Good,0.0,4,4,0,0.0
Senior,1.0,2.0,1.0,Obese,Good,2.0,2,0,-2,100.0
Senior,1.0,2.0,1.0,Obese,Poor,0.0,7,8,1,14.29
Senior,1.0,2.0,1.0,Obese,Poor,2.0,19,19,0,0.0
Senior,1.0,2.0,1.0,Overweight,Fair,0.0,9,9,0,0.0
Senior,1.0,2.0,1.0,Overweight,Fair,2.0,5,5,0,0.0
Senior,1.0,2.0,1.0,Overweight,Good,0.0,5,5,0,0.0
Senior,1.0,2.0,1.0,Overweight,Poor,0.0,10,10,0,0.0
Senior,1.0,2.0,1.0,Overweight,Poor,2.0,13,11,-2,15.38
Senior,1.0,2.0,2.0,Normal,Fair,0.0,4,5,1,25.0
Senior,1.0,2.0,2.0,Normal,Fair,2.0,1,2,1,100.0
Senior,1.0,2.0,2.0,Normal,Good,0.0,5,5,0,0.0
Senior,1.0,2.0,2.0,Normal,Good,2.0,1,1,0,0.0
Senior,1.0,2.0,2.0,Normal,Poor,0.0,6,5,-1,16.67
Senior,1.0,2.0,2.0,Normal,Poor,2.0,10,10,0,0.0
Senior,1.0,2.0,2.0,Obese,Fair,0.0,7,4,-3,42.86
Senior,1.0,2.0,2.0,Obese,Fair,2.0,3,0,-3,100.0
Senior,1.0,2.0,2.0,Obese,Good,0.0,2,2,0,0.0
Senior,1.0,2.0,2.0,Obese,Good,1.0,1,0,-1,100.0
Senior,1.0,2.0,2.0,Obese,Good,2.0,2,0,-2,100.0
Senior,1.0,2.0,2.0,Obese,Poor,0.0,8,8,0,0.0
Senior,1.0,2.0,2.0,Obese,Poor,1.0,1,0,-1,100.0
Senior,1.0,2.0,2.0,Obese,Poor,2.0,8,8,0,0.0
Senior,1.0,2.0,2.0,Overweight,Fair,0.0,9,9,0,0.0
Senior,1.0,2.0,2.0,Overweight,Fair,2.0,5,5,0,0.0
Senior,1.0,2.0,2.0,Overweight,Good,0.0,3,3,0,0.0
Senior,1.0,2.0,2.0,Overweight,Good,1.0,1,1,0,0.0
Senior,1.0,2.0,2.0,Overweight,Good,2.0,2,2,0,0.0
Senior,1.0,2.0,2.0,Overweight,Poor,0.0,18,18,0,0.0
Senior,1.0,2.0,2.0,Overweight,Poor,2.0,16,16,0,0.0
Senior,1.0,2.0,3.0,Normal,Fair,0.0,12,12,0,0.0
Senior,1.0,2.0,3.0,Normal,Poor,0.0,11,12,1,9.09
Senior,1.0,2.0,3.0,Normal,Poor,1.0,2,3,1,50.0
Senior,1.0,2.0,3.0,Normal,Poor,2.0,5,5,0,0.0
Senior,1.0,2.0,3.0,Normal-Range,Good,0.0,5,4,-1,20.0
Senior,1.0,2.0,3.0,Obese,Fair,0.0,6,7,1,16.67
Senior,1.0,2.0,3.0,Obese,Fair,1.0,2,2,0,0.0
Senior,1.0,2.0,3.0,Obese,Fair,2.0,5,5,0,0.0
Senior,1.0,2.0,3.0,Obese,Good,0.0,5,3,-2,40.0
Senior,1.0,2.0,3.0,Obese,Good,2.0,3,3,0,0.0
Senior,1.0,2.0,3.0,Obese,Poor,0.0,10,11,1,10.0
Senior,1.0,2.0,3.0,Obese,Poor,1.0,4,5,1,25.0
Senior,1.0,2.0,3.0,Obese,Poor,2.0,20,20,0,0.0
Senior,1.0,2.0,3.0,Overweight,Fair,0.0,15,13,-2,13.33
Senior,1.0,2.0,3.0,Overweight,Fair,1.0,1,0,-1,100.0
Senior,1.0,2.0,3.0,Overweight,Fair,2.0,4,4,0,0.0
Senior,1.0,2.0,3.0,Overweight,Good,0.0,10,10,0,0.0
Senior,1.0,2.0,3.0,Overweight,Poor,0.0,19,18,-1,5.26
Senior,1.0,2.0,3.0,Overweight,Poor,2.0,13,15,2,15.38
Senior,1.0,2.0,4.0,Normal,Fair,0.0,7,8,1,14.29
Senior,1.0,2.0,4.0,Normal,Good,0.0,11,11,0,0.0
Senior,1.0,2.0,4.0,Normal,Good,2.0,1,0,-1,100.0
Senior,1.0,2.0,4.0,Normal,Poor,0.0,9,7,-2,22.22
Senior,1.0,2.0,4.0,Normal,Poor,2.0,5,5,0,0.0
Senior,1.0,2.0,4.0,Obese,Fair,0.0,14,13,-1,7.14
Senior,1.0,2.0,4.0,Obese,Fair,1.0,1,2,1,100.0
Senior,1.0,2.0,4.0,Obese,Fair,2.0,4,4,0,0.0
Senior,1.0,2.0,4.0,Obese,Good,0.0,5,7,2,40.0
Senior,1.0,2.0,4.0,Obese,Good,2.0,1,0,-1,100.0
Senior,1.0,2.0,4.0,Obese,Poor,0.0,6,7,1,16.67
Senior,1.0,2.0,4.0,Obese,Poor,1.0,2,1,-1,50.0
Senior,1.0,2.0,4.0,Obese,Poor,2.0,8,10,2,25.0
Senior,1.0,2.0,4.0,Overweight,Fair,0.0,16,16,0,0.0
Senior,1.0,2.0,4.0,Overweight,Fair,1.0,1,1,0,0.0
Senior,1.0,2.0,4.0,Overweight,Fair,2.0,1,1,0,0.0
Senior,1.0,2.0,4.0,Overweight,Good,0.0,11,12,1,9.09
Senior,1.0,2.0,4.0,Overweight,Good,2.0,2,2,0,0.0
Senior,1.0,2.0,4.0,Overweight,Poor,0.0,12,10,-2,16.67
Senior,1.0,2.0,4.0,Overweight,Poor,2.0,15,15,0,0.0
Senior,1.0,2.0,5.0,Normal,Fair,0.0,4,4,0,0.0
Senior,1.0,2.0,5.0,Normal,Fair,2.0,1,1,0,0.0
Senior,1.0,2.0,5.0,Normal,Poor,0.0,5,6,1,20.0
Senior,1.0,2.0,5.0,Normal,Poor,1.0,1,0,-1,100.0
Senior,1.0,2.0,5.0,Normal,Poor,2.0,2,2,0,0.0
Senior,1.0,2.0,5.0,Obese,Fair,0.0,9,12,3,33.33
Senior,1.0,2.0,5.0,Obese,Fair,2.0,5,5,0,0.0
Senior,1.0,2.0,5.0,Obese,Good,0.0,9,9,0,0.0
Senior,1.0,2.0,5.0,Obese,Good,1.0,2,3,1,50.0
Senior,1.0,2.0,5.0,Obese,Good,2.0,2,1,-1,50.0
Senior,1.0,2.0,5.0,Obese,Poor,0.0,4,5,1,25.0
Senior,1.0,2.0,5.0,Obese,Poor,2.0,7,7,0,0.0
Senior,1.0,2.0,5.0,Overweight,Fair,0.0,15,14,-1,6.67
Senior,1.0,2.0,5.0,Overweight,Fair,2.0,5,4,-1,20.0
Senior,1.0,2.0,5.0,Overweight,Good,0.0,8,7,-1,12.5
Senior,1.0,2.0,5.0,Overweight,Good,2.0,2,4,2,100.0
Senior,1.0,2.0,5.0,Overweight,Poor,0.0,10,11,1,10.0
Senior,1.0,2.0,5.0,Overweight,Poor,2.0,7,7,0,0.0
Senior,1.0,2.0,6.0,Any,Good,0.0,5,6,1,20.0
Senior,1.0,2.0,6.0,Any,Good,2.0,1,1,0,0.0
Senior,1.0,2.0,6.0,Any,Poor,0.0,3,3,0,0.0
Senior,1.0,2.0,6.0,Any,Poor,2.0,2,2,0,0.0
Senior,1.0,2.0,6.0,Normal,Fair,0.0,7,7,0,0.0
Senior,1.0,2.0,6.0,Normal,Fair,2.0,1,2,1,100.0
Senior,1.0,2.0,6.0,Normal,Poor,0.0,2,3,1,50.0
Senior,1.0,2.0,6.0,Normal,Poor,2.0,3,6,3,100.0
Senior,1.0,2.0,6.0,Obese,Fair,0.0,5,5,0,0.0
Senior,1.0,2.0,6.0,Obese,Fair,2.0,3,3,0,0.0
Senior,1.0,2.0,6.0,Obese,Good,0.0,2,1,-1,50.0
Senior,1.0,2.0,6.0,Obese,Good,2.0,3,6,3,100.0
Senior,1.0,2.0,6.0,Overweight,Fair,0.0,7,6,-1,14.29
Senior,1.0,2.0,6.0,Overweight,Fair,2.0,4,3,-1,25.0
Senior,1.0,2.0,6.0,Overweight,Good,0.0,7,7,0,0.0
Senior,1.0,2.0,6.0,Overweight,Good,1.0,1,3,2,200.0
Senior,1.0,2.0,6.0,Overweight,Good,2.0,1,3,2,200.0
Senior,1.0,2.0,6.0,Overweight,Poor,0.0,8,10,2,25.0
Senior,1.0,2.0,6.0,Overweight,Poor,1.0,1,0,-1,100.0
Senior,1.0,2.0,6.0,Overweight,Poor,2.0,1,2,1,100.0
Senior,1.0,2.0,7.0,Normal,Fair,0.0,3,5,2,66.67
Senior,1.0,2.0,7.0,Normal,Fair,2.0,3,3,0,0.0
Senior,1.0,2.0,7.0,Obese,Good,0.0,5,5,0,0.0
Senior,1.0,2.0,7.0,Obese,Good,2.0,1,1,0,0.0
Senior,1.0,2.0,7.0,Overweight,Good,0.0,6,7,1,16.67
Senior,1.0,2.0,7.0,Overweight-Range,Fair,0.0,6,4,-2,33.33
Senior,1.0,2.0,7.0,Overweight-Range,Fair,2.0,1,2,1,100.0
Senior,1.0,2.0,7.0,Overweight-Range,Poor,0.0,4,5,1,25.0
Senior,1.0,2.0,7.0,Overweight-Range,Poor,2.0,2,2,0,0.0
Senior,1.0,2.0,8.0,Normal,Good,0.0,5,5,0,0.0
Senior,1.0,2.0,8.0,Obese,Poor,0.0,2,2,0,0.0
Senior,1.0,2.0,8.0,Obese,Poor,1.0,1,0,-1,100.0
Senior,1.0,2.0,8.0,Obese,Poor,2.0,2,1,-1,50.0
Senior,1.0,2.0,8.0,Overweight-Range,Fair,0.0,6,9,3,50.0
Senior,1.0,2.0,8.0,Overweight-Range,Good,0.0,5,5,0,0.0
Senior,1.0,2.0,8.0,Overweight-Range,Good,2.0,1,2,1,100.0
Senior,1.0,3.0,1.0,Any,Fair,0.0,5,1,-4,80.0
Senior,1.0,3.0,1.0,Any,Fair,1.0,1,2,1,100.0
Senior,1.0,3.0,1.0,Any,Fair,2.0,1,2,1,100.0
Senior,1.0,3.0,1.0,Any,Good,0.0,4,4,0,0.0
Senior,1.0,3.0,1.0,Any,Good,1.0,1,3,2,200.0
Senior,1.0,3.0,1.0,Normal,Fair,0.0,9,9,0,0.0
Senior,1.0,3.0,1.0,Normal,Fair,2.0,2,2,0,0.0
Senior,1.0,3.0,1.0,Normal,Poor,0.0,8,7,-1,12.5
Senior,1.0,3.0,1.0,Normal,Poor,2.0,4,4,0,0.0
Senior,1.0,3.0,1.0,Obese,Poor,0.0,4,5,1,25.0
Senior,1.0,3.0,1.0,Obese,Poor,1.0,1,1,0,0.0
Senior,1.0,3.0,1.0,Obese,Poor,2.0,6,7,1,16.67
Senior,1.0,3.0,1.0,Overweight,Fair,0.0,7,8,1,14.29
Senior,1.0,3.0,1.0,Overweight,Fair,1.0,1,1,0,0.0
Senior,1.0,3.0,1.0,Overweight,Fair,2.0,2,0,-2,100.0
Senior,1.0,3.0,1.0,Overweight,Good,0.0,8,9,1,12.5
Senior,1.0,3.0,1.0,Overweight,Good,2.0,1,2,1,100.0
Senior,1.0,3.0,1.0,Overweight,Poor,0.0,7,7,0,0.0
Senior,1.0,3.0,1.0,Overweight,Poor,1.0,1,2,1,100.0
Senior,1.0,3.0,1.0,Overweight,Poor,2.0,3,3,0,0.0
Senior,1.0,3.0,2.0,Any,Poor,0.0,5,6,1,20.0
Senior,1.0,3.0,2.0,Any,Poor,2.0,2,3,1,50.0
Senior,1.0,3.0,2.0,Normal,Fair,0.0,8,8,0,0.0
Senior,1.0,3.0,2.0,Normal,Fair,2.0,1,2,1,100.0
Senior,1.0,3.0,2.0,Normal,Good,0.0,7,8,1,14.29
Senior,1.0,3.0,2.0,Normal,Good,2.0,3,5,2,66.67
Senior,1.0,3.0,2.0,Normal,Poor,0.0,9,9,0,0.0
Senior,1.0,3.0,2.0,Normal,Poor,2.0,1,2,1,100.0
Senior,1.0,3.0,2.0,Obese,Fair,0.0,11,10,-1,9.09
Senior,1.0,3.0,2.0,Obese,Fair,1.0,1,1,0,0.0
Senior,1.0,3.0,2.0,Obese,Fair,2.0,7,8,1,14.29
Senior,1.0,3.0,2.0,Obese,Good,0.0,4,4,0,0.0
Senior,1.0,3.0,2.0,Obese,Good,2.0,1,0,-1,100.0
Senior,1.0,3.0,2.0,Obese,Poor,0.0,12,11,-1,8.33
Senior,1.0,3.0,2.0,Obese,Poor,1.0,2,2,0,0.0
Senior,1.0,3.0,2.0,Obese,Poor,2.0,12,13,1,8.33
Senior,1.0,3.0,2.0,Overweight,Fair,0.0,15,20,5,33.33
Senior,1.0,3.0,2.0,Overweight,Fair,1.0,1,1,0,0.0
Senior,1.0,3.0,2.0,Overweight,Fair,2.0,6,5,-1,16.67
Senior,1.0,3.0,2.0,Overweight,Good,0.0,7,8,1,14.29
Senior,1.0,3.0,2.0,Overweight,Poor,0.0,12,9,-3,25.0
Senior,1.0,3.0,2.0,Overweight,Poor,2.0,11,11,0,0.0
Senior,1.0,3.0,3.0,Normal,Fair,0.0,10,9,-1,10.0
Senior,1.0,3.0,3.0,Normal,Fair,2.0,2,2,0,0.0
Senior,1.0,3.0,3.0,Normal,Good,0.0,14,14,0,0.0
Senior,1.0,3.0,3.0,Normal,Good,2.0,2,2,0,0.0
Senior,1.0,3.0,3.0,Normal,Poor,0.0,14,12,-2,14.29
Senior,1.0,3.0,3.0,Normal,Poor,2.0,9,10,1,11.11
Senior,1.0,3.0,3.0,Obese,Fair,0.0,8,8,0,0.0
Senior,1.0,3.0,3.0,Obese,Fair,2.0,7,8,1,14.29
Senior,1.0,3.0,3.0,Obese,Good,0.0,9,8,-1,11.11
Senior,1.0,3.0,3.0,Obese,Good,2.0,7,6,-1,14.29
Senior,1.0,3.0,3.0,Obese,Poor,0.0,20,20,0,0.0
Senior,1.0,3.0,3.0,Obese,Poor,1.0,1,0,-1,100.0
Senior,1.0,3.0,3.0,Obese,Poor,2.0,20,22,2,10.0
Senior,1.0,3.0,3.0,Overweight,Fair,0.0,21,21,0,0.0
Senior,1.0,3.0,3.0,Overweight,Fair,1.0,2,0,-2,100.0
Senior,1.0,3.0,3.0,Overweight,Fair,2.0,11,10,-1,9.09
Senior,1.0,3.0,3.0,Overweight,Good,0.0,11,12,1,9.09
Senior,1.0,3.0,3.0,Overweight,Good,2.0,3,2,-1,33.33
Senior,1.0,3.0,3.0,Overweight,Poor,0.0,18,18,0,0.0
Senior,1.0,3.0,3.0,Overweight,Poor,1.0,3,2,-1,33.33
Senior,1.0,3.0,3.0,Overweight,Poor,2.0,7,7,0,0.0
Senior,1.0,3.0,4.0,Normal,Fair,0.0,10,11,1,10.0
Senior,1.0,3.0,4.0,Normal,Fair,2.0,5,3,-2,40.0
Senior,1.0,3.0,4.0,Normal,Good,0.0,10,8,-2,20.0
Senior,1.0,3.0,4.0,Normal,Good,2.0,2,0,-2,100.0
Senior,1.0,3.0,4.0,Normal,Poor,0.0,10,9,-1,10.0
Senior,1.0,3.0,4.0,Normal,Poor,2.0,8,8,0,0.0
Senior,1.0,3.0,4.0,Obese,Fair,0.0,12,12,0,0.0
Senior,1.0,3.0,4.0,Obese,Fair,1.0,2,2,0,0.0
Senior,1.0,3.0,4.0,Obese,Fair,2.0,19,19,0,0.0
Senior,1.0,3.0,4.0,Obese,Good,0.0,11,8,-3,27.27
Senior,1.0,3.0,4.0,Obese,Good,2.0,4,4,0,0.0
Senior,1.0,3.0,4.0,Obese,Poor,0.0,7,7,0,0.0
Senior,1.0,3.0,4.0,Obese,Poor,1.0,1,1,0,0.0
Senior,1.0,3.0,4.0,Obese,Poor,2.0,22,22,0,0.0
Senior,1.0,3.0,4.0,Overweight,Fair,0.0,22,22,0,0.0
Senior,1.0,3.0,4.0,Overweight,Fair,1.0,1,2,1,100.0
Senior,1.0,3.0,4.0,Overweight,Fair,2.0,7,6,-1,14.29
Senior,1.0,3.0,4.0,Overweight,Good,0.0,13,13,0,0.0
Senior,1.0,3.0,4.0,Overweight,Good,2.0,1,1,0,0.0
Senior,1.0,3.0,4.0,Overweight,Poor,0.0,17,16,-1,5.88
Senior,1.0,3.0,4.0,Overweight,Poor,1.0,1,1,0,0.0
Senior,1.0,3.0,4.0,Overweight,Poor,2.0,12,13,1,8.33
Senior,1.0,3.0,5.0,Normal,Fair,0.0,15,20,5,33.33
Senior,1.0,3.0,5.0,Normal,Fair,2.0,4,3,-1,25.0
Senior,1.0,3.0,5.0,Normal,Good,0.0,7,6,-1,14.29
Senior,1.0,3.0,5.0,Normal,Good,2.0,3,2,-1,33.33
Senior,1.0,3.0,5.0,Normal,Poor,0.0,7,6,-1,14.29
Senior,1.0,3.0,5.0,Normal,Poor,2.0,4,4,0,0.0
Senior,1.0,3.0,5.0,Obese,Fair,0.0,10,12,2,20.0
Senior,1.0,3.0,5.0,Obese,Fair,1.0,1,2,1,100.0
Senior,1.0,3.0,5.0,Obese,Fair,2.0,9,9,0,0.0
Senior,1.0,3.0,5.0,Obese,Good,0.0,8,11,3,37.5
Senior,1.0,3.0,5.0,Obese,Good,1.0,1,2,1,100.0
Senior,1.0,3.0,5.0,Obese,Good,2.0,2,3,1,50.0
Senior,1.0,3.0,5.0,Obese,Poor,0.0,10,7,-3,30.0
Senior,1.0,3.0,5.0,Obese,Poor,2.0,15,14,-1,6.67
Senior,1.0,3.0,5.0,Overweight,Fair,0.0,18,18,0,0.0
Senior,1.0,3.0,5.0,Overweight,Fair,1.0,4,0,-4,100.0
Senior,1.0,3.0,5.0,Overweight,Fair,2.0,6,6,0,0.0
Senior,1.0,3.0,5.0,Overweight,Good,0.0,19,19,0,0.0
Senior,1.0,3.0,5.0,Overweight,Good,1.0,1,1,0,0.0
Senior,1.0,3.0,5.0,Overweight,Good,2.0,5,5,0,0.0
Senior,1.0,3.0,5.0,Overweight,Poor,0.0,21,22,1,4.76
Senior,1.0,3.0,5.0,Overweight,Poor,1.0,2,1,-1,50.0
Senior,1.0,3.0,5.0,Overweight,Poor,2.0,8,11,3,37.5
Senior,1.0,3.0,6.0,Normal,Fair,0.0,6,5,-1,16.67
Senior,1.0,3.0,6.0,Normal,Fair,2.0,2,1,-1,50.0
Senior,1.0,3.0,6.0,Normal,Good,0.0,11,10,-1,9.09
Senior,1.0,3.0,6.0,Normal,Good,1.0,1,1,0,0.0
Senior,1.0,3.0,6.0,Normal,Good,2.0,3,5,2,66.67
Senior,1.0,3.0,6.0,Normal,Poor,0.0,8,8,0,0.0
Senior,1.0,3.0,6.0,Normal,Poor,2.0,2,4,2,100.0
Senior,1.0,3.0,6.0,Obese,Fair,0.0,11,11,0,0.0
Senior,1.0,3.0,6.0,Obese,Fair,1.0,1,1,0,0.0
Senior,1.0,3.0,6.0,Obese,Fair,2.0,10,9,-1,10.0
Senior,1.0,3.0,6.0,Obese,Good,0.0,4,4,0,0.0
Senior,1.0,3.0,6.0,Obese,Good,2.0,5,6,1,20.0
Senior,1.0,3.0,6.0,Obese,Poor,0.0,8,8,0,0.0
Senior,1.0,3.0,6.0,Obese,Poor,1.0,2,1,-1,50.0
Senior,1.0,3.0,6.0,Obese,Poor,2.0,7,8,1,14.29
Senior,1.0,3.0,6.0,Overweight,Fair,0.0,24,22,-2,8.33
Senior,1.0,3.0,6.0,Overweight,Fair,1.0,1,0,-1,100.0
Senior,1.0,3.0,6.0,Overweight,Fair,2.0,8,8,0,0.0
Senior,1.0,3.0,6.0,Overweight,Good,0.0,14,12,-2,14.29
Senior,1.0,3.0,6.0,Overweight,Good,1.0,3,1,-2,66.67
Senior,1.0,3.0,6.0,Overweight,Good,2.0,4,3,-1,25.0
Senior,1.0,3.0,6.0,Overweight,Poor,0.0,9,8,-1,11.11
Senior,1.0,3.0,6.0,Overweight,Poor,2.0,2,3,1,50.0
Senior,1.0,3.0,7.0,Obese,Fair,0.0,9,8,-1,11.11
Senior,1.0,3.0,7.0,Obese,Fair,1.0,1,1,0,0.0
Senior,1.0,3.0,7.0,Obese,Fair,2.0,2,5,3,150.0
Senior,1.0,3.0,7.0,Obese,Good,0.0,3,4,1,33.33
Senior,1.0,3.0,7.0,Obese,Good,1.0,1,2,1,100.0
Senior,1.0,3.0,7.0,Obese,Good,2.0,5,6,1,20.0
Senior,1.0,3.0,7.0,Obese,Poor,0.0,6,8,2,33.33
Senior,1.0,3.0,7.0,Obese,Poor,2.0,1,1,0,0.0
Senior,1.0,3.0,7.0,Overweight,Fair,0.0,5,7,2,40.0
Senior,1.0,3.0,7.0,Overweight,Fair,2.0,8,7,-1,12.5
Senior,1.0,3.0,7.0,Overweight,Good,0.0,16,16,0,0.0
Senior,1.0,3.0,7.0,Overweight,Good,1.0,1,1,0,0.0
Senior,1.0,3.0,7.0,Overweight,Good,2.0,1,1,0,0.0
Senior,1.0,3.0,7.0,Overweight,Poor,0.0,5,6,1,20.0
Senior,1.0,3.0,7.0,Overweight,Poor,2.0,1,1,0,0.0
Senior,1.0,3.0,8.0,Any,Poor,0.0,6,3,-3,50.0
Senior,1.0,3.0,8.0,Any,Poor,2.0,2,1,-1,50.0
Senior,1.0,3.0,8.0,Normal,Fair,0.0,7,6,-1,14.29
Senior,1.0,3.0,8.0,Normal,Fair,2.0,1,1,0,0.0
Senior,1.0,3.0,8.0,Obese,Good,0.0,6,7,1,16.67
Senior,1.0,3.0,8.0,Obese,Good,1.0,1,1,0,0.0
Senior,1.0,3.0,8.0,Obese,Good,2.0,4,5,1,25.0
Senior,1.0,3.0,8.0,Overweight,Fair,0.0,11,12,1,9.09
Senior,1.0,3.0,8.0,Overweight,Fair,2.0,4,4,0,0.0
Senior,1.0,3.0,8.0,Overweight,Good,0.0,9,9,0,0.0
Senior,1.0,3.0,8.0,Overweight,Good,2.0,2,2,0,0.0
Senior,1.0,3.0,8.0,Overweight,Poor,0.0,5,4,-1,20.0
Senior,1.0,3.0,8.0,Overweight,Poor,2.0,3,3,0,0.0
Senior,1.0,4.0,1.0,Normal,Fair,0.0,6,7,1,16.67
Senior,1.0,4.0,1.0,Normal,Fair,2.0,3,3,0,0.0
Senior,1.0,4.0,1.0,Normal,Good,0.0,6,5,-1,16.67
Senior,1.0,4.0,1.0,Normal,Poor,0.0,11,11,0,0.0
Senior,1.0,4.0,1.0,Normal,Poor,1.0,1,3,2,200.0
Senior,1.0,4.0,1.0,Normal,Poor,2.0,1,2,1,100.0
Senior,1.0,4.0,1.0,Obese,Fair,0.0,6,7,1,16.67
Senior,1.0,4.0,1.0,Obese,Fair,2.0,6,2,-4,66.67
Senior,1.0,4.0,1.0,Obese,Poor,0.0,4,3,-1,25.0
Senior,1.0,4.0,1.0,Obese,Poor,2.0,11,10,-1,9.09
Senior,1.0,4.0,1.0,Overweight,Fair,0.0,8,8,0,0.0
Senior,1.0,4.0,1.0,Overweight,Fair,2.0,4,5,1,25.0
Senior,1.0,4.0,1.0,Overweight,Good,0.0,11,10,-1,9.09
Senior,1.0,4.0,1.0,Overweight,Good,1.0,1,2,1,100.0
Senior,1.0,4.0,1.0,Overweight,Poor,0.0,17,19,2,11.76
Senior,1.0,4.0,1.0,Overweight,Poor,2.0,10,8,-2,20.0
Senior,1.0,4.0,2.0,Normal,Fair,0.0,23,22,-1,4.35
Senior,1.0,4.0,2.0,Normal,Fair,2.0,3,3,0,0.0
Senior,1.0,4.0,2.0,Normal,Good,0.0,21,20,-1,4.76
Senior,1.0,4.0,2.0,Normal,Good,1.0,1,2,1,100.0
Senior,1.0,4.0,2.0,Normal,Good,2.0,1,1,0,0.0
Senior,1.0,4.0,2.0,Normal,Poor,0.0,29,29,0,0.0
Senior,1.0,4.0,2.0,Normal,Poor,1.0,1,2,1,100.0
Senior,1.0,4.0,2.0,Normal,Poor,2.0,17,18,1,5.88
Senior,1.0,4.0,2.0,Obese,Fair,0.0,15,14,-1,6.67
Senior,1.0,4.0,2.0,Obese,Fair,1.0,3,2,-1,33.33
Senior,1.0,4.0,2.0,Obese,Fair,2.0,10,10,0,0.0
Senior,1.0,4.0,2.0,Obese,Good,0.0,14,14,0,0.0
Senior,1.0,4.0,2.0,Obese,Good,1.0,1,1,0,0.0
Senior,1.0,4.0,2.0,Obese,Good,2.0,7,0,-7,100.0
Senior,1.0,4.0,2.0,Obese,Poor,0.0,20,18,-2,10.0
Senior,1.0,4.0,2.0,Obese,Poor,1.0,2,2,0,0.0
Senior,1.0,4.0,2.0,Obese,Poor,2.0,23,23,0,0.0
Senior,1.0,4.0,2.0,Overweight,Fair,0.0,24,23,-1,4.17
Senior,1.0,4.0,2.0,Overweight,Fair,1.0,2,0,-2,100.0
Senior,1.0,4.0,2.0,Overweight,Fair,2.0,10,14,4,40.0
Senior,1.0,4.0,2.0,Overweight,Good,0.0,23,23,0,0.0
Senior,1.0,4.0,2.0,Overweight,Good,1.0,1,1,0,0.0
Senior,1.0,4.0,2.0,Overweight,Good,2.0,9,11,2,22.22
Senior,1.0,4.0,2.0,Overweight,Poor,0.0,23,27,4,17.39
Senior,1.0,4.0,2.0,Overweight,Poor,1.0,3,3,0,0.0
Senior,1.0,4.0,2.0,Overweight,Poor,2.0,26,25,-1,3.85
Senior,1.0,4.0,2.0,Underweight,Poor,0.0,5,7,2,40.0
Senior,1.0,4.0,3.0,Normal,Fair,0.0,40,39,-1,2.5
Senior,1.0,4.0,3.0,Normal,Fair,1.0,2,2,0,0.0
Senior,1.0,4.0,3.0,Normal,Fair,2.0,3,4,1,33.33
Senior,1.0,4.0,3.0,Normal,Good,0.0,35,36,1,2.86
Senior,1.0,4.0,3.0,Normal,Good,1.0,1,1,0,0.0
Senior,1.0,4.0,3.0,Normal,Good,2.0,6,1,-5,83.33
Senior,1.0,4.0,3.0,Normal,Poor,0.0,44,43,-1,2.27
Senior,1.0,4.0,3.0,Normal,Poor,2.0,11,11,0,0.0
Senior,1.0,4.0,3.0,Obese,Fair,0.0,25,24,-1,4.0
Senior,1.0,4.0,3.0,Obese,Fair,1.0,1,0,-1,100.0
Senior,1.0,4.0,3.0,Obese,Fair,2.0,29,29,0,0.0
Senior,1.0,4.0,3.0,Obese,Good,0.0,22,23,1,4.55
Senior,1.0,4.0,3.0,Obese,Good,1.0,2,2,0,0.0
Senior,1.0,4.0,3.0,Obese,Good,2.0,7,7,0,0.0
Senior,1.0,4.0,3.0,Obese,Poor,0.0,41,41,0,0.0
Senior,1.0,4.0,3.0,Obese,Poor,1.0,2,2,0,0.0
Senior,1.0,4.0,3.0,Obese,Poor,2.0,35,35,0,0.0
Senior,1.0,4.0,3.0,Overweight,Fair,0.0,57,57,0,0.0
Senior,1.0,4.0,3.0,Overweight,Fair,1.0,4,4,0,0.0
Senior,1.0,4.0,3.0,Overweight,Fair,2.0,25,23,-2,8.0
Senior,1.0,4.0,3.0,Overweight,Good,0.0,60,58,-2,3.33
Senior,1.0,4.0,3.0,Overweight,Good,1.0,1,5,4,400.0
Senior,1.0,4.0,3.0,Overweight,Good,2.0,6,6,0,0.0
Senior,1.0,4.0,3.0,Overweight,Poor,0.0,54,54,0,0.0
Senior,1.0,4.0,3.0,Overweight,Poor,1.0,6,7,1,16.67
Senior,1.0,4.0,3.0,Overweight,Poor,2.0,36,36,0,0.0
Senior,1.0,4.0,4.0,Any,Fair,0.0,4,5,1,25.0
Senior,1.0,4.0,4.0,Any,Fair,2.0,1,1,0,0.0
Senior,1.0,4.0,4.0,Normal,Fair,0.0,68,65,-3,4.41
Senior,1.0,4.0,4.0,Normal,Fair,1.0,4,3,-1,25.0
Senior,1.0,4.0,4.0,Normal,Fair,2.0,17,17,0,0.0
Senior,1.0,4.0,4.0,Normal,Good,0.0,53,52,-1,1.89
Senior,1.0,4.0,4.0,Normal,Good,1.0,2,0,-2,100.0
Senior,1.0,4.0,4.0,Normal,Good,2.0,13,13,0,0.0
Senior,1.0,4.0,4.0,Normal,Poor,0.0,60,60,0,0.0
Senior,1.0,4.0,4.0,Normal,Poor,2.0,24,24,0,0.0
Senior,1.0,4.0,4.0,Obese,Fair,0.0,67,67,0,0.0
Senior,1.0,4.0,4.0,Obese,Fair,1.0,4,4,0,0.0
Senior,1.0,4.0,4.0,Obese,Fair,2.0,42,42,0,0.0
Senior,1.0,4.0,4.0,Obese,Good,0.0,44,43,-1,2.27
Senior,1.0,4.0,4.0,Obese,Good,1.0,4,4,0,0.0
Senior,1.0,4.0,4.0,Obese,Good,2.0,23,23,0,0.0
Senior,1.0,4.0,4.0,Obese,Poor,0.0,53,57,4,7.55
Senior,1.0,4.0,4.0,Obese,Poor,1.0,4,5,1,25.0
Senior,1.0,4.0,4.0,Obese,Poor,2.0,53,50,-3,5.66
Senior,1.0,4.0,4.0,Overweight,Fair,0.0,98,100,2,2.04
Senior,1.0,4.0,4.0,Overweight,Fair,1.0,5,5,0,0.0
Senior,1.0,4.0,4.0,Overweight,Fair,2.0,47,48,1,2.13
Senior,1.0,4.0,4.0,Overweight,Good,0.0,91,91,0,0.0
Senior,1.0,4.0,4.0,Overweight,Good,1.0,3,3,0,0.0
Senior,1.0,4.0,4.0,Overweight,Good,2.0,20,19,-1,5.0
Senior,1.0,4.0,4.0,Overweight,Poor,0.0,65,66,1,1.54
Senior,1.0,4.0,4.0,Overweight,Poor,1.0,3,3,0,0.0
Senior,1.0,4.0,4.0,Overweight,Poor,2.0,48,48,0,0.0
Senior,1.0,4.0,5.0,Any,Good,0.0,5,4,-1,20.0
Senior,1.0,4.0,5.0,Normal,Fair,0.0,62,63,1,1.61
Senior,1.0,4.0,5.0,Normal,Fair,1.0,2,3,1,50.0
Senior,1.0,4.0,5.0,Normal,Fair,2.0,21,20,-1,4.76
Senior,1.0,4.0,5.0,Normal,Good,0.0,100,99,-1,1.0
Senior,1.0,4.0,5.0,Normal,Good,1.0,1,3,2,200.0
Senior,1.0,4.0,5.0,Normal,Good,2.0,13,13,0,0.0
Senior,1.0,4.0,5.0,Normal,Poor,0.0,71,71,0,0.0
Senior,1.0,4.0,5.0,Normal,Poor,1.0,1,2,1,100.0
Senior,1.0,4.0,5.0,Normal,Poor,2.0,19,20,1,5.26
Senior,1.0,4.0,5.0,Obese,Fair,0.0,89,86,-3,3.37
Senior,1.0,4.0,5.0,Obese,Fair,1.0,7,7,0,0.0
Senior,1.0,4.0,5.0,Obese,Fair,2.0,62,59,-3,4.84
Senior,1.0,4.0,5.0,Obese,Good,0.0,71,71,0,0.0
Senior,1.0,4.0,5.0,Obese,Good,1.0,5,5,0,0.0
Senior,1.0,4.0,5.0,Obese,Good,2.0,26,26,0,0.0
Senior,1.0,4.0,5.0,Obese,Poor,0.0,70,71,1,1.43
Senior,1.0,4.0,5.0,Obese,Poor,1.0,1,4,3,300.0
Senior,1.0,4.0,5.0,Obese,Poor,2.0,68,68,0,0.0
Senior,1.0,4.0,5.0,Overweight,Fair,0.0,138,139,1,0.72
Senior,1.0,4.0,5.0,Overweight,Fair,1.0,3,5,2,66.67
Senior,1.0,4.0,5.0,Overweight,Fair,2.0,46,46,0,0.0
Senior,1.0,4.0,5.0,Overweight,Good,0.0,145,145,0,0.0
Senior,1.0,4.0,5.0,Overweight,Good,1.0,5,5,0,0.0
Senior,1.0,4.0,5.0,Overweight,Good,2.0,24,25,1,4.17
Senior,1.0,4.0,5.0,Overweight,Poor,0.0,86,86,0,0.0
Senior,1.0,4.0,5.0,Overweight,Poor,1.0,2,0,-2,100.0
Senior,1.0,4.0,5.0,Overweight,Poor,2.0,44,45,1,2.27
Senior,1.0,4.0,5.0,Underweight,Poor,0.0,3,3,0,0.0
Senior,1.0,4.0,5.0,Underweight,Poor,2.0,2,1,-1,50.0
Senior,1.0,4.0,6.0,Any,Fair,0.0,5,7,2,40.0
Senior,1.0,4.0,6.0,Normal,Fair,0.0,76,78,2,2.63
Senior,1.0,4.0,6.0,Normal,Fair,1.0,3,2,-1,33.33
Senior,1.0,4.0,6.0,Normal,Fair,2.0,17,16,-1,5.88
Senior,1.0,4.0,6.0,Normal,Good,0.0,110,109,-1,0.91
Senior,1.0,4.0,6.0,Normal,Good,1.0,5,5,0,0.0
Senior,1.0,4.0,6.0,Normal,Good,2.0,15,18,3,20.0
Senior,1.0,4.0,6.0,Normal,Poor,0.0,57,57,0,0.0
Senior,1.0,4.0,6.0,Normal,Poor,1.0,1,0,-1,100.0
Senior,1.0,4.0,6.0,Normal,Poor,2.0,24,24,0,0.0
Senior,1.0,4.0,6.0,Obese,Fair,0.0,127,126,-1,0.79
Senior,1.0,4.0,6.0,Obese,Fair,1.0,4,4,0,0.0
Senior,1.0,4.0,6.0,Obese,Fair,2.0,64,62,-2,3.12
Senior,1.0,4.0,6.0,Obese,Good,0.0,107,107,0,0.0
Senior,1.0,4.0,6.0,Obese,Good,1.0,7,7,0,0.0
Senior,1.0,4.0,6.0,Obese,Good,2.0,28,29,1,3.57
Senior,1.0,4.0,6.0,Obese,Poor,0.0,65,64,-1,1.54
Senior,1.0,4.0,6.0,Obese,Poor,1.0,4,4,0,0.0
Senior,1.0,4.0,6.0,Obese,Poor,2.0,52,50,-2,3.85
Senior,1.0,4.0,6.0,Overweight,Fair,0.0,174,176,2,1.15
Senior,1.0,4.0,6.0,Overweight,Fair,1.0,12,12,0,0.0
Senior,1.0,4.0,6.0,Overweight,Fair,2.0,60,59,-1,1.67
Senior,1.0,4.0,6.0,Overweight,Good,0.0,210,209,-1,0.48
Senior,1.0,4.0,6.0,Overweight,Good,1.0,7,6,-1,14.29
Senior,1.0,4.0,6.0,Overweight,Good,2.0,25,26,1,4.0
Senior,1.0,4.0,6.0,Overweight,Poor,0.0,74,74,0,0.0
Senior,1.0,4.0,6.0,Overweight,Poor,1.0,6,7,1,16.67
Senior,1.0,4.0,6.0,Overweight,Poor,2.0,36,36,0,0.0
Senior,1.0,4.0,7.0,Normal,Fair,0.0,59,59,0,0.0
Senior,1.0,4.0,7.0,Normal,Fair,1.0,1,0,-1,100.0
Senior,1.0,4.0,7.0,Normal,Fair,2.0,8,9,1,12.5
Senior,1.0,4.0,7.0,Normal,Good,0.0,75,76,1,1.33
Senior,1.0,4.0,7.0,Normal,Good,2.0,4,4,0,0.0
Senior,1.0,4.0,7.0,Normal,Poor,0.0,29,28,-1,3.45
Senior,1.0,4.0,7.0,Normal,Poor,2.0,6,7,1,16.67
Senior,1.0,4.0,7.0,Obese,Fair,0.0,72,71,-1,1.39
Senior,1.0,4.0,7.0,Obese,Fair,1.0,7,5,-2,28.57
Senior,1.0,4.0,7.0,Obese,Fair,2.0,42,43,1,2.38
Senior,1.0,4.0,7.0,Obese,Good,0.0,98,98,0,0.0
Senior,1.0,4.0,7.0,Obese,Good,1.0,2,3,1,50.0
Senior,1.0,4.0,7.0,Obese,Good,2.0,24,24,0,0.0
Senior,1.0,4.0,7.0,Obese,Poor,0.0,33,31,-2,6.06
Senior,1.0,4.0,7.0,Obese,Poor,1.0,2,4,2,100.0
Senior,1.0,4.0,7.0,Obese,Poor,2.0,42,43,1,2.38
Senior,1.0,4.0,7.0,Overweight,Fair,0.0,121,120,-1,0.83
Senior,1.0,4.0,7.0,Overweight,Fair,1.0,6,6,0,0.0
Senior,1.0,4.0,7.0,Overweight,Fair,2.0,31,31,0,0.0
Senior,1.0,4.0,7.0,Overweight,Good,0.0,153,158,5,3.27
Senior,1.0,4.0,7.0,Overweight,Good,1.0,6,3,-3,50.0
Senior,1.0,4.0,7.0,Overweight,Good,2.0,25,25,0,0.0
Senior,1.0,4.0,7.0,Overweight,Poor,0.0,71,73,2,2.82
Senior,1.0,4.0,7.0,Overweight,Poor,1.0,3,3,0,0.0
Senior,1.0,4.0,7.0,Overweight,Poor,2.0,24,23,-1,4.17
Senior,1.0,4.0,8.0,Normal,Fair,0.0,36,38,2,5.56
Senior,1.0,4.0,8.0,Normal,Fair,1.0,1,4,3,300.0
Senior,1.0,4.0,8.0,Normal,Fair,2.0,7,8,1,14.29
Senior,1.0,4.0,8.0,Normal,Good,0.0,55,52,-3,5.45
Senior,1.0,4.0,8.0,Normal,Good,1.0,1,3,2,200.0
Senior,1.0,4.0,8.0,Normal,Good,2.0,5,5,0,0.0
Senior,1.0,4.0,8.0,Normal,Poor,0.0,11,13,2,18.18
Senior,1.0,4.0,8.0,Normal,Poor,2.0,5,4,-1,20.0
Senior,1.0,4.0,8.0,Obese,Fair,0.0,30,30,0,0.0
Senior,1.0,4.0,8.0,Obese,Fair,1.0,2,3,1,50.0
Senior,1.0,4.0,8.0,Obese,Fair,2.0,23,22,-1,4.35
Senior,1.0,4.0,8.0,Obese,Good,0.0,58,58,0,0.0
Senior,1.0,4.0,8.0,Obese,Good,2.0,21,19,-2,9.52
Senior,1.0,4.0,8.0,Obese,Poor,0.0,38,41,3,7.89
Senior,1.0,4.0,8.0,Obese,Poor,1.0,2,0,-2,100.0
Senior,1.0,4.0,8.0,Obese,Poor,2.0,19,20,1,5.26
Senior,1.0,4.0,8.0,Overweight,Fair,0.0,70,70,0,0.0
Senior,1.0,4.0,8.0,Overweight,Fair,1.0,1,2,1,100.0
Senior,1.0,4.0,8.0,Overweight,Fair,2.0,25,25,0,0.0
Senior,1.0,4.0,8.0,Overweight,Good,0.0,142,145,3,2.11
Senior,1.0,4.0,8.0,Overweight,Good,1.0,5,6,1,20.0
Senior,1.0,4.0,8.0,Overweight,Good,2.0,21,19,-2,9.52
Senior,1.0,4.0,8.0,Overweight,Poor,0.0,23,22,-1,4.35
Senior,1.0,4.0,8.0,Overweight,Poor,1.0,1,1,0,0.0
Senior,1.0,4.0,8.0,Overweight,Poor,2.0,10,10,0,0.0
Senior,1.0,5.0,1.0,Any,Poor,0.0,6,4,-2,33.33
Senior,1.0,5.0,1.0,Any,Poor,2.0,1,1,0,0.0
Senior,1.0,5.0,1.0,Normal,Fair,0.0,5,5,0,0.0
Senior,1.0,5.0,1.0,Normal,Fair,2.0,3,6,3,100.0
Senior,1.0,5.0,1.0,Normal,Good,0.0,6,6,0,0.0
Senior,1.0,5.0,1.0,Normal,Good,2.0,1,3,2,200.0
Senior,1.0,5.0,1.0,Normal,Poor,0.0,5,4,-1,20.0
Senior,1.0,5.0,1.0,Obese,Fair,0.0,6,6,0,0.0
Senior,1.0,5.0,1.0,Obese,Fair,2.0,5,6,1,20.0
Senior,1.0,5.0,1.0,Overweight,Fair,0.0,4,4,0,0.0
Senior,1.0,5.0,1.0,Overweight,Fair,2.0,1,0,-1,100.0
Senior,1.0,5.0,1.0,Overweight,Good,0.0,5,5,0,0.0
Senior,1.0,5.0,1.0,Overweight,Poor,0.0,5,5,0,0.0
Senior,1.0,5.0,1.0,Overweight,Poor,1.0,1,1,0,0.0
Senior,1.0,5.0,1.0,Overweight,Poor,2.0,1,1,0,0.0
Senior,1.0,5.0,2.0,Normal,Fair,0.0,8,8,0,0.0
Senior,1.0,5.0,2.0,Normal,Fair,2.0,5,5,0,0.0
Senior,1.0,5.0,2.0,Normal,Good,0.0,13,15,2,15.38
Senior,1.0,5.0,2.0,Normal,Good,2.0,1,0,-1,100.0
Senior,1.0,5.0,2.0,Normal,Poor,0.0,17,17,0,0.0
Senior,1.0,5.0,2.0,Normal,Poor,2.0,3,3,0,0.0
Senior,1.0,5.0,2.0,Obese,Fair,0.0,12,11,-1,8.33
Senior,1.0,5.0,2.0,Obese,Fair,1.0,2,2,0,0.0
Senior,1.0,5.0,2.0,Obese,Fair,2.0,8,8,0,0.0
Senior,1.0,5.0,2.0,Obese,Good,0.0,9,9,0,0.0
Senior,1.0,5.0,2.0,Obese,Good,1.0,2,6,4,200.0
Senior,1.0,5.0,2.0,Obese,Good,2.0,4,3,-1,25.0
Senior,1.0,5.0,2.0,Obese,Poor,0.0,14,16,2,14.29
Senior,1.0,5.0,2.0,Obese,Poor,1.0,2,2,0,0.0
Senior,1.0,5.0,2.0,Obese,Poor,2.0,11,10,-1,9.09
Senior,1.0,5.0,2.0,Overweight,Fair,0.0,16,13,-3,18.75
Senior,1.0,5.0,2.0,Overweight,Fair,1.0,1,1,0,0.0
Senior,1.0,5.0,2.0,Overweight,Fair,2.0,8,5,-3,37.5
Senior,1.0,5.0,2.0,Overweight,Good,0.0,23,22,-1,4.35
Senior,1.0,5.0,2.0,Overweight,Good,2.0,4,3,-1,25.0
Senior,1.0,5.0,2.0,Overweight,Poor,0.0,17,18,1,5.88
Senior,1.0,5.0,2.0,Overweight,Poor,1.0,1,0,-1,100.0
Senior,1.0,5.0,2.0,Overweight,Poor,2.0,8,7,-1,12.5
Senior,1.0,5.0,3.0,Any,Good,0.0,5,6,1,20.0
Senior,1.0,5.0,3.0,Normal,Fair,0.0,18,18,0,0.0
Senior,1.0,5.0,3.0,Normal,Fair,1.0,2,5,3,150.0
Senior,1.0,5.0,3.0,Normal,Fair,2.0,5,5,0,0.0
Senior,1.0,5.0,3.0,Normal,Good,0.0,17,18,1,5.88
Senior,1.0,5.0,3.0,Normal,Good,2.0,4,7,3,75.0
Senior,1.0,5.0,3.0,Normal,Poor,0.0,21,22,1,4.76
Senior,1.0,5.0,3.0,Normal,Poor,2.0,7,7,0,0.0
Senior,1.0,5.0,3.0,Obese,Fair,0.0,15,14,-1,6.67
Senior,1.0,5.0,3.0,Obese,Fair,1.0,2,3,1,50.0
Senior,1.0,5.0,3.0,Obese,Fair,2.0,15,15,0,0.0
Senior,1.0,5.0,3.0,Obese,Good,0.0,14,14,0,0.0
Senior,1.0,5.0,3.0,Obese,Good,1.0,1,0,-1,100.0
Senior,1.0,5.0,3.0,Obese,Good,2.0,7,11,4,57.14
Senior,1.0,5.0,3.0,Obese,Poor,0.0,19,16,-3,15.79
Senior,1.0,5.0,3.0,Obese,Poor,2.0,10,10,0,0.0
Senior,1.0,5.0,3.0,Overweight,Fair,0.0,28,28,0,0.0
Senior,1.0,5.0,3.0,Overweight,Fair,2.0,12,13,1,8.33
Senior,1.0,5.0,3.0,Overweight,Good,0.0,41,41,0,0.0
Senior,1.0,5.0,3.0,Overweight,Good,2.0,5,3,-2,40.0
Senior,1.0,5.0,3.0,Overweight,Poor,0.0,30,29,-1,3.33
Senior,1.0,5.0,3.0,Overweight,Poor,2.0,8,7,-1,12.5
Senior,1.0,5.0,4.0,Normal,Fair,0.0,29,30,1,3.45
Senior,1.0,5.0,4.0,Normal,Fair,1.0,1,0,-1,100.0
Senior,1.0,5.0,4.0,Normal,Fair,2.0,8,8,0,0.0
Senior,1.0,5.0,4.0,Normal,Good,0.0,55,55,0,0.0
Senior,1.0,5.0,4.0,Normal,Good,2.0,3,4,1,33.33
Senior,1.0,5.0,4.0,Normal,Poor,0.0,29,29,0,0.0
Senior,1.0,5.0,4.0,Normal,Poor,1.0,1,0,-1,100.0
Senior,1.0,5.0,4.0,Normal,Poor,2.0,7,9,2,28.57
Senior,1.0,5.0,4.0,Obese,Fair,0.0,21,19,-2,9.52
Senior,1.0,5.0,4.0,Obese,Fair,1.0,1,1,0,0.0
Senior,1.0,5.0,4.0,Obese,Fair,2.0,33,33,0,0.0
Senior,1.0,5.0,4.0,Obese,Good,0.0,25,24,-1,4.0
Senior,1.0,5.0,4.0,Obese,Good,1.0,3,4,1,33.33
Senior,1.0,5.0,4.0,Obese,Good,2.0,13,16,3,23.08
Senior,1.0,5.0,4.0,Obese,Poor,0.0,19,16,-3,15.79
Senior,1.0,5.0,4.0,Obese,Poor,1.0,2,2,0,0.0
Senior,1.0,5.0,4.0,Obese,Poor,2.0,38,36,-2,5.26
Senior,1.0,5.0,4.0,Overweight,Fair,0.0,49,50,1,2.04
Senior,1.0,5.0,4.0,Overweight,Fair,1.0,1,1,0,0.0
Senior,1.0,5.0,4.0,Overweight,Fair,2.0,23,23,0,0.0
Senior,1.0,5.0,4.0,Overweight,Good,0.0,58,58,0,0.0
Senior,1.0,5.0,4.0,Overweight,Good,1.0,3,3,0,0.0
Senior,1.0,5.0,4.0,Overweight,Good,2.0,13,15,2,15.38
Senior,1.0,5.0,4.0,Overweight,Poor,0.0,34,35,1,2.94
Senior,1.0,5.0,4.0,Overweight,Poor,1.0,2,2,0,0.0
Senior,1.0,5.0,4.0,Overweight,Poor,2.0,27,27,0,0.0
Senior,1.0,5.0,5.0,Any,Poor,0.0,5,5,0,0.0
Senior,1.0,5.0,5.0,Normal,Fair,0.0,65,65,0,0.0
Senior,1.0,5.0,5.0,Normal,Fair,1.0,1,1,0,0.0
Senior,1.0,5.0,5.0,Normal,Fair,2.0,8,7,-1,12.5
Senior,1.0,5.0,5.0,Normal,Good,0.0,70,70,0,0.0
Senior,1.0,5.0,5.0,Normal,Good,1.0,1,0,-1,100.0
Senior,1.0,5.0,5.0,Normal,Good,2.0,11,10,-1,9.09
Senior,1.0,5.0,5.0,Normal,Poor,0.0,42,43,1,2.38
Senior,1.0,5.0,5.0,Normal,Poor,1.0,2,3,1,50.0
Senior,1.0,5.0,5.0,Normal,Poor,2.0,19,20,1,5.26
Senior,1.0,5.0,5.0,Obese,Fair,0.0,57,59,2,3.51
Senior,1.0,5.0,5.0,Obese,Fair,1.0,6,7,1,16.67
Senior,1.0,5.0,5.0,Obese,Fair,2.0,41,45,4,9.76
Senior,1.0,5.0,5.0,Obese,Good,0.0,63,63,0,0.0
Senior,1.0,5.0,5.0,Obese,Good,1.0,3,3,0,0.0
Senior,1.0,5.0,5.0,Obese,Good,2.0,25,31,6,24.0
Senior,1.0,5.0,5.0,Obese,Poor,0.0,32,34,2,6.25
Senior,1.0,5.0,5.0,Obese,Poor,1.0,3,3,0,0.0
Senior,1.0,5.0,5.0,Obese,Poor,2.0,57,56,-1,1.75
Senior,1.0,5.0,5.0,Overweight,Fair,0.0,113,112,-1,0.88
Senior,1.0,5.0,5.0,Overweight,Fair,1.0,4,5,1,25.0
Senior,1.0,5.0,5.0,Overweight,Fair,2.0,42,41,-1,2.38
Senior,1.0,5.0,5.0,Overweight,Good,0.0,133,133,0,0.0
Senior,1.0,5.0,5.0,Overweight,Good,1.0,6,7,1,16.67
Senior,1.0,5.0,5.0,Overweight,Good,2.0,26,30,4,15.38
Senior,1.0,5.0,5.0,Overweight,Poor,0.0,48,48,0,0.0
Senior,1.0,5.0,5.0,Overweight,Poor,1.0,4,5,1,25.0
Senior,1.0,5.0,5.0,Overweight,Poor,2.0,36,34,-2,5.56
Senior,1.0,5.0,6.0,Any,Fair,0.0,5,5,0,0.0
Senior,1.0,5.0,6.0,Any,Poor,0.0,4,3,-1,25.0
Senior,1.0,5.0,6.0,Any,Poor,2.0,1,2,1,100.0
Senior,1.0,5.0,6.0,Normal,Fair,0.0,67,66,-1,1.49
Senior,1.0,5.0,6.0,Normal,Fair,2.0,13,14,1,7.69
Senior,1.0,5.0,6.0,Normal,Good,0.0,107,107,0,0.0
Senior,1.0,5.0,6.0,Normal,Good,1.0,3,2,-1,33.33
Senior,1.0,5.0,6.0,Normal,Good,2.0,14,14,0,0.0
Senior,1.0,5.0,6.0,Normal,Poor,0.0,29,33,4,13.79
Senior,1.0,5.0,6.0,Normal,Poor,2.0,17,15,-2,11.76
Senior,1.0,5.0,6.0,Obese,Fair,0.0,98,97,-1,1.02
Senior,1.0,5.0,6.0,Obese,Fair,1.0,7,11,4,57.14
Senior,1.0,5.0,6.0,Obese,Fair,2.0,65,66,1,1.54
Senior,1.0,5.0,6.0,Obese,Good,0.0,97,99,2,2.06
Senior,1.0,5.0,6.0,Obese,Good,1.0,4,5,1,25.0
Senior,1.0,5.0,6.0,Obese,Good,2.0,30,26,-4,13.33
Senior,1.0,5.0,6.0,Obese,Poor,0.0,41,41,0,0.0
Senior,1.0,5.0,6.0,Obese,Poor,1.0,2,2,0,0.0
Senior,1.0,5.0,6.0,Obese,Poor,2.0,47,47,0,0.0
Senior,1.0,5.0,6.0,Overweight,Fair,0.0,136,137,1,0.74
Senior,1.0,5.0,6.0,Overweight,Fair,1.0,6,8,2,33.33
Senior,1.0,5.0,6.0,Overweight,Fair,2.0,53,53,0,0.0
Senior,1.0,5.0,6.0,Overweight,Good,0.0,208,208,0,0.0
Senior,1.0,5.0,6.0,Overweight,Good,1.0,15,15,0,0.0
Senior,1.0,5.0,6.0,Overweight,Good,2.0,24,23,-1,4.17
Senior,1.0,5.0,6.0,Overweight,Poor,0.0,63,65,2,3.17
Senior,1.0,5.0,6.0,Overweight,Poor,1.0,4,4,0,0.0
Senior,1.0,5.0,6.0,Overweight,Poor,2.0,36,36,0,0.0
Senior,1.0,5.0,7.0,Any,Good,0.0,5,5,0,0.0
Senior,1.0,5.0,7.0,Any,Good,2.0,1,1,0,0.0
Senior,1.0,5.0,7.0,Normal,Fair,0.0,67,65,-2,2.99
Senior,1.0,5.0,7.0,Normal,Fair,1.0,3,4,1,33.33
Senior,1.0,5.0,7.0,Normal,Fair,2.0,19,19,0,0.0
Senior,1.0,5.0,7.0,Normal,Good,0.0,96,97,1,1.04
Senior,1.0,5.0,7.0,Normal,Good,1.0,2,6,4,200.0
Senior,1.0,5.0,7.0,Normal,Good,2.0,14,14,0,0.0
Senior,1.0,5.0,7.0,Normal,Poor,0.0,16,16,0,0.0
Senior,1.0,5.0,7.0,Normal,Poor,1.0,1,1,0,0.0
Senior,1.0,5.0,7.0,Normal,Poor,2.0,6,7,1,16.67
Senior,1.0,5.0,7.0,Obese,Fair,0.0,93,94,1,1.08
Senior,1.0,5.0,7.0,Obese,Fair,1.0,4,5,1,25.0
Senior,1.0,5.0,7.0,Obese,Fair,2.0,53,51,-2,3.77
Senior,1.0,5.0,7.0,Obese,Good,0.0,103,102,-1,0.97
Senior,1.0,5.0,7.0,Obese,Good,1.0,9,9,0,0.0
Senior,1.0,5.0,7.0,Obese,Good,2.0,35,35,0,0.0
Senior,1.0,5.0,7.0,Obese,Poor,0.0,39,40,1,2.56
Senior,1.0,5.0,7.0,Obese,Poor,1.0,2,1,-1,50.0
Senior,1.0,5.0,7.0,Obese,Poor,2.0,30,30,0,0.0
Senior,1.0,5.0,7.0,Overweight,Fair,0.0,109,109,0,0.0
Senior,1.0,5.0,7.0,Overweight,Fair,1.0,9,9,0,0.0
Senior,1.0,5.0,7.0,Overweight,Fair,2.0,43,42,-1,2.33
Senior,1.0,5.0,7.0,Overweight,Good,0.0,212,213,1,0.47
Senior,1.0,5.0,7.0,Overweight,Good,1.0,4,5,1,25.0
Senior,1.0,5.0,7.0,Overweight,Good,2.0,31,30,-1,3.23
Senior,1.0,5.0,7.0,Overweight,Poor,0.0,43,43,0,0.0
Senior,1.0,5.0,7.0,Overweight,Poor,1.0,1,0,-1,100.0
Senior,1.0,5.0,7.0,Overweight,Poor,2.0,26,27,1,3.85
Senior,1.0,5.0,8.0,Normal,Fair,0.0,39,41,2,5.13
Senior,1.0,5.0,8.0,Normal,Fair,2.0,7,8,1,14.29
Senior,1.0,5.0,8.0,Normal,Good,0.0,94,94,0,0.0
Senior,1.0,5.0,8.0,Normal,Good,1.0,2,3,1,50.0
Senior,1.0,5.0,8.0,Normal,Good,2.0,10,10,0,0.0
Senior,1.0,5.0,8.0,Normal,Poor,0.0,21,27,6,28.57
Senior,1.0,5.0,8.0,Normal,Poor,1.0,1,1,0,0.0
Senior,1.0,5.0,8.0,Normal,Poor,2.0,4,5,1,25.0
Senior,1.0,5.0,8.0,Obese,Fair,0.0,59,58,-1,1.69
Senior,1.0,5.0,8.0,Obese,Fair,1.0,3,2,-1,33.33
Senior,1.0,5.0,8.0,Obese,Fair,2.0,49,49,0,0.0
Senior,1.0,5.0,8.0,Obese,Good,0.0,99,95,-4,4.04
Senior,1.0,5.0,8.0,Obese,Good,1.0,3,3,0,0.0
Senior,1.0,5.0,8.0,Obese,Good,2.0,34,35,1,2.94
Senior,1.0,5.0,8.0,Obese,Poor,0.0,21,21,0,0.0
Senior,1.0,5.0,8.0,Obese,Poor,1.0,3,3,0,0.0
Senior,1.0,5.0,8.0,Obese,Poor,2.0,36,37,1,2.78
Senior,1.0,5.0,8.0,Overweight,Fair,0.0,104,102,-2,1.92
Senior,1.0,5.0,8.0,Overweight,Fair,1.0,4,3,-1,25.0
Senior,1.0,5.0,8.0,Overweight,Fair,2.0,38,38,0,0.0
Senior,1.0,5.0,8.0,Overweight,Good,0.0,240,241,1,0.42
Senior,1.0,5.0,8.0,Overweight,Good,1.0,7,7,0,0.0
Senior,1.0,5.0,8.0,Overweight,Good,2.0,37,38,1,2.7
Senior,1.0,5.0,8.0,Overweight,Poor,0.0,40,40,0,0.0
Senior,1.0,5.0,8.0,Overweight,Poor,2.0,25,26,1,4.0
Senior,1.0,6.0,1.0,Any,Poor,0.0,5,5,0,0.0
Senior,1.0,6.0,1.0,Any,Poor,2.0,1,1,0,0.0
Senior,1.0,6.0,1.0,Normal,Fair,0.0,4,4,0,0.0
Senior,1.0,6.0,1.0,Normal,Fair,1.0,1,0,-1,100.0
Senior,1.0,6.0,1.0,Normal,Fair,2.0,1,1,0,0.0
Senior,1.0,6.0,1.0,Normal,Good,0.0,6,7,1,16.67
Senior,1.0,6.0,1.0,Normal,Good,2.0,1,1,0,0.0
Senior,1.0,6.0,1.0,Obese,Fair,0.0,7,7,0,0.0
Senior,1.0,6.0,1.0,Obese,Fair,1.0,1,0,-1,100.0
Senior,1.0,6.0,1.0,Obese,Fair,2.0,2,7,5,250.0
Senior,1.0,6.0,1.0,Obese,Good,0.0,3,4,1,33.33
Senior,1.0,6.0,1.0,Obese,Good,2.0,2,3,1,50.0
Senior,1.0,6.0,1.0,Overweight,Fair,0.0,9,11,2,22.22
Senior,1.0,6.0,1.0,Overweight,Fair,2.0,1,0,-1,100.0
Senior,1.0,6.0,1.0,Overweight,Good,0.0,7,8,1,14.29
Senior,1.0,6.0,1.0,Overweight,Poor,0.0,5,6,1,20.0
Senior,1.0,6.0,1.0,Overweight,Poor,2.0,3,2,-1,33.33
Senior,1.0,6.0,2.0,Normal,Fair,0.0,17,17,0,0.0
Senior,1.0,6.0,2.0,Normal,Fair,2.0,1,2,1,100.0
Senior,1.0,6.0,2.0,Normal,Good,0.0,12,10,-2,16.67
Senior,1.0,6.0,2.0,Normal,Good,2.0,2,2,0,0.0
Senior,1.0,6.0,2.0,Normal,Poor,0.0,15,16,1,6.67
Senior,1.0,6.0,2.0,Normal,Poor,1.0,1,1,0,0.0
Senior,1.0,6.0,2.0,Obese,Fair,0.0,11,11,0,0.0
Senior,1.0,6.0,2.0,Obese,Fair,2.0,6,6,0,0.0
Senior,1.0,6.0,2.0,Obese,Good,0.0,6,6,0,0.0
Senior,1.0,6.0,2.0,Obese,Good,2.0,1,1,0,0.0
Senior,1.0,6.0,2.0,Obese,Poor,0.0,4,4,0,0.0
Senior,1.0,6.0,2.0,Obese,Poor,1.0,1,1,0,0.0
Senior,1.0,6.0,2.0,Obese,Poor,2.0,10,8,-2,20.0
Senior,1.0,6.0,2.0,Overweight,Fair,0.0,12,14,2,16.67
Senior,1.0,6.0,2.0,Overweight,Fair,1.0,1,0,-1,100.0
Senior,1.0,6.0,2.0,Overweight,Fair,2.0,6,6,0,0.0
Senior,1.0,6.0,2.0,Overweight,Good,0.0,9,10,1,11.11
Senior,1.0,6.0,2.0,Overweight,Good,2.0,6,6,0,0.0
Senior,1.0,6.0,2.0,Overweight,Poor,0.0,7,2,-5,71.43
Senior,1.0,6.0,2.0,Overweight,Poor,1.0,2,0,-2,100.0
Senior,1.0,6.0,2.0,Overweight,Poor,2.0,5,5,0,0.0
Senior,1.0,6.0,3.0,Normal,Fair,0.0,11,10,-1,9.09
Senior,1.0,6.0,3.0,Normal,Fair,1.0,1,1,0,0.0
Senior,1.0,6.0,3.0,Normal,Fair,2.0,3,6,3,100.0
Senior,1.0,6.0,3.0,Normal,Good,0.0,25,25,0,0.0
Senior,1.0,6.0,3.0,Normal,Good,2.0,4,4,0,0.0
Senior,1.0,6.0,3.0,Normal,Poor,0.0,15,15,0,0.0
Senior,1.0,6.0,3.0,Normal,Poor,2.0,2,2,0,0.0
Senior,1.0,6.0,3.0,Obese,Fair,0.0,14,13,-1,7.14
Senior,1.0,6.0,3.0,Obese,Fair,2.0,12,12,0,0.0
Senior,1.0,6.0,3.0,Obese,Good,0.0,5,5,0,0.0
Senior,1.0,6.0,3.0,Obese,Good,1.0,1,3,2,200.0
Senior,1.0,6.0,3.0,Obese,Good,2.0,4,4,0,0.0
Senior,1.0,6.0,3.0,Obese,Poor,0.0,5,5,0,0.0
Senior,1.0,6.0,3.0,Obese,Poor,2.0,18,18,0,0.0
Senior,1.0,6.0,3.0,Overweight,Fair,0.0,20,21,1,5.0
Senior,1.0,6.0,3.0,Overweight,Fair,1.0,1,5,4,400.0
Senior,1.0,6.0,3.0,Overweight,Fair,2.0,12,14,2,16.67
Senior,1.0,6.0,3.0,Overweight,Good,0.0,23,25,2,8.7
Senior,1.0,6.0,3.0,Overweight,Good,2.0,6,4,-2,33.33
Senior,1.0,6.0,3.0,Overweight,Poor,0.0,8,10,2,25.0
Senior,1.0,6.0,3.0,Overweight,Poor,1.0,1,1,0,0.0
Senior,1.0,6.0,3.0,Overweight,Poor,2.0,7,7,0,0.0
Senior,1.0,6.0,4.0,Normal,Fair,0.0,26,27,1,3.85
Senior,1.0,6.0,4.0,Normal,Fair,2.0,4,4,0,0.0
Senior,1.0,6.0,4.0,Normal,Good,0.0,53,52,-1,1.89
Senior,1.0,6.0,4.0,Normal,Good,2.0,2,0,-2,100.0
Senior,1.0,6.0,4.0,Normal,Poor,0.0,18,18,0,0.0
Senior,1.0,6.0,4.0,Normal,Poor,1.0,2,2,0,0.0
Senior,1.0,6.0,4.0,Normal,Poor,2.0,5,3,-2,40.0
Senior,1.0,6.0,4.0,Obese,Fair,0.0,17,18,1,5.88
Senior,1.0,6.0,4.0,Obese,Fair,1.0,1,2,1,100.0
Senior,1.0,6.0,4.0,Obese,Fair,2.0,17,16,-1,5.88
Senior,1.0,6.0,4.0,Obese,Good,0.0,26,28,2,7.69
Senior,1.0,6.0,4.0,Obese,Good,1.0,1,1,0,0.0
Senior,1.0,6.0,4.0,Obese,Good,2.0,7,8,1,14.29
Senior,1.0,6.0,4.0,Obese,Poor,0.0,12,12,0,0.0
Senior,1.0,6.0,4.0,Obese,Poor,1.0,1,3,2,200.0
Senior,1.0,6.0,4.0,Obese,Poor,2.0,12,11,-1,8.33
Senior,1.0,6.0,4.0,Overweight,Fair,0.0,41,42,1,2.44
Senior,1.0,6.0,4.0,Overweight,Fair,1.0,2,1,-1,50.0
Senior,1.0,6.0,4.0,Overweight,Fair,2.0,15,15,0,0.0
Senior,1.0,6.0,4.0,Overweight,Good,0.0,60,60,0,0.0
Senior,1.0,6.0,4.0,Overweight,Good,2.0,11,12,1,9.09
Senior,1.0,6.0,4.0,Overweight,Poor,0.0,30,28,-2,6.67
Senior,1.0,6.0,4.0,Overweight,Poor,1.0,1,0,-1,100.0
Senior,1.0,6.0,4.0,Overweight,Poor,2.0,13,13,0,0.0
Senior,1.0,6.0,5.0,Normal,Fair,0.0,69,70,1,1.45
Senior,1.0,6.0,5.0,Normal,Fair,1.0,2,2,0,0.0
Senior,1.0,6.0,5.0,Normal,Fair,2.0,13,13,0,0.0
Senior,1.0,6.0,5.0,Normal,Good,0.0,105,103,-2,1.9
Senior,1.0,6.0,5.0,Normal,Good,1.0,5,4,-1,20.0
Senior,1.0,6.0,5.0,Normal,Good,2.0,10,10,0,0.0
Senior,1.0,6.0,5.0,Normal,Poor,0.0,39,39,0,0.0
Senior,1.0,6.0,5.0,Normal,Poor,1.0,2,2,0,0.0
Senior,1.0,6.0,5.0,Normal,Poor,2.0,10,12,2,20.0
Senior,1.0,6.0,5.0,Obese,Fair,0.0,51,51,0,0.0
Senior,1.0,6.0,5.0,Obese,Fair,1.0,5,4,-1,20.0
Senior,1.0,6.0,5.0,Obese,Fair,2.0,26,27,1,3.85
Senior,1.0,6.0,5.0,Obese,Good,0.0,51,51,0,0.0
Senior,1.0,6.0,5.0,Obese,Good,1.0,3,2,-1,33.33
Senior,1.0,6.0,5.0,Obese,Good,2.0,24,25,1,4.17
Senior,1.0,6.0,5.0,Obese,Poor,0.0,20,22,2,10.0
Senior,1.0,6.0,5.0,Obese,Poor,2.0,31,30,-1,3.23
Senior,1.0,6.0,5.0,Overweight,Fair,0.0,80,81,1,1.25
Senior,1.0,6.0,5.0,Overweight,Fair,1.0,3,5,2,66.67
Senior,1.0,6.0,5.0,Overweight,Fair,2.0,30,32,2,6.67
Senior,1.0,6.0,5.0,Overweight,Good,0.0,128,128,0,0.0
Senior,1.0,6.0,5.0,Overweight,Good,1.0,6,4,-2,33.33
Senior,1.0,6.0,5.0,Overweight,Good,2.0,19,18,-1,5.26
Senior,1.0,6.0,5.0,Overweight,Poor,0.0,44,45,1,2.27
Senior,1.0,6.0,5.0,Overweight,Poor,1.0,1,0,-1,100.0
Senior,1.0,6.0,5.0,Overweight,Poor,2.0,32,31,-1,3.12
Senior,1.0,6.0,5.0,Underweight,Good,0.0,4,4,0,0.0
Senior,1.0,6.0,5.0,Underweight,Good,2.0,1,1,0,0.0
Senior,1.0,6.0,6.0,Any,Fair,0.0,4,4,0,0.0
Senior,1.0,6.0,6.0,Any,Fair,2.0,2,1,-1,50.0
Senior,1.0,6.0,6.0,Any,Good,0.0,7,7,0,0.0
Senior,1.0,6.0,6.0,Any,Good,1.0,1,1,0,0.0
Senior,1.0,6.0,6.0,Any,Poor,0.0,5,5,0,0.0
Senior,1.0,6.0,6.0,Any,Poor,2.0,1,3,2,200.0
Senior,1.0,6.0,6.0,Normal,Fair,0.0,115,114,-1,0.87
Senior,1.0,6.0,6.0,Normal,Fair,1.0,4,4,0,0.0
Senior,1.0,6.0,6.0,Normal,Fair,2.0,26,28,2,7.69
Senior,1.0,6.0,6.0,Normal,Good,0.0,218,220,2,0.92
Senior,1.0,6.0,6.0,Normal,Good,1.0,3,3,0,0.0
Senior,1.0,6.0,6.0,Normal,Good,2.0,20,20,0,0.0
Senior,1.0,6.0,6.0,Normal,Poor,0.0,53,53,0,0.0
Senior,1.0,6.0,6.0,Normal,Poor,1.0,3,4,1,33.33
Senior,1.0,6.0,6.0,Normal,Poor,2.0,15,13,-2,13.33
Senior,1.0,6.0,6.0,Obese,Fair,0.0,95,93,-2,2.11
Senior,1.0,6.0,6.0,Obese,Fair,1.0,8,8,0,0.0
Senior,1.0,6.0,6.0,Obese,Fair,2.0,81,80,-1,1.23
Senior,1.0,6.0,6.0,Obese,Good,0.0,122,122,0,0.0
Senior,1.0,6.0,6.0,Obese,Good,1.0,5,6,1,20.0
Senior,1.0,6.0,6.0,Obese,Good,2.0,45,42,-3,6.67
Senior,1.0,6.0,6.0,Obese,Poor,0.0,37,35,-2,5.41
Senior,1.0,6.0,6.0,Obese,Poor,1.0,5,5,0,0.0
Senior,1.0,6.0,6.0,Obese,Poor,2.0,43,43,0,0.0
Senior,1.0,6.0,6.0,Overweight,Fair,0.0,187,187,0,0.0
Senior,1.0,6.0,6.0,Overweight,Fair,1.0,4,3,-1,25.0
Senior,1.0,6.0,6.0,Overweight,Fair,2.0,66,66,0,0.0
Senior,1.0,6.0,6.0,Overweight,Good,0.0,313,314,1,0.32
Senior,1.0,6.0,6.0,Overweight,Good,1.0,18,17,-1,5.56
Senior,1.0,6.0,6.0,Overweight,Good,2.0,48,48,0,0.0
Senior,1.0,6.0,6.0,Overweight,Poor,0.0,69,68,-1,1.45
Senior,1.0,6.0,6.0,Overweight,Poor,1.0,3,3,0,0.0
Senior,1.0,6.0,6.0,Overweight,Poor,2.0,38,39,1,2.63
Senior,1.0,6.0,7.0,Normal,Fair,0.0,151,150,-1,0.66
Senior,1.0,6.0,7.0,Normal,Fair,1.0,7,7,0,0.0
Senior,1.0,6.0,7.0,Normal,Fair,2.0,42,39,-3,7.14
Senior,1.0,6.0,7.0,Normal,Good,0.0,327,325,-2,0.61
Senior,1.0,6.0,7.0,Normal,Good,1.0,4,4,0,0.0
Senior,1.0,6.0,7.0,Normal,Good,2.0,31,34,3,9.68
Senior,1.0,6.0,7.0,Normal,Poor,0.0,62,62,0,0.0
Senior,1.0,6.0,7.0,Normal,Poor,2.0,12,11,-1,8.33
Senior,1.0,6.0,7.0,Obese,Fair,0.0,140,141,1,0.71
Senior,1.0,6.0,7.0,Obese,Fair,1.0,14,14,0,0.0
Senior,1.0,6.0,7.0,Obese,Fair,2.0,79,81,2,2.53
Senior,1.0,6.0,7.0,Obese,Good,0.0,209,209,0,0.0
Senior,1.0,6.0,7.0,Obese,Good,1.0,11,13,2,18.18
Senior,1.0,6.0,7.0,Obese,Good,2.0,67,69,2,2.99
Senior,1.0,6.0,7.0,Obese,Poor,0.0,45,46,1,2.22
Senior,1.0,6.0,7.0,Obese,Poor,1.0,5,1,-4,80.0
Senior,1.0,6.0,7.0,Obese,Poor,2.0,63,61,-2,3.17
Senior,1.0,6.0,7.0,Overweight,Fair,0.0,251,249,-2,0.8
Senior,1.0,6.0,7.0,Overweight,Fair,1.0,12,12,0,0.0
Senior,1.0,6.0,7.0,Overweight,Fair,2.0,64,65,1,1.56
Senior,1.0,6.0,7.0,Overweight,Good,0.0,548,550,2,0.36
Senior,1.0,6.0,7.0,Overweight,Good,1.0,14,15,1,7.14
Senior,1.0,6.0,7.0,Overweight,Good,2.0,72,71,-1,1.39
Senior,1.0,6.0,7.0,Overweight,Poor,0.0,90,89,-1,1.11
Senior,1.0,6.0,7.0,Overweight,Poor,1.0,3,3,0,0.0
Senior,1.0,6.0,7.0,Overweight,Poor,2.0,36,35,-1,2.78
Senior,1.0,6.0,7.0,Underweight,Good,0.0,6,5,-1,16.67
Senior,1.0,6.0,8.0,Any,Poor,0.0,5,3,-2,40.0
Senior,1.0,6.0,8.0,Any,Poor,2.0,1,2,1,100.0
Senior,1.0,6.0,8.0,Normal,Fair,0.0,281,281,0,0.0
Senior,1.0,6.0,8.0,Normal,Fair,1.0,8,7,-1,12.5
Senior,1.0,6.0,8.0,Normal,Fair,2.0,65,65,0,0.0
Senior,1.0,6.0,8.0,Normal,Good,0.0,879,879,0,0.0
Senior,1.0,6.0,8.0,Normal,Good,1.0,13,13,0,0.0
Senior,1.0,6.0,8.0,Normal,Good,2.0,62,62,0,0.0
Senior,1.0,6.0,8.0,Normal,Poor,0.0,98,98,0,0.0
Senior,1.0,6.0,8.0,Normal,Poor,1.0,2,2,0,0.0
Senior,1.0,6.0,8.0,Normal,Poor,2.0,28,27,-1,3.57
Senior,1.0,6.0,8.0,Obese,Fair,0.0,261,261,0,0.0
Senior,1.0,6.0,8.0,Obese,Fair,1.0,17,17,0,0.0
Senior,1.0,6.0,8.0,Obese,Fair,2.0,137,134,-3,2.19
Senior,1.0,6.0,8.0,Obese,Good,0.0,491,494,3,0.61
Senior,1.0,6.0,8.0,Obese,Good,1.0,19,20,1,5.26
Senior,1.0,6.0,8.0,Obese,Good,2.0,118,118,0,0.0
Senior,1.0,6.0,8.0,Obese,Poor,0.0,74,74,0,0.0
Senior,1.0,6.0,8.0,Obese,Poor,1.0,6,7,1,16.67
Senior,1.0,6.0,8.0,Obese,Poor,2.0,75,75,0,0.0
Senior,1.0,6.0,8.0,Overweight,Fair,0.0,490,490,0,0.0
Senior,1.0,6.0,8.0,Overweight,Fair,1.0,19,17,-2,10.53
Senior,1.0,6.0,8.0,Overweight,Fair,2.0,124,124,0,0.0
Senior,1.0,6.0,8.0,Overweight,Good,0.0,1390,1392,2,0.14
Senior,1.0,6.0,8.0,Overweight,Good,1.0,25,24,-1,4.0
Senior,1.0,6.0,8.0,Overweight,Good,2.0,172,172,0,0.0
Senior,1.0,6.0,8.0,Overweight,Poor,0.0,150,150,0,0.0
Senior,1.0,6.0,8.0,Overweight,Poor,1.0,2,2,0,0.0
Senior,1.0,6.0,8.0,Overweight,Poor,2.0,55,56,1,1.82
Senior,1.0,6.0,8.0,Underweight,Fair,0.0,5,6,1,20.0
Senior,1.0,6.0,8.0,Underweight,Good,0.0,9,10,1,11.11
Young,0.0,2.0,1.0,Any,Fair,0.0,5,5,0,0.0
Young,0.0,2.0,1.0,Obese,Fair,0.0,4,0,-4,100.0
Young,0.0,2.0,1.0,Obese,Fair,2.0,2,0,-2,100.0
Young,0.0,2.0,1.0,Overweight-Range,Good,0.0,5,5,0,0.0
Young,0.0,2.0,1.0,Overweight-Range,Good,2.0,1,1,0,0.0
Young,0.0,2.0,1.0,Overweight-Range,Poor,0.0,4,5,1,25.0
Young,0.0,2.0,1.0,Overweight-Range,Poor,1.0,1,1,0,0.0
Young,0.0,2.0,1.0,Overweight-Range,Poor,2.0,2,2,0,0.0
Young,0.0,2.0,2.0,Obese,Fair,0.0,5,3,-2,40.0
Young,0.0,2.0,2.0,Obese,Poor,0.0,3,2,-1,33.33
Young,0.0,2.0,2.0,Obese,Poor,1.0,1,0,-1,100.0
Young,0.0,2.0,2.0,Obese,Poor,2.0,1,0,-1,100.0
Young,0.0,2.0,3.0,Obese,Poor,0.0,5,5,0,0.0
Young,0.0,2.0,3.0,Overweight-Range,Fair,0.0,6,5,-1,16.67
Young,0.0,2.0,3.0,Overweight-Range,Fair,1.0,1,3,2,200.0
Young,0.0,2.0,4.0,Overweight-Range,Fair,0.0,4,3,-1,25.0
Young,0.0,2.0,4.0,Overweight-Range,Fair,2.0,1,0,-1,100.0
Young,0.0,2.0,5.0,Overweight-Range,Poor,0.0,4,5,1,25.0
Young,0.0,2.0,5.0,Overweight-Range,Poor,2.0,1,2,1,100.0
Young,0.0,2.0,6.0,Any,Good,0.0,5,5,0,0.0
Young,0.0,3.0,1.0,Normal,Fair,0.0,10,13,3,30.0
Young,0.0,3.0,1.0,Normal,Fair,2.0,2,2,0,0.0
Young,0.0,3.0,1.0,Normal,Good,0.0,5,5,0,0.0
Young,0.0,3.0,1.0,Normal,Good,2.0,1,7,6,600.0
Young,0.0,3.0,1.0,Normal,Poor,0.0,5,5,0,0.0
Young,0.0,3.0,1.0,Obese,Fair,0.0,6,5,-1,16.67
Young,0.0,3.0,1.0,Obese,Good,0.0,12,11,-1,8.33
Young,0.0,3.0,1.0,Obese,Good,2.0,1,1,0,0.0
Young,0.0,3.0,1.0,Obese,Poor,0.0,8,8,0,0.0
Young,0.0,3.0,1.0,Obese,Poor,2.0,5,5,0,0.0
Young,0.0,3.0,1.0,Overweight,Fair,0.0,15,15,0,0.0
Young,0.0,3.0,1.0,Overweight,Good,0.0,7,7,0,0.0
Young,0.0,3.0,1.0,Overweight,Poor,0.0,4,4,0,0.0
Young,0.0,3.0,1.0,Overweight,Poor,2.0,1,2,1,100.0
Young,0.0,3.0,2.0,Normal,Good,0.0,5,6,1,20.0
Young,0.0,3.0,2.0,Obese,Fair,0.0,9,9,0,0.0
Young,0.0,3.0,2.0,Obese,Poor,0.0,5,3,-2,40.0
Young,0.0,3.0,2.0,Obese,Poor,1.0,1,1,0,0.0
Young,0.0,3.0,2.0,Obese,Poor,2.0,1,2,1,100.0
Young,0.0,3.0,2.0,Overweight,Fair,0.0,5,5,0,0.0
Young,0.0,3.0,2.0,Overweight,Poor,0.0,5,5,0,0.0
Young,0.0,3.0,2.0,Overweight-Range,Good,0.0,8,9,1,12.5
Young,0.0,3.0,3.0,Normal,Fair,0.0,9,10,1,11.11
Young,0.0,3.0,3.0,Normal,Fair,1.0,1,1,0,0.0
Young,0.0,3.0,3.0,Normal,Fair,2.0,1,1,0,0.0
Young,0.0,3.0,3.0,Normal,Good,0.0,8,7,-1,12.5
Young,0.0,3.0,3.0,Obese,Fair,0.0,15,13,-2,13.33
Young,0.0,3.0,3.0,Obese,Fair,2.0,1,1,0,0.0
Young,0.0,3.0,3.0,Obese,Good,0.0,10,10,0,0.0
Young,0.0,3.0,3.0,Obese,Poor,0.0,5,5,0,0.0
Young,0.0,3.0,3.0,Obese,Poor,1.0,1,0,-1,100.0
Young,0.0,3.0,3.0,Obese,Poor,2.0,2,0,-2,100.0
Young,0.0,3.0,3.0,Overweight,Good,0.0,8,7,-1,12.5
Young,0.0,3.0,3.0,Overweight,Good,2.0,1,1,0,0.0
Young,0.0,3.0,3.0,Overweight,Poor,0.0,5,3,-2,40.0
Young,0.0,3.0,4.0,Any,Poor,0.0,5,5,0,0.0
Young,0.0,3.0,4.0,Any,Poor,2.0,2,1,-1,50.0
Young,0.0,3.0,4.0,Normal-Range,Good,0.0,5,5,0,0.0
Young,0.0,3.0,4.0,Obese,Fair,0.0,13,13,0,0.0
Young,0.0,3.0,4.0,Obese,Fair,2.0,1,0,-1,100.0
Young,0.0,3.0,4.0,Obese,Good,0.0,9,10,1,11.11
Young,0.0,3.0,4.0,Obese,Good,1.0,1,1,0,0.0
Young,0.0,3.0,4.0,Obese,Poor,0.0,5,7,2,40.0
Young,0.0,3.0,4.0,Obese,Poor,1.0,1,1,0,0.0
Young,0.0,3.0,4.0,Obese,Poor,2.0,2,2,0,0.0
Young,0.0,3.0,4.0,Overweight,Fair,0.0,12,9,-3,25.0
Young,0.0,3.0,4.0,Overweight,Fair,2.0,1,1,0,0.0
Young,0.0,3.0,4.0,Overweight,Good,0.0,10,9,-1,10.0
Young,0.0,3.0,5.0,Any,Poor,0.0,6,6,0,0.0
Young,0.0,3.0,5.0,Normal-Range,Good,0.0,6,5,-1,16.67
Young,0.0,3.0,5.0,Obese,Fair,0.0,12,9,-3,25.0
Young,0.0,3.0,5.0,Obese,Fair,2.0,1,3,2,200.0
Young,0.0,3.0,5.0,Obese,Good,0.0,6,4,-2,33.33
Young,0.0,3.0,5.0,Obese,Poor,0.0,2,4,2,100.0
Young,0.0,3.0,5.0,Obese,Poor,1.0,2,1,-1,50.0
Young,0.0,3.0,5.0,Obese,Poor,2.0,1,2,1,100.0
Young,0.0,3.0,5.0,Overweight,Fair,0.0,5,4,-1,20.0
Young,0.0,3.0,6.0,Any,Good,0.0,7,5,-2,28.57
Young,0.0,3.0,6.0,Normal,Fair,0.0,6,6,0,0.0
Young,0.0,3.0,6.0,Obese,Fair,0.0,10,8,-2,20.0
Young,0.0,3.0,6.0,Obese,Good,0.0,7,8,1,14.29
Young,0.0,3.0,7.0,Normal,Fair,0.0,8,8,0,0.0
Young,0.0,3.0,7.0,Obese,Good,0.0,5,4,-1,20.0
Young,0.0,3.0,8.0,Normal-Range,Good,0.0,5,5,0,0.0
Young,0.0,4.0,1.0,Normal,Fair,0.0,35,35,0,0.0
Young,0.0,4.0,1.0,Normal,Good,0.0,48,49,1,2.08
Young,0.0,4.0,1.0,Normal,Poor,0.0,13,14,1,7.69
Young,0.0,4.0,1.0,Obese,Fair,0.0,40,40,0,0.0
Young,0.0,4.0,1.0,Obese,Fair,1.0,1,1,0,0.0
Young,0.0,4.0,1.0,Obese,Fair,2.0,5,4,-1,20.0
Young,0.0,4.0,1.0,Obese,Good,0.0,29,31,2,6.9
Young,0.0,4.0,1.0,Obese,Poor,0.0,30,29,-1,3.33
Young,0.0,4.0,1.0,Obese,Poor,1.0,1,1,0,0.0
Young,0.0,4.0,1.0,Obese,Poor,2.0,4,3,-1,25.0
Young,0.0,4.0,1.0,Overweight,Fair,0.0,24,24,0,0.0
Young,0.0,4.0,1.0,Overweight,Fair,2.0,1,1,0,0.0
Young,0.0,4.0,1.0,Overweight,Good,0.0,27,27,0,0.0
Young,0.0,4.0,1.0,Overweight,Good,2.0,1,2,1,100.0
Young,0.0,4.0,1.0,Overweight,Poor,0.0,15,15,0,0.0
Young,0.0,4.0,2.0,Any,Poor,0.0,5,5,0,0.0
Young,0.0,4.0,2.0,Normal,Fair,0.0,21,21,0,0.0
Young,0.0,4.0,2.0,Normal,Good,0.0,16,15,-1,6.25
Young,0.0,4.0,2.0,Normal,Poor,0.0,9,9,0,0.0
Young,0.0,4.0,2.0,Normal,Poor,1.0,1,1,0,0.0
Young,0.0,4.0,2.0,Normal,Poor,2.0,2,3,1,50.0
Young,0.0,4.0,2.0,Obese,Fair,0.0,27,26,-1,3.7
Young,0.0,4.0,2.0,Obese,Fair,1.0,1,0,-1,100.0
Young,0.0,4.0,2.0,Obese,Fair,2.0,5,5,0,0.0
Young,0.0,4.0,2.0,Obese,Good,0.0,22,22,0,0.0
Young,0.0,4.0,2.0,Obese,Poor,0.0,20,21,1,5.0
Young,0.0,4.0,2.0,Obese,Poor,2.0,4,4,0,0.0
Young,0.0,4.0,2.0,Overweight,Fair,0.0,11,10,-1,9.09
Young,0.0,4.0,2.0,Overweight,Good,0.0,19,19,0,0.0
Young,0.0,4.0,3.0,Normal,Fair,0.0,18,17,-1,5.56
Young,0.0,4.0,3.0,Normal,Fair,1.0,1,0,-1,100.0
Young,0.0,4.0,3.0,Normal,Good,0.0,40,42,2,5.0
Young,0.0,4.0,3.0,Normal,Poor,0.0,11,9,-2,18.18
Young,0.0,4.0,3.0,Normal,Poor,2.0,2,1,-1,50.0
Young,0.0,4.0,3.0,Obese,Fair,0.0,46,47,1,2.17
Young,0.0,4.0,3.0,Obese,Fair,1.0,1,3,2,200.0
Young,0.0,4.0,3.0,Obese,Fair,2.0,4,3,-1,25.0
Young,0.0,4.0,3.0,Obese,Good,0.0,45,43,-2,4.44
Young,0.0,4.0,3.0,Obese,Good,1.0,1,2,1,100.0
Young,0.0,4.0,3.0,Obese,Good,2.0,1,0,-1,100.0
Young,0.0,4.0,3.0,Obese,Poor,0.0,29,29,0,0.0
Young,0.0,4.0,3.0,Obese,Poor,1.0,1,0,-1,100.0
Young,0.0,4.0,3.0,Obese,Poor,2.0,6,5,-1,16.67
Young,0.0,4.0,3.0,Overweight,Fair,0.0,30,30,0,0.0
Young,0.0,4.0,3.0,Overweight,Fair,2.0,2,2,0,0.0
Young,0.0,4.0,3.0,Overweight,Good,0.0,40,40,0,0.0
Young,0.0,4.0,3.0,Overweight,Poor,0.0,12,10,-2,16.67
Young,0.0,4.0,3.0,Overweight,Poor,2.0,4,2,-2,50.0
Young,0.0,4.0,3.0,Underweight,Good,0.0,5,4,-1,20.0
Young,0.0,4.0,4.0,Normal,Fair,0.0,30,31,1,3.33
Young,0.0,4.0,4.0,Normal,Fair,2.0,1,0,-1,100.0
Young,0.0,4.0,4.0,Normal,Good,0.0,53,54,1,1.89
Young,0.0,4.0,4.0,Normal,Poor,0.0,12,12,0,0.0
Young,0.0,4.0,4.0,Normal,Poor,2.0,1,1,0,0.0
Young,0.0,4.0,4.0,Obese,Fair,0.0,49,49,0,0.0
Young,0.0,4.0,4.0,Obese,Fair,1.0,2,2,0,0.0
Young,0.0,4.0,4.0,Obese,Fair,2.0,3,3,0,0.0
Young,0.0,4.0,4.0,Obese,Good,0.0,46,46,0,0.0
Young,0.0,4.0,4.0,Obese,Good,2.0,1,1,0,0.0
Young,0.0,4.0,4.0,Obese,Poor,0.0,24,24,0,0.0
Young,0.0,4.0,4.0,Obese,Poor,2.0,8,7,-1,12.5
Young,0.0,4.0,4.0,Overweight,Fair,0.0,40,44,4,10.0
Young,0.0,4.0,4.0,Overweight,Good,0.0,42,41,-1,2.38
Young,0.0,4.0,4.0,Overweight,Poor,0.0,8,10,2,25.0
Young,0.0,4.0,5.0,Normal,Fair,0.0,34,33,-1,2.94
Young,0.0,4.0,5.0,Normal,Good,0.0,68,67,-1,1.47
Young,0.0,4.0,5.0,Normal-Range,Poor,0.0,6,7,1,16.67
Young,0.0,4.0,5.0,Obese,Fair,0.0,52,52,0,0.0
Young,0.0,4.0,5.0,Obese,Fair,1.0,1,2,1,100.0
Young,0.0,4.0,5.0,Obese,Good,0.0,50,49,-1,2.0
Young,0.0,4.0,5.0,Obese,Poor,0.0,12,13,1,8.33
Young,0.0,4.0,5.0,Obese,Poor,2.0,4,4,0,0.0
Young,0.0,4.0,5.0,Overweight,Fair,0.0,32,32,0,0.0
Young,0.0,4.0,5.0,Overweight,Good,0.0,63,63,0,0.0
Young,0.0,4.0,5.0,Overweight,Good,2.0,1,0,-1,100.0
Young,0.0,4.0,5.0,Overweight,Poor,0.0,5,5,0,0.0
Young,0.0,4.0,5.0,Overweight,Poor,2.0,2,0,-2,100.0
Young,0.0,4.0,6.0,Normal,Fair,0.0,27,26,-1,3.7
Young,0.0,4.0,6.0,Normal,Good,0.0,61,63,2,3.28
Young,0.0,4.0,6.0,Normal,Good,2.0,1,0,-1,100.0
Young,0.0,4.0,6.0,Normal,Poor,0.0,8,9,1,12.5
Young,0.0,4.0,6.0,Normal,Poor,2.0,1,0,-1,100.0
Young,0.0,4.0,6.0,Obese,Fair,0.0,45,46,1,2.22
Young,0.0,4.0,6.0,Obese,Fair,1.0,2,2,0,0.0
Young,0.0,4.0,6.0,Obese,Fair,2.0,6,6,0,0.0
Young,0.0,4.0,6.0,Obese,Good,0.0,53,53,0,0.0
Young,0.0,4.0,6.0,Obese,Poor,0.0,11,13,2,18.18
Young,0.0,4.0,6.0,Obese,Poor,1.0,1,1,0,0.0
Young,0.0,4.0,6.0,Obese,Poor,2.0,8,10,2,25.0
Young,0.0,4.0,6.0,Overweight,Fair,0.0,28,31,3,10.71
Young,0.0,4.0,6.0,Overweight,Good,0.0,43,44,1,2.33
Young,0.0,4.0,6.0,Overweight,Poor,0.0,7,7,0,0.0
Young,0.0,4.0,7.0,Normal,Fair,0.0,28,28,0,0.0
Young,0.0,4.0,7.0,Normal,Good,0.0,61,61,0,0.0
Young,0.0,4.0,7.0,Normal,Poor,0.0,6,7,1,16.67
Young,0.0,4.0,7.0,Obese,Fair,0.0,32,32,0,0.0
Young,0.0,4.0,7.0,Obese,Fair,1.0,1,1,0,0.0
Young,0.0,4.0,7.0,Obese,Fair,2.0,1,2,1,100.0
Young,0.0,4.0,7.0,Obese,Good,0.0,34,34,0,0.0
Young,0.0,4.0,7.0,Obese,Poor,0.0,8,7,-1,12.5
Young,0.0,4.0,7.0,Obese,Poor,2.0,1,5,4,400.0
Young,0.0,4.0,7.0,Overweight,Fair,0.0,24,24,0,0.0
Young,0.0,4.0,7.0,Overweight,Fair,1.0,1,1,0,0.0
Young,0.0,4.0,7.0,Overweight,Good,0.0,47,47,0,0.0
Young,0.0,4.0,7.0,Overweight,Good,1.0,1,2,1,100.0
Young,0.0,4.0,7.0,Overweight,Poor,0.0,7,8,1,14.29
Young,0.0,4.0,7.0,Underweight,Good,0.0,7,9,2,28.57
Young,0.0,4.0,8.0,Normal,Fair,0.0,20,20,0,0.0
Young,0.0,4.0,8.0,Normal,Good,0.0,97,98,1,1.03
Young,0.0,4.0,8.0,Normal,Good,2.0,1,1,0,0.0
Young,0.0,4.0,8.0,Obese,Fair,0.0,22,23,1,4.55
Young,0.0,4.0,8.0,Obese,Fair,1.0,1,2,1,100.0
Young,0.0,4.0,8.0,Obese,Fair,2.0,3,2,-1,33.33
Young,0.0,4.0,8.0,Obese,Good,0.0,29,28,-1,3.45
Young,0.0,4.0,8.0,Obese,Good,2.0,1,0,-1,100.0
Young,0.0,4.0,8.0,Obese,Poor,0.0,10,10,0,0.0
Young,0.0,4.0,8.0,Obese,Poor,2.0,4,4,0,0.0
Young,0.0,4.0,8.0,Overweight,Fair,0.0,24,24,0,0.0
Young,0.0,4.0,8.0,Overweight,Fair,2.0,2,4,2,100.0
Young,0.0,4.0,8.0,Overweight,Good,0.0,57,59,2,3.51
Young,0.0,4.0,8.0,Overweight,Good,2.0,1,0,-1,100.0
Young,0.0,4.0,8.0,Overweight,Poor,0.0,8,12,4,50.0
Young,0.0,5.0,1.0,Normal,Fair,0.0,23,22,-1,4.35
Young,0.0,5.0,1.0,Normal,Fair,1.0,1,2,1,100.0
Young,0.0,5.0,1.0,Normal,Fair,2.0,1,1,0,0.0
Young,0.0,5.0,1.0,Normal,Good,0.0,58,58,0,0.0
Young,0.0,5.0,1.0,Normal,Poor,0.0,12,12,0,0.0
Young,0.0,5.0,1.0,Obese,Fair,0.0,27,26,-1,3.7
Young,0.0,5.0,1.0,Obese,Fair,1.0,1,1,0,0.0
Young,0.0,5.0,1.0,Obese,Fair,2.0,1,1,0,0.0
Young,0.0,5.0,1.0,Obese,Good,0.0,33,33,0,0.0
Young,0.0,5.0,1.0,Obese,Good,1.0,1,3,2,200.0
Young,0.0,5.0,1.0,Obese,Good,2.0,1,2,1,100.0
Young,0.0,5.0,1.0,Obese,Poor,0.0,24,24,0,0.0
Young,0.0,5.0,1.0,Obese,Poor,2.0,5,6,1,20.0
Young,0.0,5.0,1.0,Overweight,Fair,0.0,21,22,1,4.76
Young,0.0,5.0,1.0,Overweight,Fair,2.0,2,2,0,0.0
Young,0.0,5.0,1.0,Overweight,Good,0.0,15,14,-1,6.67
Young,0.0,5.0,1.0,Overweight,Good,2.0,1,2,1,100.0
Young,0.0,5.0,1.0,Overweight,Poor,0.0,8,7,-1,12.5
Young,0.0,5.0,2.0,Normal,Fair,0.0,16,17,1,6.25
Young,0.0,5.0,2.0,Normal,Fair,1.0,1,1,0,0.0
Young,0.0,5.0,2.0,Normal,Good,0.0,44,46,2,4.55
Young,0.0,5.0,2.0,Normal,Poor,0.0,6,6,0,0.0
Young,0.0,5.0,2.0,Normal,Poor,2.0,1,0,-1,100.0
Young,0.0,5.0,2.0,Obese,Fair,0.0,28,31,3,10.71
Young,0.0,5.0,2.0,Obese,Good,0.0,38,38,0,0.0
Young,0.0,5.0,2.0,Obese,Poor,0.0,19,18,-1,5.26
Young,0.0,5.0,2.0,Obese,Poor,2.0,3,1,-2,66.67
Young,0.0,5.0,2.0,Overweight,Fair,0.0,16,15,-1,6.25
Young,0.0,5.0,2.0,Overweight,Fair,2.0,1,3,2,200.0
Young,0.0,5.0,2.0,Overweight,Good,0.0,21,22,1,4.76
Young,0.0,5.0,2.0,Overweight,Poor,0.0,5,7,2,40.0
Young,0.0,5.0,2.0,Overweight,Poor,1.0,1,2,1,100.0
Young,0.0,5.0,2.0,Overweight,Poor,2.0,2,1,-1,50.0
Young,0.0,5.0,3.0,Normal,Fair,0.0,43,41,-2,4.65
Young,0.0,5.0,3.0,Normal,Good,0.0,62,62,0,0.0
Young,0.0,5.0,3.0,Normal,Good,2.0,1,1,0,0.0
Young,0.0,5.0,3.0,Normal-Range,Poor,0.0,4,5,1,25.0
Young,0.0,5.0,3.0,Normal-Range,Poor,2.0,1,1,0,0.0
Young,0.0,5.0,3.0,Obese,Fair,0.0,50,49,-1,2.0
Young,0.0,5.0,3.0,Obese,Fair,1.0,3,2,-1,33.33
Young,0.0,5.0,3.0,Obese,Fair,2.0,5,6,1,20.0
Young,0.0,5.0,3.0,Obese,Good,0.0,51,50,-1,1.96
Young,0.0,5.0,3.0,Obese,Poor,0.0,29,30,1,3.45
Young,0.0,5.0,3.0,Obese,Poor,1.0,2,2,0,0.0
Young,0.0,5.0,3.0,Obese,Poor,2.0,6,6,0,0.0
Young,0.0,5.0,3.0,Overweight,Fair,0.0,39,39,0,0.0
Young,0.0,5.0,3.0,Overweight,Good,0.0,56,55,-1,1.79
Young,0.0,5.0,3.0,Overweight,Good,2.0,1,1,0,0.0
Young,0.0,5.0,3.0,Overweight,Poor,0.0,12,11,-1,8.33
Young,0.0,5.0,3.0,Overweight,Poor,1.0,1,1,0,0.0
Young,0.0,5.0,3.0,Overweight,Poor,2.0,1,0,-1,100.0
Young,0.0,5.0,4.0,Normal,Fair,0.0,36,35,-1,2.78
Young,0.0,5.0,4.0,Normal,Good,0.0,101,102,1,0.99
Young,0.0,5.0,4.0,Normal,Poor,0.0,15,16,1,6.67
Young,0.0,5.0,4.0,Obese,Fair,0.0,76,76,0,0.0
Young,0.0,5.0,4.0,Obese,Fair,1.0,2,0,-2,100.0
Young,0.0,5.0,4.0,Obese,Fair,2.0,4,4,0,0.0
Young,0.0,5.0,4.0,Obese,Good,0.0,61,61,0,0.0
Young,0.0,5.0,4.0,Obese,Good,1.0,1,1,0,0.0
Young,0.0,5.0,4.0,Obese,Good,2.0,1,1,0,0.0
Young,0.0,5.0,4.0,Obese,Poor,0.0,28,26,-2,7.14
Young,0.0,5.0,4.0,Obese,Poor,1.0,4,4,0,0.0
Young,0.0,5.0,4.0,Obese,Poor,2.0,12,12,0,0.0
Young,0.0,5.0,4.0,Overweight,Fair,0.0,46,48,2,4.35
Young,0.0,5.0,4.0,Overweight,Fair,2.0,1,0,-1,100.0
Young,0.0,5.0,4.0,Overweight,Good,0.0,67,67,0,0.0
Young,0.0,5.0,4.0,Overweight,Good,2.0,3,4,1,33.33
Young,0.0,5.0,4.0,Overweight,Poor,0.0,17,17,0,0.0
Young,0.0,5.0,4.0,Overweight,Poor,2.0,1,1,0,0.0
Young,0.0,5.0,4.0,Underweight,Good,0.0,5,5,0,0.0
Young,0.0,5.0,5.0,Normal,Fair,0.0,43,43,0,0.0
Young,0.0,5.0,5.0,Normal,Fair,1.0,1,0,-1,100.0
Young,0.0,5.0,5.0,Normal,Fair,2.0,1,1,0,0.0
Young,0.0,5.0,5.0,Normal,Good,0.0,117,117,0,0.0
Young,0.0,5.0,5.0,Normal,Good,1.0,2,1,-1,50.0
Young,0.0,5.0,5.0,Normal,Poor,0.0,17,19,2,11.76
Young,0.0,5.0,5.0,Obese,Fair,0.0,95,95,0,0.0
Young,0.0,5.0,5.0,Obese,Fair,1.0,1,1,0,0.0
Young,0.0,5.0,5.0,Obese,Fair,2.0,8,6,-2,25.0
Young,0.0,5.0,5.0,Obese,Good,0.0,90,89,-1,1.11
Young,0.0,5.0,5.0,Obese,Good,1.0,1,0,-1,100.0
Young,0.0,5.0,5.0,Obese,Good,2.0,2,3,1,50.0
Young,0.0,5.0,5.0,Obese,Poor,0.0,27,27,0,0.0
Young,0.0,5.0,5.0,Obese,Poor,1.0,4,6,2,50.0
Young,0.0,5.0,5.0,Obese,Poor,2.0,3,2,-1,33.33
Young,0.0,5.0,5.0,Overweight,Fair,0.0,40,40,0,0.0
Young,0.0,5.0,5.0,Overweight,Fair,1.0,1,1,0,0.0
Young,0.0,5.0,5.0,Overweight,Good,0.0,96,99,3,3.12
Young,0.0,5.0,5.0,Overweight,Good,1.0,2,2,0,0.0
Young,0.0,5.0,5.0,Overweight,Poor,0.0,4,5,1,25.0
Young,0.0,5.0,5.0,Overweight,Poor,2.0,2,3,1,50.0
Young,0.0,5.0,5.0,Underweight,Good,0.0,6,5,-1,16.67
Young,0.0,5.0,6.0,Normal,Fair,0.0,41,40,-1,2.44
Young,0.0,5.0,6.0,Normal,Good,0.0,177,178,1,0.56
Young,0.0,5.0,6.0,Normal,Good,2.0,1,1,0,0.0
Young,0.0,5.0,6.0,Normal,Poor,0.0,16,16,0,0.0
Young,0.0,5.0,6.0,Normal,Poor,2.0,1,0,-1,100.0
Young,0.0,5.0,6.0,Obese,Fair,0.0,87,88,1,1.15
Young,0.0,5.0,6.0,Obese,Fair,1.0,1,0,-1,100.0
Young,0.0,5.0,6.0,Obese,Fair,2.0,3,1,-2,66.67
Young,0.0,5.0,6.0,Obese,Good,0.0,111,110,-1,0.9
Young,0.0,5.0,6.0,Obese,Good,1.0,2,1,-1,50.0
Young,0.0,5.0,6.0,Obese,Good,2.0,2,2,0,0.0
Young,0.0,5.0,6.0,Obese,Poor,0.0,22,24,2,9.09
Young,0.0,5.0,6.0,Obese,Poor,1.0,4,3,-1,25.0
Young,0.0,5.0,6.0,Obese,Poor,2.0,4,6,2,50.0
Young,0.0,5.0,6.0,Overweight,Fair,0.0,50,50,0,0.0
Young,0.0,5.0,6.0,Overweight,Fair,2.0,1,1,0,0.0
Young,0.0,5.0,6.0,Overweight,Good,0.0,126,124,-2,1.59
Young,0.0,5.0,6.0,Overweight,Good,1.0,1,0,-1,100.0
Young,0.0,5.0,6.0,Overweight,Good,2.0,2,2,0,0.0
Young,0.0,5.0,6.0,Overweight,Poor,0.0,11,10,-1,9.09
Young,0.0,5.0,6.0,Underweight,Good,0.0,11,13,2,18.18
Young,0.0,5.0,7.0,Normal,Fair,0.0,36,34,-2,5.56
Young,0.0,5.0,7.0,Normal,Fair,2.0,1,0,-1,100.0
Young,0.0,5.0,7.0,Normal,Good,0.0,185,183,-2,1.08
Young,0.0,5.0,7.0,Normal,Good,1.0,1,0,-1,100.0
Young,0.0,5.0,7.0,Normal,Poor,0.0,7,6,-1,14.29
Young,0.0,5.0,7.0,Obese,Fair,0.0,68,68,0,0.0
Young,0.0,5.0,7.0,Obese,Fair,2.0,2,2,0,0.0
Young,0.0,5.0,7.0,Obese,Good,0.0,109,109,0,0.0
Young,0.0,5.0,7.0,Obese,Good,1.0,2,2,0,0.0
Young,0.0,5.0,7.0,Obese,Good,2.0,2,1,-1,50.0
Young,0.0,5.0,7.0,Obese,Poor,0.0,16,15,-1,6.25
Young,0.0,5.0,7.0,Obese,Poor,1.0,1,0,-1,100.0
Young,0.0,5.0,7.0,Obese,Poor,2.0,4,4,0,0.0
Young,0.0,5.0,7.0,Overweight,Fair,0.0,41,39,-2,4.88
Young,0.0,5.0,7.0,Overweight,Fair,1.0,2,2,0,0.0
Young,0.0,5.0,7.0,Overweight,Fair,2.0,2,2,0,0.0
Young,0.0,5.0,7.0,Overweight,Good,0.0,127,127,0,0.0
Young,0.0,5.0,7.0,Overweight,Poor,0.0,7,7,0,0.0
Young,0.0,5.0,7.0,Underweight,Good,0.0,13,13,0,0.0
Young,0.0,5.0,8.0,Normal,Fair,0.0,50,50,0,0.0
Young,0.0,5.0,8.0,Normal,Good,0.0,325,325,0,0.0
Young,0.0,5.0,8.0,Normal,Good,2.0,1,0,-1,100.0
Young,0.0,5.0,8.0,Normal,Poor,0.0,14,14,0,0.0
Young,0.0,5.0,8.0,Obese,Fair,0.0,81,81,0,0.0
Young,0.0,5.0,8.0,Obese,Fair,1.0,2,3,1,50.0
Young,0.0,5.0,8.0,Obese,Fair,2.0,5,5,0,0.0
Young,0.0,5.0,8.0,Obese,Good,0.0,110,109,-1,0.91
Young,0.0,5.0,8.0,Obese,Good,1.0,1,1,0,0.0
Young,0.0,5.0,8.0,Obese,Good,2.0,2,1,-1,50.0
Young,0.0,5.0,8.0,Obese,Poor,0.0,21,24,3,14.29
Young,0.0,5.0,8.0,Obese,Poor,1.0,1,1,0,0.0
Young,0.0,5.0,8.0,Obese,Poor,2.0,2,2,0,0.0
Young,0.0,5.0,8.0,Overweight,Fair,0.0,46,48,2,4.35
Young,0.0,5.0,8.0,Overweight,Fair,2.0,2,1,-1,50.0
Young,0.0,5.0,8.0,Overweight,Good,0.0,192,193,1,0.52
Young,0.0,5.0,8.0,Overweight,Good,1.0,1,1,0,0.0
Young,0.0,5.0,8.0,Overweight,Poor,0.0,13,11,-2,15.38
Young,0.0,5.0,8.0,Underweight,Good,0.0,17,18,1,5.88
Young,0.0,6.0,1.0,Normal,Fair,0.0,19,20,1,5.26
Young,0.0,6.0,1.0,Normal,Good,0.0,46,45,-1,2.17
Young,0.0,6.0,1.0,Normal,Good,2.0,1,1,0,0.0
Young,0.0,6.0,1.0,Normal,Poor,0.0,5,3,-2,40.0
Young,0.0,6.0,1.0,Obese,Fair,0.0,13,13,0,0.0
Young,0.0,6.0,1.0,Obese,Good,0.0,9,9,0,0.0
Young,0.0,6.0,1.0,Obese,Poor,0.0,5,5,0,0.0
Young,0.0,6.0,1.0,Obese,Poor,2.0,5,5,0,0.0
Young,0.0,6.0,1.0,Overweight,Fair,0.0,11,10,-1,9.09
Young,0.0,6.0,1.0,Overweight,Fair,2.0,1,5,4,400.0
Young,0.0,6.0,1.0,Overweight,Good,0.0,18,19,1,5.56
Young,0.0,6.0,1.0,Underweight,Fair,0.0,5,5,0,0.0
Young,0.0,6.0,1.0,Underweight,Good,0.0,6,6,0,0.0
Young,0.0,6.0,2.0,Normal,Fair,0.0,10,10,0,0.0
Young,0.0,6.0,2.0,Normal,Good,0.0,37,36,-1,2.7
Young,0.0,6.0,2.0,Obese,Fair,0.0,12,12,0,0.0
Young,0.0,6.0,2.0,Obese,Fair,1.0,1,1,0,0.0
Young,0.0,6.0,2.0,Obese,Fair,2.0,1,1,0,0.0
Young,0.0,6.0,2.0,Obese,Good,0.0,18,17,-1,5.56
Young,0.0,6.0,2.0,Obese,Good,1.0,1,0,-1,100.0
Young,0.0,6.0,2.0,Obese,Poor,0.0,6,7,1,16.67
Young,0.0,6.0,2.0,Overweight,Fair,0.0,7,6,-1,14.29
Young,0.0,6.0,2.0,Overweight,Good,0.0,12,12,0,0.0
Young,0.0,6.0,2.0,Overweight,Poor,0.0,4,2,-2,50.0
Young,0.0,6.0,2.0,Overweight,Poor,2.0,1,1,0,0.0
Young,0.0,6.0,3.0,Normal,Fair,0.0,16,12,-4,25.0
Young,0.0,6.0,3.0,Normal,Good,0.0,53,55,2,3.77
Young,0.0,6.0,3.0,Obese,Fair,0.0,17,19,2,11.76
Young,0.0,6.0,3.0,Obese,Good,0.0,27,27,0,0.0
Young,0.0,6.0,3.0,Obese,Poor,0.0,13,11,-2,15.38
Young,0.0,6.0,3.0,Overweight,Fair,0.0,10,9,-1,10.0
Young,0.0,6.0,3.0,Overweight,Fair,2.0,1,2,1,100.0
Young,0.0,6.0,3.0,Overweight,Good,0.0,20,19,-1,5.0
Young,0.0,6.0,3.0,Overweight,Good,2.0,1,0,-1,100.0
Young,0.0,6.0,3.0,Overweight,Poor,0.0,9,10,1,11.11
Young,0.0,6.0,3.0,Underweight,Fair,0.0,5,5,0,0.0
Young,0.0,6.0,3.0,Underweight,Good,0.0,7,5,-2,28.57
Young,0.0,6.0,4.0,Normal,Fair,0.0,28,28,0,0.0
Young,0.0,6.0,4.0,Normal,Fair,1.0,2,1,-1,50.0
Young,0.0,6.0,4.0,Normal,Good,0.0,85,89,4,4.71
Young,0.0,6.0,4.0,Normal,Poor,0.0,8,8,0,0.0
Young,0.0,6.0,4.0,Obese,Fair,0.0,29,30,1,3.45
Young,0.0,6.0,4.0,Obese,Fair,2.0,1,1,0,0.0
Young,0.0,6.0,4.0,Obese,Good,0.0,40,40,0,0.0
Young,0.0,6.0,4.0,Obese,Good,1.0,1,0,-1,100.0
Young,0.0,6.0,4.0,Obese,Good,2.0,1,3,2,200.0
Young,0.0,6.0,4.0,Obese,Poor,0.0,12,14,2,16.67
Young,0.0,6.0,4.0,Obese,Poor,2.0,1,1,0,0.0
Young,0.0,6.0,4.0,Overweight,Fair,0.0,17,17,0,0.0
Young,0.0,6.0,4.0,Overweight,Fair,2.0,1,1,0,0.0
Young,0.0,6.0,4.0,Overweight,Good,0.0,59,59,0,0.0
Young,0.0,6.0,4.0,Overweight,Poor,0.0,8,9,1,12.5
Young,0.0,6.0,4.0,Underweight,Good,0.0,9,11,2,22.22
Young,0.0,6.0,5.0,Normal,Fair,0.0,48,48,0,0.0
Young,0.0,6.0,5.0,Normal,Fair,2.0,1,1,0,0.0
Young,0.0,6.0,5.0,Normal,Good,0.0,152,154,2,1.32
Young,0.0,6.0,5.0,Normal,Good,1.0,1,2,1,100.0
Young,0.0,6.0,5.0,Normal,Good,2.0,1,1,0,0.0
Young,0.0,6.0,5.0,Obese,Fair,0.0,51,54,3,5.88
Young,0.0,6.0,5.0,Obese,Fair,2.0,2,2,0,0.0
Young,0.0,6.0,5.0,Obese,Good,0.0,70,70,0,0.0
Young,0.0,6.0,5.0,Obese,Good,1.0,1,0,-1,100.0
Young,0.0,6.0,5.0,Obese,Good,2.0,1,0,-1,100.0
Young,0.0,6.0,5.0,Obese,Poor,0.0,13,13,0,0.0
Young,0.0,6.0,5.0,Overweight,Fair,0.0,30,29,-1,3.33
Young,0.0,6.0,5.0,Overweight,Fair,1.0,1,2,1,100.0
Young,0.0,6.0,5.0,Overweight,Fair,2.0,2,3,1,50.0
Young,0.0,6.0,5.0,Overweight,Good,0.0,89,88,-1,1.12
Young,0.0,6.0,5.0,Overweight,Good,1.0,2,2,0,0.0
Young,0.0,6.0,5.0,Overweight,Good,2.0,1,1,0,0.0
Young,0.0,6.0,5.0,Overweight,Poor,0.0,4,2,-2,50.0
Young,0.0,6.0,5.0,Overweight,Poor,2.0,1,1,0,0.0
Young,0.0,6.0,5.0,Underweight,Good,0.0,12,13,1,8.33
Young,0.0,6.0,6.0,Normal,Fair,0.0,66,67,1,1.52
Young,0.0,6.0,6.0,Normal,Fair,1.0,1,1,0,0.0
Young,0.0,6.0,6.0,Normal,Good,0.0,309,311,2,0.65
Young,0.0,6.0,6.0,Normal,Good,2.0,1,1,0,0.0
Young,0.0,6.0,6.0,Normal,Poor,0.0,10,10,0,0.0
Young,0.0,6.0,6.0,Obese,Fair,0.0,89,88,-1,1.12
Young,0.0,6.0,6.0,Obese,Fair,2.0,3,0,-3,100.0
Young,0.0,6.0,6.0,Obese,Good,0.0,125,124,-1,0.8
Young,0.0,6.0,6.0,Obese,Good,1.0,1,1,0,0.0
Young,0.0,6.0,6.0,Obese,Poor,0.0,18,23,5,27.78
Young,0.0,6.0,6.0,Obese,Poor,2.0,4,4,0,0.0
Young,0.0,6.0,6.0,Overweight,Fair,0.0,67,67,0,0.0
Young,0.0,6.0,6.0,Overweight,Fair,1.0,1,1,0,0.0
Young,0.0,6.0,6.0,Overweight,Fair,2.0,3,3,0,0.0
Young,0.0,6.0,6.0,Overweight,Good,0.0,177,175,-2,1.13
Young,0.0,6.0,6.0,Overweight,Good,1.0,2,1,-1,50.0
Young,0.0,6.0,6.0,Overweight,Good,2.0,1,1,0,0.0
Young,0.0,6.0,6.0,Overweight,Poor,0.0,12,13,1,8.33
Young,0.0,6.0,6.0,Underweight,Good,0.0,15,16,1,6.67
Young,0.0,6.0,7.0,Normal,Fair,0.0,67,67,0,0.0
Young,0.0,6.0,7.0,Normal,Fair,2.0,1,1,0,0.0
Young,0.0,6.0,7.0,Normal,Good,0.0,472,472,0,0.0
Young,0.0,6.0,7.0,Normal,Good,1.0,1,1,0,0.0
Young,0.0,6.0,7.0,Normal,Good,2.0,3,5,2,66.67
Young,0.0,6.0,7.0,Normal,Poor,0.0,7,6,-1,14.29
Young,0.0,6.0,7.0,Obese,Fair,0.0,89,88,-1,1.12
Young,0.0,6.0,7.0,Obese,Fair,1.0,2,4,2,100.0
Young,0.0,6.0,7.0,Obese,Fair,2.0,3,6,3,100.0
Young,0.0,6.0,7.0,Obese,Good,0.0,172,168,-4,2.33
Young,0.0,6.0,7.0,Obese,Good,1.0,1,1,0,0.0
Young,0.0,6.0,7.0,Obese,Good,2.0,2,6,4,200.0
Young,0.0,6.0,7.0,Obese,Poor,0.0,25,25,0,0.0
Young,0.0,6.0,7.0,Obese,Poor,1.0,1,3,2,200.0
Young,0.0,6.0,7.0,Obese,Poor,2.0,6,6,0,0.0
Young,0.0,6.0,7.0,Overweight,Fair,0.0,69,73,4,5.8
Young,0.0,6.0,7.0,Overweight,Fair,2.0,2,4,2,100.0
Young,0.0,6.0,7.0,Overweight,Good,0.0,224,222,-2,0.89
Young,0.0,6.0,7.0,Overweight,Poor,0.0,8,6,-2,25.0
Young,0.0,6.0,7.0,Overweight,Poor,2.0,1,1,0,0.0
Young,0.0,6.0,7.0,Underweight,Good,0.0,18,17,-1,5.56
Young,0.0,6.0,8.0,Normal,Fair,0.0,132,134,2,1.52
Young,0.0,6.0,8.0,Normal,Fair,2.0,2,1,-1,50.0
Young,0.0,6.0,8.0,Normal,Good,0.0,1187,1188,1,0.08
Young,0.0,6.0,8.0,Normal,Good,1.0,1,1,0,0.0
Young,0.0,6.0,8.0,Normal,Good,2.0,4,7,3,75.0
Young,0.0,6.0,8.0,Normal,Poor,0.0,23,24,1,4.35
Young,0.0,6.0,8.0,Normal,Poor,2.0,2,2,0,0.0
Young,0.0,6.0,8.0,Obese,Fair,0.0,141,141,0,0.0
Young,0.0,6.0,8.0,Obese,Fair,1.0,1,0,-1,100.0
Young,0.0,6.0,8.0,Obese,Fair,2.0,9,6,-3,33.33
Young,0.0,6.0,8.0,Obese,Good,0.0,265,265,0,0.0
Young,0.0,6.0,8.0,Obese,Good,2.0,4,3,-1,25.0
Young,0.0,6.0,8.0,Obese,Poor,0.0,25,25,0,0.0
Young,0.0,6.0,8.0,Obese,Poor,1.0,1,2,1,100.0
Young,0.0,6.0,8.0,Obese,Poor,2.0,3,0,-3,100.0
Young,0.0,6.0,8.0,Overweight,Fair,0.0,131,131,0,0.0
Young,0.0,6.0,8.0,Overweight,Fair,2.0,1,1,0,0.0
Young,0.0,6.0,8.0,Overweight,Good,0.0,608,608,0,0.0
Young,0.0,6.0,8.0,Overweight,Good,1.0,1,1,0,0.0
Young,0.0,6.0,8.0,Overweight,Good,2.0,4,4,0,0.0
Young,0.0,6.0,8.0,Overweight,Poor,0.0,10,11,1,10.0
Young,0.0,6.0,8.0,Overweight,Poor,2.0,2,2,0,0.0
Young,0.0,6.0,8.0,Underweight,Fair,0.0,7,7,0,0.0
Young,0.0,6.0,8.0,Underweight,Good,0.0,57,55,-2,3.51
Young,0.0,6.0,8.0,Underweight,Good,1.0,1,1,0,0.0
Young,0.0,6.0,8.0,Underweight,Good,2.0,1,1,0,0.0
Young,1.0,2.0,3.0,Any,Fair,0.0,4,3,-1,25.0
Young,1.0,2.0,3.0,Any,Fair,1.0,1,2,1,100.0
Young,1.0,2.0,3.0,Any,Good,0.0,5,5,0,0.0
Young,1.0,2.0,3.0,Any,Good,1.0,1,1,0,0.0
Young,1.0,2.0,4.0,Overweight-Range,Fair,0.0,5,6,1,20.0
Young,1.0,2.0,4.0,Overweight-Range,Good,0.0,5,5,0,0.0
Young,1.0,2.0,5.0,Any,Fair,0.0,5,7,2,40.0
Young,1.0,2.0,5.0,Any,Good,0.0,5,4,-1,20.0
Young,1.0,2.0,8.0,Overweight,Good,0.0,5,0,-5,100.0
Young,1.0,2.0,8.0,Overweight,Good,1.0,1,1,0,0.0
Young,1.0,3.0,1.0,Any,Fair,0.0,5,4,-1,20.0
Young,1.0,3.0,1.0,Normal,Poor,0.0,7,6,-1,14.29
Young,1.0,3.0,1.0,Obese,Good,0.0,6,6,0,0.0
Young,1.0,3.0,1.0,Overweight,Fair,0.0,5,7,2,40.0
Young,1.0,3.0,1.0,Overweight,Good,0.0,6,6,0,0.0
Young,1.0,3.0,1.0,Overweight-Range,Poor,0.0,5,4,-1,20.0
Young,1.0,3.0,2.0,Any,Good,0.0,5,5,0,0.0
Young,1.0,3.0,2.0,Any,Poor,0.0,5,4,-1,20.0
Young,1.0,3.0,2.0,Normal,Fair,0.0,5,5,0,0.0
Young,1.0,3.0,2.0,Obese,Fair,0.0,6,4,-2,33.33
Young,1.0,3.0,2.0,Obese,Poor,0.0,5,6,1,20.0
Young,1.0,3.0,2.0,Obese,Poor,2.0,1,5,4,400.0
Young,1.0,3.0,2.0,Overweight,Good,0.0,5,4,-1,20.0
Young,1.0,3.0,3.0,Any,Good,0.0,5,5,0,0.0
Young,1.0,3.0,3.0,Any,Poor,0.0,5,6,1,20.0
Young,1.0,3.0,3.0,Normal,Fair,0.0,6,5,-1,16.67
Young,1.0,3.0,3.0,Normal,Fair,2.0,1,0,-1,100.0
Young,1.0,3.0,3.0,Obese,Fair,0.0,7,7,0,0.0
Young,1.0,3.0,3.0,Obese,Good,0.0,6,6,0,0.0
Young,1.0,3.0,3.0,Obese,Poor,0.0,3,4,1,33.33
Young,1.0,3.0,3.0,Obese,Poor,2.0,2,1,-1,50.0
Young,1.0,3.0,3.0,Overweight,Fair,0.0,7,7,0,0.0
Young,1.0,3.0,4.0,Any,Poor,0.0,4,1,-3,75.0
Young,1.0,3.0,4.0,Any,Poor,2.0,2,3,1,50.0
Young,1.0,3.0,4.0,Normal,Fair,0.0,8,9,1,12.5
Young,1.0,3.0,4.0,Normal,Good,0.0,6,5,-1,16.67
Young,1.0,3.0,4.0,Obese,Fair,0.0,11,14,3,27.27
Young,1.0,3.0,4.0,Obese,Fair,2.0,1,1,0,0.0
Young,1.0,3.0,4.0,Obese,Good,0.0,6,7,1,16.67
Young,1.0,3.0,4.0,Overweight,Fair,0.0,8,5,-3,37.5
Young,1.0,3.0,4.0,Overweight,Good,0.0,5,5,0,0.0
Young,1.0,3.0,5.0,Any,Poor,0.0,5,5,0,0.0
Young,1.0,3.0,5.0,Any,Poor,2.0,1,1,0,0.0
Young,1.0,3.0,5.0,Normal,Fair,0.0,8,9,1,12.5
Young,1.0,3.0,5.0,Normal,Good,0.0,6,6,0,0.0
Young,1.0,3.0,5.0,Obese,Fair,0.0,13,15,2,15.38
Young,1.0,3.0,5.0,Obese,Good,0.0,9,10,1,11.11
Young,1.0,3.0,5.0,Overweight,Fair,0.0,10,9,-1,10.0
Young,1.0,3.0,5.0,Overweight,Good,0.0,9,10,1,11.11
Young,1.0,3.0,6.0,Normal,Fair,0.0,7,6,-1,14.29
Young,1.0,3.0,6.0,Normal,Good,0.0,11,11,0,0.0
Young,1.0,3.0,6.0,Obese,Good,0.0,6,5,-1,16.67
Young,1.0,3.0,6.0,Overweight,Fair,0.0,5,6,1,20.0
Young,1.0,3.0,6.0,Overweight,Good,0.0,12,12,0,0.0
Young,1.0,3.0,7.0,Any,Fair,0.0,4,4,0,0.0
Young,1.0,3.0,7.0,Any,Fair,2.0,1,2,1,100.0
Young,1.0,3.0,7.0,Any,Good,0.0,5,6,1,20.0
Young,1.0,3.0,7.0,Normal,Good,0.0,10,11,1,10.0
Young,1.0,3.0,7.0,Overweight,Fair,0.0,7,7,0,0.0
Young,1.0,3.0,7.0,Overweight,Good,0.0,9,10,1,11.11
Young,1.0,3.0,8.0,Any,Fair,0.0,5,10,5,100.0
Young,1.0,3.0,8.0,Normal,Good,0.0,14,14,0,0.0
Young,1.0,3.0,8.0,Obese,Fair,0.0,5,5,0,0.0
Young,1.0,3.0,8.0,Obese,Good,0.0,7,7,0,0.0
Young,1.0,3.0,8.0,Obese,Poor,0.0,5,5,0,0.0
Young,1.0,3.0,8.0,Overweight,Good,0.0,11,12,1,9.09
Young,1.0,4.0,1.0,Normal,Fair,0.0,11,12,1,9.09
Young,1.0,4.0,1.0,Normal,Fair,2.0,1,1,0,0.0
Young,1.0,4.0,1.0,Normal,Good,0.0,27,24,-3,11.11
Young,1.0,4.0,1.0,Normal,Poor,0.0,7,10,3,42.86
Young,1.0,4.0,1.0,Obese,Fair,0.0,11,11,0,0.0
Young,1.0,4.0,1.0,Obese,Fair,2.0,2,3,1,50.0
Young,1.0,4.0,1.0,Obese,Good,0.0,18,18,0,0.0
Young,1.0,4.0,1.0,Obese,Good,1.0,1,2,1,100.0
Young,1.0,4.0,1.0,Obese,Good,2.0,1,2,1,100.0
Young,1.0,4.0,1.0,Obese,Poor,0.0,7,4,-3,42.86
Young,1.0,4.0,1.0,Obese,Poor,2.0,5,4,-1,20.0
Young,1.0,4.0,1.0,Overweight,Fair,0.0,12,13,1,8.33
Young,1.0,4.0,1.0,Overweight,Fair,2.0,1,0,-1,100.0
Young,1.0,4.0,1.0,Overweight,Good,0.0,19,19,0,0.0
Young,1.0,4.0,1.0,Overweight,Good,2.0,2,2,0,0.0
Young,1.0,4.0,2.0,Normal,Fair,0.0,13,13,0,0.0
Young,1.0,4.0,2.0,Normal,Good,0.0,24,24,0,0.0
Young,1.0,4.0,2.0,Normal,Poor,0.0,8,10,2,25.0
Young,1.0,4.0,2.0,Obese,Fair,0.0,13,13,0,0.0
Young,1.0,4.0,2.0,Obese,Fair,2.0,1,1,0,0.0
Young,1.0,4.0,2.0,Obese,Good,0.0,8,9,1,12.5
Young,1.0,4.0,2.0,Obese,Poor,0.0,15,15,0,0.0
Young,1.0,4.0,2.0,Obese,Poor,1.0,1,4,3,300.0
Young,1.0,4.0,2.0,Obese,Poor,2.0,2,1,-1,50.0
Young,1.0,4.0,2.0,Overweight,Fair,0.0,12,14,2,16.67
Young,1.0,4.0,2.0,Overweight,Good,0.0,17,17,0,0.0
Young,1.0,4.0,3.0,Normal,Fair,0.0,13,13,0,0.0
Young,1.0,4.0,3.0,Normal,Fair,2.0,1,4,3,300.0
Young,1.0,4.0,3.0,Normal,Good,0.0,52,54,2,3.85
Young,1.0,4.0,3.0,Normal,Poor,0.0,7,8,1,14.29
Young,1.0,4.0,3.0,Normal,Poor,2.0,1,1,0,0.0
Young,1.0,4.0,3.0,Obese,Fair,0.0,23,21,-2,8.7
Young,1.0,4.0,3.0,Obese,Fair,1.0,1,1,0,0.0
Young,1.0,4.0,3.0,Obese,Fair,2.0,2,0,-2,100.0
Young,1.0,4.0,3.0,Obese,Good,0.0,27,24,-3,11.11
Young,1.0,4.0,3.0,Obese,Good,2.0,2,2,0,0.0
Young,1.0,4.0,3.0,Obese,Poor,0.0,9,10,1,11.11
Young,1.0,4.0,3.0,Obese,Poor,1.0,1,2,1,100.0
Young,1.0,4.0,3.0,Overweight,Fair,0.0,21,20,-1,4.76
Young,1.0,4.0,3.0,Overweight,Fair,2.0,1,1,0,0.0
Young,1.0,4.0,3.0,Overweight,Good,0.0,35,33,-2,5.71
Young,1.0,4.0,3.0,Overweight,Good,2.0,1,2,1,100.0
Young,1.0,4.0,3.0,Overweight,Poor,0.0,14,15,1,7.14
Young,1.0,4.0,4.0,Normal,Fair,0.0,31,32,1,3.23
Young,1.0,4.0,4.0,Normal,Good,0.0,57,56,-1,1.75
Young,1.0,4.0,4.0,Normal,Good,1.0,1,2,1,100.0
Young,1.0,4.0,4.0,Normal,Good,2.0,1,0,-1,100.0
Young,1.0,4.0,4.0,Normal,Poor,0.0,13,13,0,0.0
Young,1.0,4.0,4.0,Normal,Poor,2.0,1,0,-1,100.0
Young,1.0,4.0,4.0,Obese,Fair,0.0,41,40,-1,2.44
Young,1.0,4.0,4.0,Obese,Fair,1.0,1,3,2,200.0
Young,1.0,4.0,4.0,Obese,Fair,2.0,4,4,0,0.0
Young,1.0,4.0,4.0,Obese,Good,0.0,39,40,1,2.56
Young,1.0,4.0,4.0,Obese,Good,2.0,2,1,-1,50.0
Young,1.0,4.0,4.0,Obese,Poor,0.0,14,14,0,0.0
Young,1.0,4.0,4.0,Obese,Poor,2.0,2,1,-1,50.0
Young,1.0,4.0,4.0,Overweight,Fair,0.0,28,29,1,3.57
Young,1.0,4.0,4.0,Overweight,Good,0.0,58,58,0,0.0
Young,1.0,4.0,4.0,Overweight,Poor,0.0,11,10,-1,9.09
Young,1.0,4.0,4.0,Overweight,Poor,1.0,2,2,0,0.0
Young,1.0,4.0,4.0,Overweight,Poor,2.0,1,1,0,0.0
Young,1.0,4.0,4.0,Underweight,Fair,0.0,5,5,0,0.0
Young,1.0,4.0,5.0,Normal,Fair,0.0,31,34,3,9.68
Young,1.0,4.0,5.0,Normal,Fair,2.0,1,1,0,0.0
Young,1.0,4.0,5.0,Normal,Good,0.0,76,76,0,0.0
Young,1.0,4.0,5.0,Normal,Poor,0.0,7,7,0,0.0
Young,1.0,4.0,5.0,Normal,Poor,1.0,1,1,0,0.0
Young,1.0,4.0,5.0,Obese,Fair,0.0,59,59,0,0.0
Young,1.0,4.0,5.0,Obese,Fair,1.0,1,2,1,100.0
Young,1.0,4.0,5.0,Obese,Fair,2.0,1,0,-1,100.0
Young,1.0,4.0,5.0,Obese,Good,0.0,64,63,-1,1.56
Young,1.0,4.0,5.0,Obese,Good,2.0,2,2,0,0.0
Young,1.0,4.0,5.0,Obese,Poor,0.0,19,20,1,5.26
Young,1.0,4.0,5.0,Obese,Poor,1.0,1,1,0,0.0
Young,1.0,4.0,5.0,Obese,Poor,2.0,2,1,-1,50.0
Young,1.0,4.0,5.0,Overweight,Fair,0.0,54,55,1,1.85
Young,1.0,4.0,5.0,Overweight,Good,0.0,83,86,3,3.61
Young,1.0,4.0,5.0,Overweight,Good,2.0,1,1,0,0.0
Young,1.0,4.0,5.0,Overweight,Poor,0.0,10,8,-2,20.0
Young,1.0,4.0,5.0,Overweight,Poor,2.0,1,1,0,0.0
Young,1.0,4.0,6.0,Normal,Fair,0.0,40,41,1,2.5
Young,1.0,4.0,6.0,Normal,Good,0.0,97,97,0,0.0
Young,1.0,4.0,6.0,Normal,Poor,0.0,11,12,1,9.09
Young,1.0,4.0,6.0,Obese,Fair,0.0,65,65,0,0.0
Young,1.0,4.0,6.0,Obese,Fair,2.0,1,0,-1,100.0
Young,1.0,4.0,6.0,Obese,Good,0.0,70,69,-1,1.43
Young,1.0,4.0,6.0,Obese,Good,1.0,1,3,2,200.0
Young,1.0,4.0,6.0,Obese,Poor,0.0,20,23,3,15.0
Young,1.0,4.0,6.0,Overweight,Fair,0.0,49,49,0,0.0
Young,1.0,4.0,6.0,Overweight,Good,0.0,106,104,-2,1.89
Young,1.0,4.0,6.0,Overweight,Good,2.0,1,2,1,100.0
Young,1.0,4.0,6.0,Overweight,Poor,0.0,9,10,1,11.11
Young,1.0,4.0,6.0,Overweight,Poor,2.0,1,4,3,300.0
Young,1.0,4.0,7.0,Normal,Fair,0.0,41,43,2,4.88
Young,1.0,4.0,7.0,Normal,Fair,2.0,1,1,0,0.0
Young,1.0,4.0,7.0,Normal,Good,0.0,100,99,-1,1.0
Young,1.0,4.0,7.0,Normal,Poor,0.0,6,0,-6,100.0
Young,1.0,4.0,7.0,Normal,Poor,2.0,1,1,0,0.0
Young,1.0,4.0,7.0,Obese,Fair,0.0,76,76,0,0.0
Young,1.0,4.0,7.0,Obese,Fair,2.0,1,2,1,100.0
Young,1.0,4.0,7.0,Obese,Good,0.0,70,71,1,1.43
Young,1.0,4.0,7.0,Obese,Good,1.0,1,0,-1,100.0
Young,1.0,4.0,7.0,Obese,Good,2.0,1,0,-1,100.0
Young,1.0,4.0,7.0,Obese,Poor,0.0,20,22,2,10.0
Young,1.0,4.0,7.0,Obese,Poor,2.0,2,2,0,0.0
Young,1.0,4.0,7.0,Overweight,Fair,0.0,46,46,0,0.0
Young,1.0,4.0,7.0,Overweight,Good,0.0,113,114,1,0.88
Young,1.0,4.0,7.0,Overweight,Poor,0.0,8,8,0,0.0
Young,1.0,4.0,8.0,Normal,Fair,0.0,38,40,2,5.26
Young,1.0,4.0,8.0,Normal,Fair,2.0,1,1,0,0.0
Young,1.0,4.0,8.0,Normal,Good,0.0,150,150,0,0.0
Young,1.0,4.0,8.0,Normal,Good,2.0,1,1,0,0.0
Young,1.0,4.0,8.0,Normal,Poor,0.0,6,6,0,0.0
Young,1.0,4.0,8.0,Normal,Poor,2.0,2,2,0,0.0
Young,1.0,4.0,8.0,Obese,Fair,0.0,65,64,-1,1.54
Young,1.0,4.0,8.0,Obese,Fair,2.0,2,1,-1,50.0
Young,1.0,4.0,8.0,Obese,Good,0.0,84,84,0,0.0
Young,1.0,4.0,8.0,Obese,Good,2.0,2,3,1,50.0
Young,1.0,4.0,8.0,Obese,Poor,0.0,11,11,0,0.0
Young,1.0,4.0,8.0,Overweight,Fair,0.0,52,53,1,1.92
Young,1.0,4.0,8.0,Overweight,Good,0.0,152,152,0,0.0
Young,1.0,4.0,8.0,Overweight,Good,2.0,3,2,-1,33.33
Young,1.0,4.0,8.0,Overweight,Poor,0.0,14,15,1,7.14
Young,1.0,4.0,8.0,Underweight,Fair,0.0,5,8,3,60.0
Young,1.0,4.0,8.0,Underweight,Good,0.0,8,8,0,0.0
Young,1.0,4.0,8.0,Underweight,Good,2.0,1,0,-1,100.0
Young,1.0,5.0,1.0,Normal,Fair,0.0,18,19,1,5.56
Young,1.0,5.0,1.0,Normal,Fair,1.0,1,5,4,400.0
Young,1.0,5.0,1.0,Normal,Good,0.0,47,48,1,2.13
Young,1.0,5.0,1.0,Normal,Poor,0.0,7,7,0,0.0
Young,1.0,5.0,1.0,Obese,Fair,0.0,17,17,0,0.0
Young,1.0,5.0,1.0,Obese,Fair,2.0,1,0,-1,100.0
Young,1.0,5.0,1.0,Obese,Good,0.0,16,16,0,0.0
Young,1.0,5.0,1.0,Obese,Poor,0.0,9,9,0,0.0
Young,1.0,5.0,1.0,Obese,Poor,2.0,1,1,0,0.0
Young,1.0,5.0,1.0,Overweight,Fair,0.0,16,15,-1,6.25
Young,1.0,5.0,1.0,Overweight,Good,0.0,28,27,-1,3.57
Young,1.0,5.0,1.0,Overweight,Good,2.0,1,1,0,0.0
Young,1.0,5.0,2.0,Any,Poor,0.0,5,3,-2,40.0
Young,1.0,5.0,2.0,Normal,Fair,0.0,13,13,0,0.0
Young,1.0,5.0,2.0,Normal,Good,0.0,28,27,-1,3.57
Young,1.0,5.0,2.0,Obese,Fair,0.0,22,21,-1,4.55
Young,1.0,5.0,2.0,Obese,Good,0.0,11,11,0,0.0
Young,1.0,5.0,2.0,Obese,Poor,0.0,12,12,0,0.0
Young,1.0,5.0,2.0,Overweight,Fair,0.0,7,7,0,0.0
Young,1.0,5.0,2.0,Overweight,Good,0.0,23,21,-2,8.7
Young,1.0,5.0,3.0,Normal,Fair,0.0,15,15,0,0.0
Young,1.0,5.0,3.0,Normal,Fair,2.0,1,1,0,0.0
Young,1.0,5.0,3.0,Normal,Good,0.0,63,62,-1,1.59
Young,1.0,5.0,3.0,Normal,Poor,0.0,7,7,0,0.0
Young,1.0,5.0,3.0,Obese,Fair,0.0,35,33,-2,5.71
Young,1.0,5.0,3.0,Obese,Fair,1.0,1,2,1,100.0
Young,1.0,5.0,3.0,Obese,Fair,2.0,1,1,0,0.0
Young,1.0,5.0,3.0,Obese,Good,0.0,30,30,0,0.0
Young,1.0,5.0,3.0,Obese,Poor,0.0,15,11,-4,26.67
Young,1.0,5.0,3.0,Obese,Poor,2.0,1,1,0,0.0
Young,1.0,5.0,3.0,Overweight,Fair,0.0,20,22,2,10.0
Young,1.0,5.0,3.0,Overweight,Good,0.0,39,40,1,2.56
Young,1.0,5.0,3.0,Overweight,Good,1.0,1,1,0,0.0
Young,1.0,5.0,3.0,Overweight,Poor,0.0,4,5,1,25.0
Young,1.0,5.0,3.0,Overweight,Poor,2.0,1,1,0,0.0
Young,1.0,5.0,4.0,Normal,Fair,0.0,20,19,-1,5.0
Young,1.0,5.0,4.0,Normal,Good,0.0,66,64,-2,3.03
Young,1.0,5.0,4.0,Normal,Good,2.0,1,1,0,0.0
Young,1.0,5.0,4.0,Normal,Poor,0.0,7,8,1,14.29
Young,1.0,5.0,4.0,Obese,Fair,0.0,33,33,0,0.0
Young,1.0,5.0,4.0,Obese,Good,0.0,33,33,0,0.0
Young,1.0,5.0,4.0,Obese,Poor,0.0,11,11,0,0.0
Young,1.0,5.0,4.0,Overweight,Fair,0.0,30,29,-1,3.33
Young,1.0,5.0,4.0,Overweight,Fair,2.0,1,0,-1,100.0
Young,1.0,5.0,4.0,Overweight,Good,0.0,52,53,1,1.92
Young,1.0,5.0,4.0,Overweight,Poor,0.0,7,8,1,14.29
Young,1.0,5.0,4.0,Overweight,Poor,2.0,1,2,1,100.0
Young,1.0,5.0,5.0,Normal,Fair,0.0,22,20,-2,9.09
Young,1.0,5.0,5.0,Normal,Fair,2.0,1,0,-1,100.0
Young,1.0,5.0,5.0,Normal,Good,0.0,97,97,0,0.0
Young,1.0,5.0,5.0,Normal,Poor,0.0,7,5,-2,28.57
Young,1.0,5.0,5.0,Obese,Fair,0.0,56,56,0,0.0
Young,1.0,5.0,5.0,Obese,Good,0.0,63,61,-2,3.17
Young,1.0,5.0,5.0,Obese,Good,2.0,2,2,0,0.0
Young,1.0,5.0,5.0,Obese,Poor,0.0,15,16,1,6.67
Young,1.0,5.0,5.0,Obese,Poor,2.0,3,4,1,33.33
Young,1.0,5.0,5.0,Overweight,Fair,0.0,41,43,2,4.88
Young,1.0,5.0,5.0,Overweight,Good,0.0,88,88,0,0.0
Young,1.0,5.0,5.0,Overweight,Good,2.0,1,1,0,0.0
Young,1.0,5.0,5.0,Overweight,Poor,0.0,16,17,1,6.25
Young,1.0,5.0,6.0,Normal,Fair,0.0,42,44,2,4.76
Young,1.0,5.0,6.0,Normal,Good,0.0,128,130,2,1.56
Young,1.0,5.0,6.0,Normal,Good,2.0,1,1,0,0.0
Young,1.0,5.0,6.0,Normal,Poor,0.0,8,10,2,25.0
Young,1.0,5.0,6.0,Obese,Fair,0.0,70,70,0,0.0
Young,1.0,5.0,6.0,Obese,Fair,2.0,1,2,1,100.0
Young,1.0,5.0,6.0,Obese,Good,0.0,90,91,1,1.11
Young,1.0,5.0,6.0,Obese,Good,2.0,6,6,0,0.0
Young,1.0,5.0,6.0,Obese,Poor,0.0,19,18,-1,5.26
Young,1.0,5.0,6.0,Obese,Poor,2.0,2,1,-1,50.0
Young,1.0,5.0,6.0,Overweight,Fair,0.0,59,59,0,0.0
Young,1.0,5.0,6.0,Overweight,Fair,2.0,2,2,0,0.0
Young,1.0,5.0,6.0,Overweight,Good,0.0,173,175,2,1.16
Young,1.0,5.0,6.0,Overweight,Good,2.0,1,1,0,0.0
Young,1.0,5.0,6.0,Overweight,Poor,0.0,13,16,3,23.08
Young,1.0,5.0,6.0,Underweight,Good,0.0,7,8,1,14.29
Young,1.0,5.0,7.0,Normal,Fair,0.0,37,42,5,13.51
Young,1.0,5.0,7.0,Normal,Fair,2.0,1,0,-1,100.0
Young,1.0,5.0,7.0,Normal,Good,0.0,134,133,-1,0.75
Young,1.0,5.0,7.0,Normal,Good,1.0,1,3,2,200.0
Young,1.0,5.0,7.0,Normal,Good,2.0,1,4,3,300.0
Young,1.0,5.0,7.0,Normal,Poor,0.0,6,6,0,0.0
Young,1.0,5.0,7.0,Obese,Fair,0.0,93,92,-1,1.08
Young,1.0,5.0,7.0,Obese,Fair,2.0,4,2,-2,50.0
Young,1.0,5.0,7.0,Obese,Good,0.0,128,128,0,0.0
Young,1.0,5.0,7.0,Obese,Good,1.0,2,2,0,0.0
Young,1.0,5.0,7.0,Obese,Good,2.0,2,2,0,0.0
Young,1.0,5.0,7.0,Obese,Poor,0.0,10,7,-3,30.0
Young,1.0,5.0,7.0,Obese,Poor,1.0,1,1,0,0.0
Young,1.0,5.0,7.0,Obese,Poor,2.0,2,1,-1,50.0
Young,1.0,5.0,7.0,Overweight,Fair,0.0,54,51,-3,5.56
Young,1.0,5.0,7.0,Overweight,Fair,2.0,1,3,2,200.0
Young,1.0,5.0,7.0,Overweight,Good,0.0,180,182,2,1.11
Young,1.0,5.0,7.0,Overweight,Good,2.0,3,3,0,0.0
Young,1.0,5.0,7.0,Overweight,Poor,0.0,12,12,0,0.0
Young,1.0,5.0,8.0,Normal,Fair,0.0,48,50,2,4.17
Young,1.0,5.0,8.0,Normal,Good,0.0,265,266,1,0.38
Young,1.0,5.0,8.0,Normal,Good,2.0,3,2,-1,33.33
Young,1.0,5.0,8.0,Normal,Poor,0.0,12,14,2,16.67
Young,1.0,5.0,8.0,Normal,Poor,2.0,2,2,0,0.0
Young,1.0,5.0,8.0,Obese,Fair,0.0,96,91,-5,5.21
Young,1.0,5.0,8.0,Obese,Fair,1.0,1,2,1,100.0
Young,1.0,5.0,8.0,Obese,Fair,2.0,2,6,4,200.0
Young,1.0,5.0,8.0,Obese,Good,0.0,186,185,-1,0.54
Young,1.0,5.0,8.0,Obese,Good,1.0,3,5,2,66.67
Young,1.0,5.0,8.0,Obese,Good,2.0,1,0,-1,100.0
Young,1.0,5.0,8.0,Obese,Poor,0.0,18,19,1,5.56
Young,1.0,5.0,8.0,Obese,Poor,1.0,2,1,-1,50.0
Young,1.0,5.0,8.0,Obese,Poor,2.0,1,0,-1,100.0
Young,1.0,5.0,8.0,Overweight,Fair,0.0,76,73,-3,3.95
Young,1.0,5.0,8.0,Overweight,Fair,2.0,1,0,-1,100.0
Young,1.0,5.0,8.0,Overweight,Good,0.0,304,301,-3,0.99
Young,1.0,5.0,8.0,Overweight,Good,2.0,4,6,2,50.0
Young,1.0,5.0,8.0,Overweight,Poor,0.0,12,12,0,0.0
Young,1.0,5.0,8.0,Overweight,Poor,2.0,1,0,-1,100.0
Young,1.0,5.0,8.0,Underweight,Good,0.0,5,5,0,0.0
Young,1.0,6.0,1.0,Any,Fair,0.0,8,8,0,0.0
Young,1.0,6.0,1.0,Normal,Good,0.0,27,27,0,0.0
Young,1.0,6.0,1.0,Obese,Good,0.0,10,10,0,0.0
Young,1.0,6.0,1.0,Overweight,Fair,0.0,9,9,0,0.0
Young,1.0,6.0,1.0,Overweight,Good,0.0,23,23,0,0.0
Young,1.0,6.0,1.0,Overweight-Range,Poor,0.0,4,5,1,25.0
Young,1.0,6.0,1.0,Overweight-Range,Poor,2.0,1,0,-1,100.0
Young,1.0,6.0,2.0,Normal,Fair,0.0,7,6,-1,14.29
Young,1.0,6.0,2.0,Normal,Good,0.0,14,15,1,7.14
Young,1.0,6.0,2.0,Obese,Good,0.0,8,8,0,0.0
Young,1.0,6.0,2.0,Overweight,Good,0.0,17,16,-1,5.88
Young,1.0,6.0,2.0,Overweight-Range,Fair,0.0,6,8,2,33.33
Young,1.0,6.0,2.0,Overweight-Range,Poor,0.0,4,3,-1,25.0
Young,1.0,6.0,2.0,Overweight-Range,Poor,2.0,2,1,-1,50.0
Young,1.0,6.0,3.0,Any,Poor,0.0,6,6,0,0.0
Young,1.0,6.0,3.0,Normal,Fair,0.0,12,12,0,0.0
Young,1.0,6.0,3.0,Normal,Good,0.0,35,34,-1,2.86
Young,1.0,6.0,3.0,Obese,Fair,0.0,8,8,0,0.0
Young,1.0,6.0,3.0,Obese,Fair,2.0,1,0,-1,100.0
Young,1.0,6.0,3.0,Obese,Good,0.0,17,16,-1,5.88
Young,1.0,6.0,3.0,Overweight,Fair,0.0,8,8,0,0.0
Young,1.0,6.0,3.0,Overweight,Good,0.0,36,36,0,0.0
Young,1.0,6.0,3.0,Overweight,Poor,0.0,4,4,0,0.0
Young,1.0,6.0,3.0,Overweight,Poor,2.0,1,0,-1,100.0
Young,1.0,6.0,4.0,Normal,Fair,0.0,14,13,-1,7.14
Young,1.0,6.0,4.0,Normal,Fair,1.0,1,2,1,100.0
Young,1.0,6.0,4.0,Normal,Good,0.0,48,48,0,0.0
Young,1.0,6.0,4.0,Obese,Fair,0.0,26,26,0,0.0
Young,1.0,6.0,4.0,Obese,Fair,1.0,1,2,1,100.0
Young,1.0,6.0,4.0,Obese,Fair,2.0,1,1,0,0.0
Young,1.0,6.0,4.0,Obese,Good,0.0,21,23,2,9.52
Young,1.0,6.0,4.0,Obese,Good,2.0,1,1,0,0.0
Young,1.0,6.0,4.0,Obese,Poor,0.0,4,6,2,50.0
Young,1.0,6.0,4.0,Obese,Poor,2.0,2,4,2,100.0
Young,1.0,6.0,4.0,Overweight,Fair,0.0,15,16,1,6.67
Young,1.0,6.0,4.0,Overweight,Good,0.0,42,43,1,2.38
Young,1.0,6.0,5.0,Normal,Fair,0.0,24,24,0,0.0
Young,1.0,6.0,5.0,Normal,Fair,2.0,1,3,2,200.0
Young,1.0,6.0,5.0,Normal,Good,0.0,84,85,1,1.19
Young,1.0,6.0,5.0,Normal,Poor,0.0,5,3,-2,40.0
Young,1.0,6.0,5.0,Normal,Poor,1.0,1,1,0,0.0
Young,1.0,6.0,5.0,Obese,Fair,0.0,30,30,0,0.0
Young,1.0,6.0,5.0,Obese,Fair,2.0,1,2,1,100.0
Young,1.0,6.0,5.0,Obese,Good,0.0,43,42,-1,2.33
Young,1.0,6.0,5.0,Obese,Good,2.0,1,1,0,0.0
Young,1.0,6.0,5.0,Obese,Poor,0.0,10,11,1,10.0
Young,1.0,6.0,5.0,Overweight,Fair,0.0,32,33,1,3.12
Young,1.0,6.0,5.0,Overweight,Fair,1.0,1,1,0,0.0
Young,1.0,6.0,5.0,Overweight,Good,0.0,64,64,0,0.0
Young,1.0,6.0,5.0,Overweight,Good,2.0,1,0,-1,100.0
Young,1.0,6.0,5.0,Overweight,Poor,0.0,5,5,0,0.0
Young,1.0,6.0,5.0,Overweight,Poor,2.0,1,1,0,0.0
Young,1.0,6.0,6.0,Normal,Fair,0.0,35,36,1,2.86
Young,1.0,6.0,6.0,Normal,Fair,2.0,2,2,0,0.0
Young,1.0,6.0,6.0,Normal,Good,0.0,162,163,1,0.62
Young,1.0,6.0,6.0,Normal,Good,1.0,1,0,-1,100.0
Young,1.0,6.0,6.0,Normal,Poor,0.0,10,8,-2,20.0
Young,1.0,6.0,6.0,Normal,Poor,2.0,1,1,0,0.0
Young,1.0,6.0,6.0,Obese,Fair,0.0,63,66,3,4.76
Young,1.0,6.0,6.0,Obese,Fair,2.0,1,0,-1,100.0
Young,1.0,6.0,6.0,Obese,Good,0.0,95,97,2,2.11
Young,1.0,6.0,6.0,Obese,Poor,0.0,9,8,-1,11.11
Young,1.0,6.0,6.0,Obese,Poor,2.0,2,2,0,0.0
Young,1.0,6.0,6.0,Overweight,Fair,0.0,64,64,0,0.0
Young,1.0,6.0,6.0,Overweight,Fair,2.0,1,1,0,0.0
Young,1.0,6.0,6.0,Overweight,Good,0.0,191,190,-1,0.52
Young,1.0,6.0,6.0,Overweight,Good,1.0,1,1,0,0.0
Young,1.0,6.0,6.0,Overweight,Good,2.0,4,1,-3,75.0
Young,1.0,6.0,6.0,Overweight,Poor,0.0,11,11,0,0.0
Young,1.0,6.0,7.0,Normal,Fair,0.0,43,41,-2,4.65
Young,1.0,6.0,7.0,Normal,Fair,2.0,2,2,0,0.0
Young,1.0,6.0,7.0,Normal,Good,0.0,292,293,1,0.34
Young,1.0,6.0,7.0,Normal,Good,2.0,2,3,1,50.0
Young,1.0,6.0,7.0,Normal,Poor,0.0,9,10,1,11.11
Young,1.0,6.0,7.0,Normal,Poor,2.0,1,1,0,0.0
Young,1.0,6.0,7.0,Obese,Fair,0.0,75,74,-1,1.33
Young,1.0,6.0,7.0,Obese,Fair,1.0,1,0,-1,100.0
Young,1.0,6.0,7.0,Obese,Fair,2.0,5,7,2,40.0
Young,1.0,6.0,7.0,Obese,Good,0.0,146,146,0,0.0
Young,1.0,6.0,7.0,Obese,Good,2.0,2,1,-1,50.0
Young,1.0,6.0,7.0,Obese,Poor,0.0,14,14,0,0.0
Young,1.0,6.0,7.0,Obese,Poor,2.0,1,1,0,0.0
Young,1.0,6.0,7.0,Overweight,Fair,0.0,83,83,0,0.0
Young,1.0,6.0,7.0,Overweight,Fair,2.0,1,1,0,0.0
Young,1.0,6.0,7.0,Overweight,Good,0.0,335,334,-1,0.3
Young,1.0,6.0,7.0,Overweight,Good,2.0,1,1,0,0.0
Young,1.0,6.0,7.0,Overweight,Poor,0.0,7,7,0,0.0
Young,1.0,6.0,7.0,Overweight,Poor,2.0,2,1,-1,50.0
Young,1.0,6.0,7.0,Underweight,Good,0.0,7,6,-1,14.29
Young,1.0,6.0,8.0,Normal,Fair,0.0,109,109,0,0.0
Young,1.0,6.0,8.0,Normal,Fair,1.0,1,3,2,200.0
Young,1.0,6.0,8.0,Normal,Fair,2.0,2,2,0,0.0
Young,1.0,6.0,8.0,Normal,Good,0.0,684,685,1,0.15
Young,1.0,6.0,8.0,Normal,Good,2.0,8,8,0,0.0
Young,1.0,6.0,8.0,Normal,Poor,0.0,9,10,1,11.11
Young,1.0,6.0,8.0,Obese,Fair,0.0,171,170,-1,0.58
Young,1.0,6.0,8.0,Obese,Fair,1.0,1,0,-1,100.0
Young,1.0,6.0,8.0,Obese,Fair,2.0,3,3,0,0.0
Young,1.0,6.0,8.0,Obese,Good,0.0,357,357,0,0.0
Young,1.0,6.0,8.0,Obese,Good,1.0,1,5,4,400.0
Young,1.0,6.0,8.0,Obese,Good,2.0,2,2,0,0.0
Young,1.0,6.0,8.0,Obese,Poor,0.0,35,35,0,0.0
Young,1.0,6.0,8.0,Obese,Poor,1.0,1,0,-1,100.0
Young,1.0,6.0,8.0,Obese,Poor,2.0,3,3,0,0.0
Young,1.0,6.0,8.0,Overweight,Fair,0.0,150,151,1,0.67
Young,1.0,6.0,8.0,Overweight,Fair,2.0,1,1,0,0.0
Young,1.0,6.0,8.0,Overweight,Good,0.0,818,823,5,0.61
Young,1.0,6.0,8.0,Overweight,Good,2.0,7,7,0,0.0
Young,1.0,6.0,8.0,Overweight,Poor,0.0,18,20,2,11.11
Young,1.0,6.0,8.0,Overweight,Poor,2.0,1,0,-1,100.0
Young,1.0,6.0,8.0,Underweight,Fair,0.0,4,2,-2,50.0
Young,1.0,6.0,8.0,Underweight,Fair,2.0,1,1,0,0.0
Young,1.0,6.0,8.0,Underweight,Good,0.0,13,13,0,0.0
Young-Adult,0.0,1.0,3.0,Any,Fair,0.0,5,4,-1,20.0
Young-Adult,0.0,2.0,1.0,Any,Good,0.0,5,5,0,0.0
Young-Adult,0.0,2.0,2.0,Any,Fair,0.0,5,5,0,0.0
Young-Adult,0.0,2.0,3.0,Any,Poor,0.0,3,3,0,0.0
Young-Adult,0.0,2.0,3.0,Any,Poor,2.0,2,1,-1,50.0
Young-Adult,0.0,2.0,8.0,Any,Good,0.0,4,5,1,25.0
Young-Adult,0.0,2.0,8.0,Any,Good,2.0,1,0,-1,100.0
Young-Adult,0.0,3.0,2.0,Any,Fair,0.0,5,3,-2,40.0
Young-Adult,0.0,3.0,2.0,Any,Poor,0.0,5,5,0,0.0
Young-Adult,0.0,3.0,2.0,Any,Poor,2.0,1,1,0,0.0
Young-Adult,0.0,3.0,3.0,Any,Poor,0.0,5,6,1,20.0
Young-Adult,0.0,3.0,5.0,Any,Fair,0.0,5,5,0,0.0
Young-Adult,0.0,4.0,1.0,Any,Poor,0.0,6,6,0,0.0
Young-Adult,0.0,4.0,2.0,Any,Fair,0.0,5,6,1,20.0
Young-Adult,0.0,4.0,3.0,Any,Fair,0.0,7,9,2,28.57
Young-Adult,0.0,4.0,4.0,Any,Fair,0.0,7,6,-1,14.29
Young-Adult,0.0,4.0,5.0,Any,Fair,0.0,6,6,0,0.0
Young-Adult,0.0,4.0,5.0,Any,Good,0.0,7,7,0,0.0
Young-Adult,0.0,4.0,6.0,Any,Poor,0.0,5,1,-4,80.0
Young-Adult,0.0,4.0,6.0,Any,Poor,1.0,1,0,-1,100.0
Young-Adult,0.0,5.0,1.0,Any,Fair,0.0,6,2,-4,66.67
Young-Adult,0.0,5.0,1.0,Any,Good,0.0,6,6,0,0.0
Young-Adult,0.0,5.0,2.0,Any,Good,0.0,5,9,4,80.0
Young-Adult,0.0,5.0,2.0,Any,Poor,0.0,4,5,1,25.0
Young-Adult,0.0,5.0,2.0,Any,Poor,1.0,1,0,-1,100.0
Young-Adult,0.0,5.0,3.0,Any,Good,0.0,7,8,1,14.29
Young-Adult,0.0,5.0,4.0,Any,Poor,0.0,5,5,0,0.0
Young-Adult,0.0,5.0,5.0,Any,Fair,0.0,3,6,3,100.0
Young-Adult,0.0,5.0,5.0,Any,Fair,1.0,1,0,-1,100.0
Young-Adult,0.0,5.0,5.0,Any,Fair,2.0,1,0,-1,100.0
Young-Adult,0.0,5.0,8.0,Any,Poor,0.0,5,7,2,40.0
Young-Adult,0.0,6.0,1.0,Any,Poor,0.0,5,5,0,0.0
Young-Adult,0.0,6.0,1.0,Any,Poor,2.0,3,7,4,133.33
Young-Adult,0.0,6.0,2.0,Any,Fair,0.0,5,5,0,0.0
Young-Adult,0.0,6.0,2.0,Any,Good,0.0,5,5,0,0.0
Young-Adult,0.0,6.0,2.0,Any,Poor,0.0,7,6,-1,14.29
Young-Adult,0.0,6.0,2.0,Any,Poor,2.0,1,0,-1,100.0
Young-Adult,0.0,6.0,3.0,Any,Poor,0.0,3,3,0,0.0
Young-Adult,0.0,6.0,3.0,Any,Poor,2.0,2,2,0,0.0
Young-Adult,0.0,6.0,4.0,Any,Fair,0.0,4,1,-3,75.0
Young-Adult,0.0,6.0,4.0,Any,Fair,2.0,1,1,0,0.0
Young-Adult,0.0,6.0,5.0,Any,Poor,0.0,5,3,-2,40.0
Young-Adult,0.0,6.0,7.0,Any,Fair,0.0,7,7,0,0.0
Young-Adult,1.0,2.0,1.0,Any,Good,0.0,5,5,0,0.0
Young-Adult,1.0,2.0,5.0,Any,Poor,0.0,5,4,-1,20.0
Young-Adult,1.0,2.0,6.0,Any,Good,0.0,5,4,-1,20.0
Young-Adult,1.0,3.0,1.0,Any,Good,0.0,7,10,3,42.86
Young-Adult,1.0,3.0,1.0,Any,Good,2.0,1,0,-1,100.0
Young-Adult,1.0,3.0,2.0,Any,Fair,0.0,6,6,0,0.0
Young-Adult,1.0,3.0,2.0,Any,Fair,2.0,1,2,1,100.0
Young-Adult,1.0,3.0,6.0,Any,Poor,0.0,6,6,0,0.0
Young-Adult,1.0,3.0,6.0,Any,Poor,2.0,1,0,-1,100.0
Young-Adult,1.0,3.0,7.0,Any,Poor,0.0,3,4,1,33.33
Young-Adult,1.0,3.0,7.0,Any,Poor,2.0,2,3,1,50.0
Young-Adult,1.0,3.0,8.0,Any,Poor,0.0,6,9,3,50.0
Young-Adult,1.0,3.0,8.0,Any,Poor,2.0,1,0,-1,100.0
Young-Adult,1.0,4.0,1.0,Any,Poor,0.0,4,4,0,0.0
Young-Adult,1.0,4.0,1.0,Any,Poor,1.0,1,0,-1,100.0
Young-Adult,1.0,4.0,1.0,Any,Poor,2.0,1,1,0,0.0
Young-Adult,1.0,4.0,2.0,Any,Poor,0.0,7,6,-1,14.29
Young-Adult,1.0,4.0,4.0,Any,Good,0.0,5,5,0,0.0
Young-Adult,1.0,4.0,5.0,Any,Fair,0.0,5,4,-1,20.0
Young-Adult,1.0,4.0,6.0,Any,Fair,0.0,6,6,0,0.0
Young-Adult,1.0,4.0,6.0,Any,Good,0.0,5,5,0,0.0
Young-Adult,1.0,5.0,3.0,Any,Good,0.0,5,5,0,0.0
Young-Adult,1.0,5.0,7.0,Any,Fair,0.0,5,5,0,0.0
Young-Adult,1.0,5.0,7.0,Any,Good,0.0,5,7,2,40.0
Young-Adult,1.0,6.0,4.0,Any,Poor,0.0,5,5,0,0.0
Young-Adult,1.0,6.0,6.0,Any,Good,0.0,7,9,2,28.57
Young-Adult,1.0,6.0,7.0,Any,Fair,0.0,5,3,-2,40.0
